审计批次,规则版本,规则指纹,清单指纹,资产编号,候选标的范围,断档状态,预期频率,事件时间字段,断档数,断档范围,原因,解除条件
audit-20260728T233014+0800,dq-rules-1.0,0785f82072926b5a6d997122eb58cc200a6fa871125f050c2a4ab94d5d6d9ba5,019010d64fe47d89c81bfaedafd458f1d886025bb34292c0c32eafcfa4392657,DS-000001,未限定,无法判定,未提供正式频率合同,orders.close_time、orders.open_time、strategy_decision_events.event_time,无法判定,无法判定,事件时间语义、时区或预期频率未形成可验证合同,冻结事件时间字段、时区、边界规则和预期频率后创建新审计批次
audit-20260728T233014+0800,dq-rules-1.0,0785f82072926b5a6d997122eb58cc200a6fa871125f050c2a4ab94d5d6d9ba5,019010d64fe47d89c81bfaedafd458f1d886025bb34292c0c32eafcfa4392657,DS-000002,未限定,无法判定,未提供正式频率合同,无已证明字段,无法判定,无法判定,事件时间语义、时区或预期频率未形成可验证合同,冻结事件时间字段、时区、边界规则和预期频率后创建新审计批次
audit-20260728T233014+0800,dq-rules-1.0,0785f82072926b5a6d997122eb58cc200a6fa871125f050c2a4ab94d5d6d9ba5,019010d64fe47d89c81bfaedafd458f1d886025bb34292c0c32eafcfa4392657,DS-000003,未限定,无法判定,未提供正式频率合同,无已证明字段,无法判定,无法判定,事件时间语义、时区或预期频率未形成可验证合同,冻结事件时间字段、时区、边界规则和预期频率后创建新审计批次
audit-20260728T233014+0800,dq-rules-1.0,0785f82072926b5a6d997122eb58cc200a6fa871125f050c2a4ab94d5d6d9ba5,019010d64fe47d89c81bfaedafd458f1d886025bb34292c0c32eafcfa4392657,DS-000004,未限定,无法判定,未提供正式频率合同,无已证明字段,无法判定,无法判定,事件时间语义、时区或预期频率未形成可验证合同,冻结事件时间字段、时区、边界规则和预期频率后创建新审计批次
audit-20260728T233014+0800,dq-rules-1.0,0785f82072926b5a6d997122eb58cc200a6fa871125f050c2a4ab94d5d6d9ba5,019010d64fe47d89c81bfaedafd458f1d886025bb34292c0c32eafcfa4392657,DS-000005,未限定,无法判定,未提供正式频率合同,无已证明字段,无法判定,无法判定,事件时间语义、时区或预期频率未形成可验证合同,冻结事件时间字段、时区、边界规则和预期频率后创建新审计批次
audit-20260728T233014+0800,dq-rules-1.0,0785f82072926b5a6d997122eb58cc200a6fa871125f050c2a4ab94d5d6d9ba5,019010d64fe47d89c81bfaedafd458f1d886025bb34292c0c32eafcfa4392657,DS-000006,未限定,无法判定,未提供正式频率合同,无已证明字段,无法判定,无法判定,事件时间语义、时区或预期频率未形成可验证合同,冻结事件时间字段、时区、边界规则和预期频率后创建新审计批次
audit-20260728T233014+0800,dq-rules-1.0,0785f82072926b5a6d997122eb58cc200a6fa871125f050c2a4ab94d5d6d9ba5,019010d64fe47d89c81bfaedafd458f1d886025bb34292c0c32eafcfa4392657,DS-000007,未限定,无法判定,未提供正式频率合同,无已证明字段,无法判定,无法判定,事件时间语义、时区或预期频率未形成可验证合同,冻结事件时间字段、时区、边界规则和预期频率后创建新审计批次
audit-20260728T233014+0800,dq-rules-1.0,0785f82072926b5a6d997122eb58cc200a6fa871125f050c2a4ab94d5d6d9ba5,019010d64fe47d89c81bfaedafd458f1d886025bb34292c0c32eafcfa4392657,DS-000008,未限定,无法判定,未提供正式频率合同,无已证明字段,无法判定,无法判定,事件时间语义、时区或预期频率未形成可验证合同,冻结事件时间字段、时区、边界规则和预期频率后创建新审计批次
audit-20260728T233014+0800,dq-rules-1.0,0785f82072926b5a6d997122eb58cc200a6fa871125f050c2a4ab94d5d6d9ba5,019010d64fe47d89c81bfaedafd458f1d886025bb34292c0c32eafcfa4392657,DS-000009,未限定,无法判定,未提供正式频率合同,无已证明字段,无法判定,无法判定,事件时间语义、时区或预期频率未形成可验证合同,冻结事件时间字段、时区、边界规则和预期频率后创建新审计批次
audit-20260728T233014+0800,dq-rules-1.0,0785f82072926b5a6d997122eb58cc200a6fa871125f050c2a4ab94d5d6d9ba5,019010d64fe47d89c81bfaedafd458f1d886025bb34292c0c32eafcfa4392657,DS-000010,未限定,无法判定,未提供正式频率合同,无已证明字段,无法判定,无法判定,事件时间语义、时区或预期频率未形成可验证合同,冻结事件时间字段、时区、边界规则和预期频率后创建新审计批次
audit-20260728T233014+0800,dq-rules-1.0,0785f82072926b5a6d997122eb58cc200a6fa871125f050c2a4ab94d5d6d9ba5,019010d64fe47d89c81bfaedafd458f1d886025bb34292c0c32eafcfa4392657,DS-000011,未限定,无法判定,未提供正式频率合同,无已证明字段,无法判定,无法判定,事件时间语义、时区或预期频率未形成可验证合同,冻结事件时间字段、时区、边界规则和预期频率后创建新审计批次
audit-20260728T233014+0800,dq-rules-1.0,0785f82072926b5a6d997122eb58cc200a6fa871125f050c2a4ab94d5d6d9ba5,019010d64fe47d89c81bfaedafd458f1d886025bb34292c0c32eafcfa4392657,DS-000012,未限定,无法判定,未提供正式频率合同,无已证明字段,无法判定,无法判定,事件时间语义、时区或预期频率未形成可验证合同,冻结事件时间字段、时区、边界规则和预期频率后创建新审计批次
audit-20260728T233014+0800,dq-rules-1.0,0785f82072926b5a6d997122eb58cc200a6fa871125f050c2a4ab94d5d6d9ba5,019010d64fe47d89c81bfaedafd458f1d886025bb34292c0c32eafcfa4392657,DS-000013,未限定,无法判定,未提供正式频率合同,无已证明字段,无法判定,无法判定,事件时间语义、时区或预期频率未形成可验证合同,冻结事件时间字段、时区、边界规则和预期频率后创建新审计批次
audit-20260728T233014+0800,dq-rules-1.0,0785f82072926b5a6d997122eb58cc200a6fa871125f050c2a4ab94d5d6d9ba5,019010d64fe47d89c81bfaedafd458f1d886025bb34292c0c32eafcfa4392657,DS-000014,未限定,无法判定,未提供正式频率合同,无已证明字段,无法判定,无法判定,事件时间语义、时区或预期频率未形成可验证合同,冻结事件时间字段、时区、边界规则和预期频率后创建新审计批次
audit-20260728T233014+0800,dq-rules-1.0,0785f82072926b5a6d997122eb58cc200a6fa871125f050c2a4ab94d5d6d9ba5,019010d64fe47d89c81bfaedafd458f1d886025bb34292c0c32eafcfa4392657,DS-000015,未限定,无法判定,未提供正式频率合同,无已证明字段,无法判定,无法判定,事件时间语义、时区或预期频率未形成可验证合同,冻结事件时间字段、时区、边界规则和预期频率后创建新审计批次
audit-20260728T233014+0800,dq-rules-1.0,0785f82072926b5a6d997122eb58cc200a6fa871125f050c2a4ab94d5d6d9ba5,019010d64fe47d89c81bfaedafd458f1d886025bb34292c0c32eafcfa4392657,DS-000016,未限定,无法判定,未提供正式频率合同,无已证明字段,无法判定,无法判定,事件时间语义、时区或预期频率未形成可验证合同,冻结事件时间字段、时区、边界规则和预期频率后创建新审计批次
audit-20260728T233014+0800,dq-rules-1.0,0785f82072926b5a6d997122eb58cc200a6fa871125f050c2a4ab94d5d6d9ba5,019010d64fe47d89c81bfaedafd458f1d886025bb34292c0c32eafcfa4392657,DS-000017,未限定,无法判定,未提供正式频率合同,无已证明字段,无法判定,无法判定,事件时间语义、时区或预期频率未形成可验证合同,冻结事件时间字段、时区、边界规则和预期频率后创建新审计批次
audit-20260728T233014+0800,dq-rules-1.0,0785f82072926b5a6d997122eb58cc200a6fa871125f050c2a4ab94d5d6d9ba5,019010d64fe47d89c81bfaedafd458f1d886025bb34292c0c32eafcfa4392657,DS-000018,未限定,无法判定,未提供正式频率合同,无已证明字段,无法判定,无法判定,事件时间语义、时区或预期频率未形成可验证合同,冻结事件时间字段、时区、边界规则和预期频率后创建新审计批次
audit-20260728T233014+0800,dq-rules-1.0,0785f82072926b5a6d997122eb58cc200a6fa871125f050c2a4ab94d5d6d9ba5,019010d64fe47d89c81bfaedafd458f1d886025bb34292c0c32eafcfa4392657,DS-000019,未限定,无法判定,未提供正式频率合同,无已证明字段,无法判定,无法判定,事件时间语义、时区或预期频率未形成可验证合同,冻结事件时间字段、时区、边界规则和预期频率后创建新审计批次
audit-20260728T233014+0800,dq-rules-1.0,0785f82072926b5a6d997122eb58cc200a6fa871125f050c2a4ab94d5d6d9ba5,019010d64fe47d89c81bfaedafd458f1d886025bb34292c0c32eafcfa4392657,DS-000020,未限定,无法判定,未提供正式频率合同,无已证明字段,无法判定,无法判定,事件时间语义、时区或预期频率未形成可验证合同,冻结事件时间字段、时区、边界规则和预期频率后创建新审计批次
audit-20260728T233014+0800,dq-rules-1.0,0785f82072926b5a6d997122eb58cc200a6fa871125f050c2a4ab94d5d6d9ba5,019010d64fe47d89c81bfaedafd458f1d886025bb34292c0c32eafcfa4392657,DS-000021,未限定,无法判定,未提供正式频率合同,无已证明字段,无法判定,无法判定,事件时间语义、时区或预期频率未形成可验证合同,冻结事件时间字段、时区、边界规则和预期频率后创建新审计批次
audit-20260728T233014+0800,dq-rules-1.0,0785f82072926b5a6d997122eb58cc200a6fa871125f050c2a4ab94d5d6d9ba5,019010d64fe47d89c81bfaedafd458f1d886025bb34292c0c32eafcfa4392657,DS-000022,未限定,无法判定,未提供正式频率合同,无已证明字段,无法判定,无法判定,事件时间语义、时区或预期频率未形成可验证合同,冻结事件时间字段、时区、边界规则和预期频率后创建新审计批次
audit-20260728T233014+0800,dq-rules-1.0,0785f82072926b5a6d997122eb58cc200a6fa871125f050c2a4ab94d5d6d9ba5,019010d64fe47d89c81bfaedafd458f1d886025bb34292c0c32eafcfa4392657,DS-000023,未限定,无法判定,未提供正式频率合同,无已证明字段,无法判定,无法判定,事件时间语义、时区或预期频率未形成可验证合同,冻结事件时间字段、时区、边界规则和预期频率后创建新审计批次
audit-20260728T233014+0800,dq-rules-1.0,0785f82072926b5a6d997122eb58cc200a6fa871125f050c2a4ab94d5d6d9ba5,019010d64fe47d89c81bfaedafd458f1d886025bb34292c0c32eafcfa4392657,DS-000024,未限定,无法判定,未提供正式频率合同,无已证明字段,无法判定,无法判定,事件时间语义、时区或预期频率未形成可验证合同,冻结事件时间字段、时区、边界规则和预期频率后创建新审计批次
audit-20260728T233014+0800,dq-rules-1.0,0785f82072926b5a6d997122eb58cc200a6fa871125f050c2a4ab94d5d6d9ba5,019010d64fe47d89c81bfaedafd458f1d886025bb34292c0c32eafcfa4392657,DS-000025,未限定,无法判定,未提供正式频率合同,无已证明字段,无法判定,无法判定,事件时间语义、时区或预期频率未形成可验证合同,冻结事件时间字段、时区、边界规则和预期频率后创建新审计批次
audit-20260728T233014+0800,dq-rules-1.0,0785f82072926b5a6d997122eb58cc200a6fa871125f050c2a4ab94d5d6d9ba5,019010d64fe47d89c81bfaedafd458f1d886025bb34292c0c32eafcfa4392657,DS-000026,未限定,无法判定,未提供正式频率合同,无已证明字段,无法判定,无法判定,事件时间语义、时区或预期频率未形成可验证合同,冻结事件时间字段、时区、边界规则和预期频率后创建新审计批次
audit-20260728T233014+0800,dq-rules-1.0,0785f82072926b5a6d997122eb58cc200a6fa871125f050c2a4ab94d5d6d9ba5,019010d64fe47d89c81bfaedafd458f1d886025bb34292c0c32eafcfa4392657,DS-000027,未限定,无法判定,未提供正式频率合同,无已证明字段,无法判定,无法判定,事件时间语义、时区或预期频率未形成可验证合同,冻结事件时间字段、时区、边界规则和预期频率后创建新审计批次
audit-20260728T233014+0800,dq-rules-1.0,0785f82072926b5a6d997122eb58cc200a6fa871125f050c2a4ab94d5d6d9ba5,019010d64fe47d89c81bfaedafd458f1d886025bb34292c0c32eafcfa4392657,DS-000028,未限定,无法判定,未提供正式频率合同,无已证明字段,无法判定,无法判定,事件时间语义、时区或预期频率未形成可验证合同,冻结事件时间字段、时区、边界规则和预期频率后创建新审计批次
audit-20260728T233014+0800,dq-rules-1.0,0785f82072926b5a6d997122eb58cc200a6fa871125f050c2a4ab94d5d6d9ba5,019010d64fe47d89c81bfaedafd458f1d886025bb34292c0c32eafcfa4392657,DS-000029,未限定,无法判定,未提供正式频率合同,无已证明字段,无法判定,无法判定,事件时间语义、时区或预期频率未形成可验证合同,冻结事件时间字段、时区、边界规则和预期频率后创建新审计批次
audit-20260728T233014+0800,dq-rules-1.0,0785f82072926b5a6d997122eb58cc200a6fa871125f050c2a4ab94d5d6d9ba5,019010d64fe47d89c81bfaedafd458f1d886025bb34292c0c32eafcfa4392657,DS-000030,未限定,无法判定,未提供正式频率合同,无已证明字段,无法判定,无法判定,事件时间语义、时区或预期频率未形成可验证合同,冻结事件时间字段、时区、边界规则和预期频率后创建新审计批次
audit-20260728T233014+0800,dq-rules-1.0,0785f82072926b5a6d997122eb58cc200a6fa871125f050c2a4ab94d5d6d9ba5,019010d64fe47d89c81bfaedafd458f1d886025bb34292c0c32eafcfa4392657,DS-000031,未限定,无法判定,未提供正式频率合同,无已证明字段,无法判定,无法判定,事件时间语义、时区或预期频率未形成可验证合同,冻结事件时间字段、时区、边界规则和预期频率后创建新审计批次
audit-20260728T233014+0800,dq-rules-1.0,0785f82072926b5a6d997122eb58cc200a6fa871125f050c2a4ab94d5d6d9ba5,019010d64fe47d89c81bfaedafd458f1d886025bb34292c0c32eafcfa4392657,DS-000032,未限定,无法判定,未提供正式频率合同,无已证明字段,无法判定,无法判定,事件时间语义、时区或预期频率未形成可验证合同,冻结事件时间字段、时区、边界规则和预期频率后创建新审计批次
audit-20260728T233014+0800,dq-rules-1.0,0785f82072926b5a6d997122eb58cc200a6fa871125f050c2a4ab94d5d6d9ba5,019010d64fe47d89c81bfaedafd458f1d886025bb34292c0c32eafcfa4392657,DS-000033,未限定,无法判定,未提供正式频率合同,无已证明字段,无法判定,无法判定,事件时间语义、时区或预期频率未形成可验证合同,冻结事件时间字段、时区、边界规则和预期频率后创建新审计批次
audit-20260728T233014+0800,dq-rules-1.0,0785f82072926b5a6d997122eb58cc200a6fa871125f050c2a4ab94d5d6d9ba5,019010d64fe47d89c81bfaedafd458f1d886025bb34292c0c32eafcfa4392657,DS-000034,未限定,无法判定,未提供正式频率合同,无已证明字段,无法判定,无法判定,事件时间语义、时区或预期频率未形成可验证合同,冻结事件时间字段、时区、边界规则和预期频率后创建新审计批次
audit-20260728T233014+0800,dq-rules-1.0,0785f82072926b5a6d997122eb58cc200a6fa871125f050c2a4ab94d5d6d9ba5,019010d64fe47d89c81bfaedafd458f1d886025bb34292c0c32eafcfa4392657,DS-000035,未限定,无法判定,未提供正式频率合同,无已证明字段,无法判定,无法判定,事件时间语义、时区或预期频率未形成可验证合同,冻结事件时间字段、时区、边界规则和预期频率后创建新审计批次
audit-20260728T233014+0800,dq-rules-1.0,0785f82072926b5a6d997122eb58cc200a6fa871125f050c2a4ab94d5d6d9ba5,019010d64fe47d89c81bfaedafd458f1d886025bb34292c0c32eafcfa4392657,DS-000036,未限定,无法判定,未提供正式频率合同,无已证明字段,无法判定,无法判定,事件时间语义、时区或预期频率未形成可验证合同,冻结事件时间字段、时区、边界规则和预期频率后创建新审计批次
audit-20260728T233014+0800,dq-rules-1.0,0785f82072926b5a6d997122eb58cc200a6fa871125f050c2a4ab94d5d6d9ba5,019010d64fe47d89c81bfaedafd458f1d886025bb34292c0c32eafcfa4392657,DS-000037,未限定,无法判定,未提供正式频率合同,无已证明字段,无法判定,无法判定,事件时间语义、时区或预期频率未形成可验证合同,冻结事件时间字段、时区、边界规则和预期频率后创建新审计批次
audit-20260728T233014+0800,dq-rules-1.0,0785f82072926b5a6d997122eb58cc200a6fa871125f050c2a4ab94d5d6d9ba5,019010d64fe47d89c81bfaedafd458f1d886025bb34292c0c32eafcfa4392657,DS-000038,未限定,无法判定,未提供正式频率合同,无已证明字段,无法判定,无法判定,事件时间语义、时区或预期频率未形成可验证合同,冻结事件时间字段、时区、边界规则和预期频率后创建新审计批次
audit-20260728T233014+0800,dq-rules-1.0,0785f82072926b5a6d997122eb58cc200a6fa871125f050c2a4ab94d5d6d9ba5,019010d64fe47d89c81bfaedafd458f1d886025bb34292c0c32eafcfa4392657,DS-000039,未限定,无法判定,未提供正式频率合同,无已证明字段,无法判定,无法判定,事件时间语义、时区或预期频率未形成可验证合同,冻结事件时间字段、时区、边界规则和预期频率后创建新审计批次
audit-20260728T233014+0800,dq-rules-1.0,0785f82072926b5a6d997122eb58cc200a6fa871125f050c2a4ab94d5d6d9ba5,019010d64fe47d89c81bfaedafd458f1d886025bb34292c0c32eafcfa4392657,DS-000040,未限定,无法判定,未提供正式频率合同,无已证明字段,无法判定,无法判定,事件时间语义、时区或预期频率未形成可验证合同,冻结事件时间字段、时区、边界规则和预期频率后创建新审计批次
audit-20260728T233014+0800,dq-rules-1.0,0785f82072926b5a6d997122eb58cc200a6fa871125f050c2a4ab94d5d6d9ba5,019010d64fe47d89c81bfaedafd458f1d886025bb34292c0c32eafcfa4392657,DS-000041,未限定,无法判定,未提供正式频率合同,无已证明字段,无法判定,无法判定,事件时间语义、时区或预期频率未形成可验证合同,冻结事件时间字段、时区、边界规则和预期频率后创建新审计批次
audit-20260728T233014+0800,dq-rules-1.0,0785f82072926b5a6d997122eb58cc200a6fa871125f050c2a4ab94d5d6d9ba5,019010d64fe47d89c81bfaedafd458f1d886025bb34292c0c32eafcfa4392657,DS-000042,未限定,无法判定,未提供正式频率合同,无已证明字段,无法判定,无法判定,事件时间语义、时区或预期频率未形成可验证合同,冻结事件时间字段、时区、边界规则和预期频率后创建新审计批次
audit-20260728T233014+0800,dq-rules-1.0,0785f82072926b5a6d997122eb58cc200a6fa871125f050c2a4ab94d5d6d9ba5,019010d64fe47d89c81bfaedafd458f1d886025bb34292c0c32eafcfa4392657,DS-000043,BTC,无法判定,未提供正式频率合同,无已证明字段,无法判定,无法判定,事件时间语义、时区或预期频率未形成可验证合同,冻结事件时间字段、时区、边界规则和预期频率后创建新审计批次
audit-20260728T233014+0800,dq-rules-1.0,0785f82072926b5a6d997122eb58cc200a6fa871125f050c2a4ab94d5d6d9ba5,019010d64fe47d89c81bfaedafd458f1d886025bb34292c0c32eafcfa4392657,DS-000044,BTC,无法判定,未提供正式频率合同,无已证明字段,无法判定,无法判定,事件时间语义、时区或预期频率未形成可验证合同,冻结事件时间字段、时区、边界规则和预期频率后创建新审计批次
audit-20260728T233014+0800,dq-rules-1.0,0785f82072926b5a6d997122eb58cc200a6fa871125f050c2a4ab94d5d6d9ba5,019010d64fe47d89c81bfaedafd458f1d886025bb34292c0c32eafcfa4392657,DS-000045,BTC,无法判定,未提供正式频率合同,无已证明字段,无法判定,无法判定,事件时间语义、时区或预期频率未形成可验证合同,冻结事件时间字段、时区、边界规则和预期频率后创建新审计批次
audit-20260728T233014+0800,dq-rules-1.0,0785f82072926b5a6d997122eb58cc200a6fa871125f050c2a4ab94d5d6d9ba5,019010d64fe47d89c81bfaedafd458f1d886025bb34292c0c32eafcfa4392657,DS-000046,BTC,无法判定,未提供正式频率合同,无已证明字段,无法判定,无法判定,事件时间语义、时区或预期频率未形成可验证合同,冻结事件时间字段、时区、边界规则和预期频率后创建新审计批次
audit-20260728T233014+0800,dq-rules-1.0,0785f82072926b5a6d997122eb58cc200a6fa871125f050c2a4ab94d5d6d9ba5,019010d64fe47d89c81bfaedafd458f1d886025bb34292c0c32eafcfa4392657,DS-000047,BTC,无法判定,未提供正式频率合同,无已证明字段,无法判定,无法判定,事件时间语义、时区或预期频率未形成可验证合同,冻结事件时间字段、时区、边界规则和预期频率后创建新审计批次
audit-20260728T233014+0800,dq-rules-1.0,0785f82072926b5a6d997122eb58cc200a6fa871125f050c2a4ab94d5d6d9ba5,019010d64fe47d89c81bfaedafd458f1d886025bb34292c0c32eafcfa4392657,DS-000048,BTC,无法判定,未提供正式频率合同,无已证明字段,无法判定,无法判定,事件时间语义、时区或预期频率未形成可验证合同,冻结事件时间字段、时区、边界规则和预期频率后创建新审计批次
audit-20260728T233014+0800,dq-rules-1.0,0785f82072926b5a6d997122eb58cc200a6fa871125f050c2a4ab94d5d6d9ba5,019010d64fe47d89c81bfaedafd458f1d886025bb34292c0c32eafcfa4392657,DS-000049,BTC,无法判定,未提供正式频率合同,无已证明字段,无法判定,无法判定,事件时间语义、时区或预期频率未形成可验证合同,冻结事件时间字段、时区、边界规则和预期频率后创建新审计批次
audit-20260728T233014+0800,dq-rules-1.0,0785f82072926b5a6d997122eb58cc200a6fa871125f050c2a4ab94d5d6d9ba5,019010d64fe47d89c81bfaedafd458f1d886025bb34292c0c32eafcfa4392657,DS-000050,BTC,无法判定,未提供正式频率合同,无已证明字段,无法判定,无法判定,事件时间语义、时区或预期频率未形成可验证合同,冻结事件时间字段、时区、边界规则和预期频率后创建新审计批次
audit-20260728T233014+0800,dq-rules-1.0,0785f82072926b5a6d997122eb58cc200a6fa871125f050c2a4ab94d5d6d9ba5,019010d64fe47d89c81bfaedafd458f1d886025bb34292c0c32eafcfa4392657,DS-000051,BTC,无法判定,未提供正式频率合同,无已证明字段,无法判定,无法判定,事件时间语义、时区或预期频率未形成可验证合同,冻结事件时间字段、时区、边界规则和预期频率后创建新审计批次
audit-20260728T233014+0800,dq-rules-1.0,0785f82072926b5a6d997122eb58cc200a6fa871125f050c2a4ab94d5d6d9ba5,019010d64fe47d89c81bfaedafd458f1d886025bb34292c0c32eafcfa4392657,DS-000052,BTC,无法判定,未提供正式频率合同,无已证明字段,无法判定,无法判定,事件时间语义、时区或预期频率未形成可验证合同,冻结事件时间字段、时区、边界规则和预期频率后创建新审计批次
audit-20260728T233014+0800,dq-rules-1.0,0785f82072926b5a6d997122eb58cc200a6fa871125f050c2a4ab94d5d6d9ba5,019010d64fe47d89c81bfaedafd458f1d886025bb34292c0c32eafcfa4392657,DS-000053,BTC,无法判定,未提供正式频率合同,无已证明字段,无法判定,无法判定,事件时间语义、时区或预期频率未形成可验证合同,冻结事件时间字段、时区、边界规则和预期频率后创建新审计批次
audit-20260728T233014+0800,dq-rules-1.0,0785f82072926b5a6d997122eb58cc200a6fa871125f050c2a4ab94d5d6d9ba5,019010d64fe47d89c81bfaedafd458f1d886025bb34292c0c32eafcfa4392657,DS-000054,BTC,无法判定,未提供正式频率合同,无已证明字段,无法判定,无法判定,事件时间语义、时区或预期频率未形成可验证合同,冻结事件时间字段、时区、边界规则和预期频率后创建新审计批次
audit-20260728T233014+0800,dq-rules-1.0,0785f82072926b5a6d997122eb58cc200a6fa871125f050c2a4ab94d5d6d9ba5,019010d64fe47d89c81bfaedafd458f1d886025bb34292c0c32eafcfa4392657,DS-000055,BTC,无法判定,未提供正式频率合同,无已证明字段,无法判定,无法判定,事件时间语义、时区或预期频率未形成可验证合同,冻结事件时间字段、时区、边界规则和预期频率后创建新审计批次
audit-20260728T233014+0800,dq-rules-1.0,0785f82072926b5a6d997122eb58cc200a6fa871125f050c2a4ab94d5d6d9ba5,019010d64fe47d89c81bfaedafd458f1d886025bb34292c0c32eafcfa4392657,DS-000056,BTC,无法判定,未提供正式频率合同,无已证明字段,无法判定,无法判定,事件时间语义、时区或预期频率未形成可验证合同,冻结事件时间字段、时区、边界规则和预期频率后创建新审计批次
audit-20260728T233014+0800,dq-rules-1.0,0785f82072926b5a6d997122eb58cc200a6fa871125f050c2a4ab94d5d6d9ba5,019010d64fe47d89c81bfaedafd458f1d886025bb34292c0c32eafcfa4392657,DS-000057,BTC,无法判定,未提供正式频率合同,无已证明字段,无法判定,无法判定,事件时间语义、时区或预期频率未形成可验证合同,冻结事件时间字段、时区、边界规则和预期频率后创建新审计批次
audit-20260728T233014+0800,dq-rules-1.0,0785f82072926b5a6d997122eb58cc200a6fa871125f050c2a4ab94d5d6d9ba5,019010d64fe47d89c81bfaedafd458f1d886025bb34292c0c32eafcfa4392657,DS-000058,BTC,无法判定,未提供正式频率合同,无已证明字段,无法判定,无法判定,事件时间语义、时区或预期频率未形成可验证合同,冻结事件时间字段、时区、边界规则和预期频率后创建新审计批次
audit-20260728T233014+0800,dq-rules-1.0,0785f82072926b5a6d997122eb58cc200a6fa871125f050c2a4ab94d5d6d9ba5,019010d64fe47d89c81bfaedafd458f1d886025bb34292c0c32eafcfa4392657,DS-000059,BTC,无法判定,未提供正式频率合同,无已证明字段,无法判定,无法判定,事件时间语义、时区或预期频率未形成可验证合同,冻结事件时间字段、时区、边界规则和预期频率后创建新审计批次
audit-20260728T233014+0800,dq-rules-1.0,0785f82072926b5a6d997122eb58cc200a6fa871125f050c2a4ab94d5d6d9ba5,019010d64fe47d89c81bfaedafd458f1d886025bb34292c0c32eafcfa4392657,DS-000060,BTC,无法判定,未提供正式频率合同,无已证明字段,无法判定,无法判定,事件时间语义、时区或预期频率未形成可验证合同,冻结事件时间字段、时区、边界规则和预期频率后创建新审计批次
audit-20260728T233014+0800,dq-rules-1.0,0785f82072926b5a6d997122eb58cc200a6fa871125f050c2a4ab94d5d6d9ba5,019010d64fe47d89c81bfaedafd458f1d886025bb34292c0c32eafcfa4392657,DS-000061,BTC,无法判定,未提供正式频率合同,无已证明字段,无法判定,无法判定,事件时间语义、时区或预期频率未形成可验证合同,冻结事件时间字段、时区、边界规则和预期频率后创建新审计批次
audit-20260728T233014+0800,dq-rules-1.0,0785f82072926b5a6d997122eb58cc200a6fa871125f050c2a4ab94d5d6d9ba5,019010d64fe47d89c81bfaedafd458f1d886025bb34292c0c32eafcfa4392657,DS-000062,BTC,无法判定,未提供正式频率合同,无已证明字段,无法判定,无法判定,事件时间语义、时区或预期频率未形成可验证合同,冻结事件时间字段、时区、边界规则和预期频率后创建新审计批次
audit-20260728T233014+0800,dq-rules-1.0,0785f82072926b5a6d997122eb58cc200a6fa871125f050c2a4ab94d5d6d9ba5,019010d64fe47d89c81bfaedafd458f1d886025bb34292c0c32eafcfa4392657,DS-000063,BTC,无法判定,未提供正式频率合同,无已证明字段,无法判定,无法判定,事件时间语义、时区或预期频率未形成可验证合同,冻结事件时间字段、时区、边界规则和预期频率后创建新审计批次
audit-20260728T233014+0800,dq-rules-1.0,0785f82072926b5a6d997122eb58cc200a6fa871125f050c2a4ab94d5d6d9ba5,019010d64fe47d89c81bfaedafd458f1d886025bb34292c0c32eafcfa4392657,DS-000064,BTC,无法判定,未提供正式频率合同,无已证明字段,无法判定,无法判定,事件时间语义、时区或预期频率未形成可验证合同,冻结事件时间字段、时区、边界规则和预期频率后创建新审计批次
audit-20260728T233014+0800,dq-rules-1.0,0785f82072926b5a6d997122eb58cc200a6fa871125f050c2a4ab94d5d6d9ba5,019010d64fe47d89c81bfaedafd458f1d886025bb34292c0c32eafcfa4392657,DS-000065,BTC,无法判定,未提供正式频率合同,无已证明字段,无法判定,无法判定,事件时间语义、时区或预期频率未形成可验证合同,冻结事件时间字段、时区、边界规则和预期频率后创建新审计批次
audit-20260728T233014+0800,dq-rules-1.0,0785f82072926b5a6d997122eb58cc200a6fa871125f050c2a4ab94d5d6d9ba5,019010d64fe47d89c81bfaedafd458f1d886025bb34292c0c32eafcfa4392657,DS-000066,BTC,无法判定,未提供正式频率合同,无已证明字段,无法判定,无法判定,事件时间语义、时区或预期频率未形成可验证合同,冻结事件时间字段、时区、边界规则和预期频率后创建新审计批次
audit-20260728T233014+0800,dq-rules-1.0,0785f82072926b5a6d997122eb58cc200a6fa871125f050c2a4ab94d5d6d9ba5,019010d64fe47d89c81bfaedafd458f1d886025bb34292c0c32eafcfa4392657,DS-000067,BTC,无法判定,未提供正式频率合同,无已证明字段,无法判定,无法判定,事件时间语义、时区或预期频率未形成可验证合同,冻结事件时间字段、时区、边界规则和预期频率后创建新审计批次
audit-20260728T233014+0800,dq-rules-1.0,0785f82072926b5a6d997122eb58cc200a6fa871125f050c2a4ab94d5d6d9ba5,019010d64fe47d89c81bfaedafd458f1d886025bb34292c0c32eafcfa4392657,DS-000068,BTC,无法判定,未提供正式频率合同,无已证明字段,无法判定,无法判定,事件时间语义、时区或预期频率未形成可验证合同,冻结事件时间字段、时区、边界规则和预期频率后创建新审计批次
audit-20260728T233014+0800,dq-rules-1.0,0785f82072926b5a6d997122eb58cc200a6fa871125f050c2a4ab94d5d6d9ba5,019010d64fe47d89c81bfaedafd458f1d886025bb34292c0c32eafcfa4392657,DS-000069,BTC,无法判定,未提供正式频率合同,无已证明字段,无法判定,无法判定,事件时间语义、时区或预期频率未形成可验证合同,冻结事件时间字段、时区、边界规则和预期频率后创建新审计批次
audit-20260728T233014+0800,dq-rules-1.0,0785f82072926b5a6d997122eb58cc200a6fa871125f050c2a4ab94d5d6d9ba5,019010d64fe47d89c81bfaedafd458f1d886025bb34292c0c32eafcfa4392657,DS-000070,BTC,无法判定,未提供正式频率合同,无已证明字段,无法判定,无法判定,事件时间语义、时区或预期频率未形成可验证合同,冻结事件时间字段、时区、边界规则和预期频率后创建新审计批次
audit-20260728T233014+0800,dq-rules-1.0,0785f82072926b5a6d997122eb58cc200a6fa871125f050c2a4ab94d5d6d9ba5,019010d64fe47d89c81bfaedafd458f1d886025bb34292c0c32eafcfa4392657,DS-000071,BTC,无法判定,未提供正式频率合同,无已证明字段,无法判定,无法判定,事件时间语义、时区或预期频率未形成可验证合同,冻结事件时间字段、时区、边界规则和预期频率后创建新审计批次
audit-20260728T233014+0800,dq-rules-1.0,0785f82072926b5a6d997122eb58cc200a6fa871125f050c2a4ab94d5d6d9ba5,019010d64fe47d89c81bfaedafd458f1d886025bb34292c0c32eafcfa4392657,DS-000072,BTC,无法判定,未提供正式频率合同,无已证明字段,无法判定,无法判定,事件时间语义、时区或预期频率未形成可验证合同,冻结事件时间字段、时区、边界规则和预期频率后创建新审计批次
audit-20260728T233014+0800,dq-rules-1.0,0785f82072926b5a6d997122eb58cc200a6fa871125f050c2a4ab94d5d6d9ba5,019010d64fe47d89c81bfaedafd458f1d886025bb34292c0c32eafcfa4392657,DS-000073,BTC,无法判定,未提供正式频率合同,无已证明字段,无法判定,无法判定,事件时间语义、时区或预期频率未形成可验证合同,冻结事件时间字段、时区、边界规则和预期频率后创建新审计批次
audit-20260728T233014+0800,dq-rules-1.0,0785f82072926b5a6d997122eb58cc200a6fa871125f050c2a4ab94d5d6d9ba5,019010d64fe47d89c81bfaedafd458f1d886025bb34292c0c32eafcfa4392657,DS-000074,BTC,无法判定,未提供正式频率合同,无已证明字段,无法判定,无法判定,事件时间语义、时区或预期频率未形成可验证合同,冻结事件时间字段、时区、边界规则和预期频率后创建新审计批次
audit-20260728T233014+0800,dq-rules-1.0,0785f82072926b5a6d997122eb58cc200a6fa871125f050c2a4ab94d5d6d9ba5,019010d64fe47d89c81bfaedafd458f1d886025bb34292c0c32eafcfa4392657,DS-000075,BTC,无法判定,未提供正式频率合同,无已证明字段,无法判定,无法判定,事件时间语义、时区或预期频率未形成可验证合同,冻结事件时间字段、时区、边界规则和预期频率后创建新审计批次
audit-20260728T233014+0800,dq-rules-1.0,0785f82072926b5a6d997122eb58cc200a6fa871125f050c2a4ab94d5d6d9ba5,019010d64fe47d89c81bfaedafd458f1d886025bb34292c0c32eafcfa4392657,DS-000076,BTC,无法判定,未提供正式频率合同,无已证明字段,无法判定,无法判定,事件时间语义、时区或预期频率未形成可验证合同,冻结事件时间字段、时区、边界规则和预期频率后创建新审计批次
audit-20260728T233014+0800,dq-rules-1.0,0785f82072926b5a6d997122eb58cc200a6fa871125f050c2a4ab94d5d6d9ba5,019010d64fe47d89c81bfaedafd458f1d886025bb34292c0c32eafcfa4392657,DS-000077,BTC,无法判定,未提供正式频率合同,无已证明字段,无法判定,无法判定,事件时间语义、时区或预期频率未形成可验证合同,冻结事件时间字段、时区、边界规则和预期频率后创建新审计批次
audit-20260728T233014+0800,dq-rules-1.0,0785f82072926b5a6d997122eb58cc200a6fa871125f050c2a4ab94d5d6d9ba5,019010d64fe47d89c81bfaedafd458f1d886025bb34292c0c32eafcfa4392657,DS-000078,BTC,无法判定,未提供正式频率合同,无已证明字段,无法判定,无法判定,事件时间语义、时区或预期频率未形成可验证合同,冻结事件时间字段、时区、边界规则和预期频率后创建新审计批次
audit-20260728T233014+0800,dq-rules-1.0,0785f82072926b5a6d997122eb58cc200a6fa871125f050c2a4ab94d5d6d9ba5,019010d64fe47d89c81bfaedafd458f1d886025bb34292c0c32eafcfa4392657,DS-000079,BTC,无法判定,未提供正式频率合同,无已证明字段,无法判定,无法判定,事件时间语义、时区或预期频率未形成可验证合同,冻结事件时间字段、时区、边界规则和预期频率后创建新审计批次
audit-20260728T233014+0800,dq-rules-1.0,0785f82072926b5a6d997122eb58cc200a6fa871125f050c2a4ab94d5d6d9ba5,019010d64fe47d89c81bfaedafd458f1d886025bb34292c0c32eafcfa4392657,DS-000080,未限定,无法判定,未提供正式频率合同,无已证明字段,无法判定,无法判定,事件时间语义、时区或预期频率未形成可验证合同,冻结事件时间字段、时区、边界规则和预期频率后创建新审计批次
audit-20260728T233014+0800,dq-rules-1.0,0785f82072926b5a6d997122eb58cc200a6fa871125f050c2a4ab94d5d6d9ba5,019010d64fe47d89c81bfaedafd458f1d886025bb34292c0c32eafcfa4392657,DS-000081,未限定,无法判定,未提供正式频率合同,event_time,无法判定,无法判定,事件时间语义、时区或预期频率未形成可验证合同,冻结事件时间字段、时区、边界规则和预期频率后创建新审计批次
audit-20260728T233014+0800,dq-rules-1.0,0785f82072926b5a6d997122eb58cc200a6fa871125f050c2a4ab94d5d6d9ba5,019010d64fe47d89c81bfaedafd458f1d886025bb34292c0c32eafcfa4392657,DS-000082,未限定,无法判定,未提供正式频率合同,event_time,无法判定,无法判定,事件时间语义、时区或预期频率未形成可验证合同,冻结事件时间字段、时区、边界规则和预期频率后创建新审计批次
audit-20260728T233014+0800,dq-rules-1.0,0785f82072926b5a6d997122eb58cc200a6fa871125f050c2a4ab94d5d6d9ba5,019010d64fe47d89c81bfaedafd458f1d886025bb34292c0c32eafcfa4392657,DS-000083,未限定,无法判定,未提供正式频率合同,event_time,无法判定,无法判定,事件时间语义、时区或预期频率未形成可验证合同,冻结事件时间字段、时区、边界规则和预期频率后创建新审计批次
audit-20260728T233014+0800,dq-rules-1.0,0785f82072926b5a6d997122eb58cc200a6fa871125f050c2a4ab94d5d6d9ba5,019010d64fe47d89c81bfaedafd458f1d886025bb34292c0c32eafcfa4392657,DS-000084,未限定,无法判定,未提供正式频率合同,event_time,无法判定,无法判定,事件时间语义、时区或预期频率未形成可验证合同,冻结事件时间字段、时区、边界规则和预期频率后创建新审计批次
audit-20260728T233014+0800,dq-rules-1.0,0785f82072926b5a6d997122eb58cc200a6fa871125f050c2a4ab94d5d6d9ba5,019010d64fe47d89c81bfaedafd458f1d886025bb34292c0c32eafcfa4392657,DS-000085,未限定,无法判定,未提供正式频率合同,event_time,无法判定,无法判定,事件时间语义、时区或预期频率未形成可验证合同,冻结事件时间字段、时区、边界规则和预期频率后创建新审计批次
audit-20260728T233014+0800,dq-rules-1.0,0785f82072926b5a6d997122eb58cc200a6fa871125f050c2a4ab94d5d6d9ba5,019010d64fe47d89c81bfaedafd458f1d886025bb34292c0c32eafcfa4392657,DS-000086,未限定,无法判定,未提供正式频率合同,event_time,无法判定,无法判定,事件时间语义、时区或预期频率未形成可验证合同,冻结事件时间字段、时区、边界规则和预期频率后创建新审计批次
audit-20260728T233014+0800,dq-rules-1.0,0785f82072926b5a6d997122eb58cc200a6fa871125f050c2a4ab94d5d6d9ba5,019010d64fe47d89c81bfaedafd458f1d886025bb34292c0c32eafcfa4392657,DS-000087,未限定,无法判定,未提供正式频率合同,event_time,无法判定,无法判定,事件时间语义、时区或预期频率未形成可验证合同,冻结事件时间字段、时区、边界规则和预期频率后创建新审计批次
audit-20260728T233014+0800,dq-rules-1.0,0785f82072926b5a6d997122eb58cc200a6fa871125f050c2a4ab94d5d6d9ba5,019010d64fe47d89c81bfaedafd458f1d886025bb34292c0c32eafcfa4392657,DS-000088,未限定,无法判定,未提供正式频率合同,event_time,无法判定,无法判定,事件时间语义、时区或预期频率未形成可验证合同,冻结事件时间字段、时区、边界规则和预期频率后创建新审计批次
audit-20260728T233014+0800,dq-rules-1.0,0785f82072926b5a6d997122eb58cc200a6fa871125f050c2a4ab94d5d6d9ba5,019010d64fe47d89c81bfaedafd458f1d886025bb34292c0c32eafcfa4392657,DS-000089,未限定,无法判定,未提供正式频率合同,event_time,无法判定,无法判定,事件时间语义、时区或预期频率未形成可验证合同,冻结事件时间字段、时区、边界规则和预期频率后创建新审计批次
audit-20260728T233014+0800,dq-rules-1.0,0785f82072926b5a6d997122eb58cc200a6fa871125f050c2a4ab94d5d6d9ba5,019010d64fe47d89c81bfaedafd458f1d886025bb34292c0c32eafcfa4392657,DS-000090,未限定,无法判定,未提供正式频率合同,event_time,无法判定,无法判定,事件时间语义、时区或预期频率未形成可验证合同,冻结事件时间字段、时区、边界规则和预期频率后创建新审计批次
audit-20260728T233014+0800,dq-rules-1.0,0785f82072926b5a6d997122eb58cc200a6fa871125f050c2a4ab94d5d6d9ba5,019010d64fe47d89c81bfaedafd458f1d886025bb34292c0c32eafcfa4392657,DS-000091,未限定,无法判定,未提供正式频率合同,event_time,无法判定,无法判定,事件时间语义、时区或预期频率未形成可验证合同,冻结事件时间字段、时区、边界规则和预期频率后创建新审计批次
audit-20260728T233014+0800,dq-rules-1.0,0785f82072926b5a6d997122eb58cc200a6fa871125f050c2a4ab94d5d6d9ba5,019010d64fe47d89c81bfaedafd458f1d886025bb34292c0c32eafcfa4392657,DS-000092,未限定,无法判定,未提供正式频率合同,event_time,无法判定,无法判定,事件时间语义、时区或预期频率未形成可验证合同,冻结事件时间字段、时区、边界规则和预期频率后创建新审计批次
audit-20260728T233014+0800,dq-rules-1.0,0785f82072926b5a6d997122eb58cc200a6fa871125f050c2a4ab94d5d6d9ba5,019010d64fe47d89c81bfaedafd458f1d886025bb34292c0c32eafcfa4392657,DS-000093,未限定,无法判定,未提供正式频率合同,event_time,无法判定,无法判定,事件时间语义、时区或预期频率未形成可验证合同,冻结事件时间字段、时区、边界规则和预期频率后创建新审计批次
audit-20260728T233014+0800,dq-rules-1.0,0785f82072926b5a6d997122eb58cc200a6fa871125f050c2a4ab94d5d6d9ba5,019010d64fe47d89c81bfaedafd458f1d886025bb34292c0c32eafcfa4392657,DS-000094,未限定,无法判定,未提供正式频率合同,event_time,无法判定,无法判定,事件时间语义、时区或预期频率未形成可验证合同,冻结事件时间字段、时区、边界规则和预期频率后创建新审计批次
audit-20260728T233014+0800,dq-rules-1.0,0785f82072926b5a6d997122eb58cc200a6fa871125f050c2a4ab94d5d6d9ba5,019010d64fe47d89c81bfaedafd458f1d886025bb34292c0c32eafcfa4392657,DS-000095,未限定,无法判定,未提供正式频率合同,event_time,无法判定,无法判定,事件时间语义、时区或预期频率未形成可验证合同,冻结事件时间字段、时区、边界规则和预期频率后创建新审计批次
audit-20260728T233014+0800,dq-rules-1.0,0785f82072926b5a6d997122eb58cc200a6fa871125f050c2a4ab94d5d6d9ba5,019010d64fe47d89c81bfaedafd458f1d886025bb34292c0c32eafcfa4392657,DS-000096,未限定,无法判定,未提供正式频率合同,event_time,无法判定,无法判定,事件时间语义、时区或预期频率未形成可验证合同,冻结事件时间字段、时区、边界规则和预期频率后创建新审计批次
audit-20260728T233014+0800,dq-rules-1.0,0785f82072926b5a6d997122eb58cc200a6fa871125f050c2a4ab94d5d6d9ba5,019010d64fe47d89c81bfaedafd458f1d886025bb34292c0c32eafcfa4392657,DS-000097,未限定,无法判定,未提供正式频率合同,event_time,无法判定,无法判定,事件时间语义、时区或预期频率未形成可验证合同,冻结事件时间字段、时区、边界规则和预期频率后创建新审计批次
audit-20260728T233014+0800,dq-rules-1.0,0785f82072926b5a6d997122eb58cc200a6fa871125f050c2a4ab94d5d6d9ba5,019010d64fe47d89c81bfaedafd458f1d886025bb34292c0c32eafcfa4392657,DS-000098,未限定,无法判定,未提供正式频率合同,event_time,无法判定,无法判定,事件时间语义、时区或预期频率未形成可验证合同,冻结事件时间字段、时区、边界规则和预期频率后创建新审计批次
audit-20260728T233014+0800,dq-rules-1.0,0785f82072926b5a6d997122eb58cc200a6fa871125f050c2a4ab94d5d6d9ba5,019010d64fe47d89c81bfaedafd458f1d886025bb34292c0c32eafcfa4392657,DS-000099,未限定,无法判定,未提供正式频率合同,event_time,无法判定,无法判定,事件时间语义、时区或预期频率未形成可验证合同,冻结事件时间字段、时区、边界规则和预期频率后创建新审计批次
audit-20260728T233014+0800,dq-rules-1.0,0785f82072926b5a6d997122eb58cc200a6fa871125f050c2a4ab94d5d6d9ba5,019010d64fe47d89c81bfaedafd458f1d886025bb34292c0c32eafcfa4392657,DS-000100,未限定,无法判定,未提供正式频率合同,event_time,无法判定,无法判定,事件时间语义、时区或预期频率未形成可验证合同,冻结事件时间字段、时区、边界规则和预期频率后创建新审计批次
audit-20260728T233014+0800,dq-rules-1.0,0785f82072926b5a6d997122eb58cc200a6fa871125f050c2a4ab94d5d6d9ba5,019010d64fe47d89c81bfaedafd458f1d886025bb34292c0c32eafcfa4392657,DS-000101,未限定,无法判定,未提供正式频率合同,event_time,无法判定,无法判定,事件时间语义、时区或预期频率未形成可验证合同,冻结事件时间字段、时区、边界规则和预期频率后创建新审计批次
audit-20260728T233014+0800,dq-rules-1.0,0785f82072926b5a6d997122eb58cc200a6fa871125f050c2a4ab94d5d6d9ba5,019010d64fe47d89c81bfaedafd458f1d886025bb34292c0c32eafcfa4392657,DS-000102,未限定,无法判定,未提供正式频率合同,event_time,无法判定,无法判定,事件时间语义、时区或预期频率未形成可验证合同,冻结事件时间字段、时区、边界规则和预期频率后创建新审计批次
audit-20260728T233014+0800,dq-rules-1.0,0785f82072926b5a6d997122eb58cc200a6fa871125f050c2a4ab94d5d6d9ba5,019010d64fe47d89c81bfaedafd458f1d886025bb34292c0c32eafcfa4392657,DS-000103,未限定,无法判定,未提供正式频率合同,event_time,无法判定,无法判定,事件时间语义、时区或预期频率未形成可验证合同,冻结事件时间字段、时区、边界规则和预期频率后创建新审计批次
audit-20260728T233014+0800,dq-rules-1.0,0785f82072926b5a6d997122eb58cc200a6fa871125f050c2a4ab94d5d6d9ba5,019010d64fe47d89c81bfaedafd458f1d886025bb34292c0c32eafcfa4392657,DS-000104,未限定,无法判定,未提供正式频率合同,event_time,无法判定,无法判定,事件时间语义、时区或预期频率未形成可验证合同,冻结事件时间字段、时区、边界规则和预期频率后创建新审计批次
audit-20260728T233014+0800,dq-rules-1.0,0785f82072926b5a6d997122eb58cc200a6fa871125f050c2a4ab94d5d6d9ba5,019010d64fe47d89c81bfaedafd458f1d886025bb34292c0c32eafcfa4392657,DS-000105,未限定,无法判定,未提供正式频率合同,event_time,无法判定,无法判定,事件时间语义、时区或预期频率未形成可验证合同,冻结事件时间字段、时区、边界规则和预期频率后创建新审计批次
audit-20260728T233014+0800,dq-rules-1.0,0785f82072926b5a6d997122eb58cc200a6fa871125f050c2a4ab94d5d6d9ba5,019010d64fe47d89c81bfaedafd458f1d886025bb34292c0c32eafcfa4392657,DS-000106,未限定,无法判定,未提供正式频率合同,event_time,无法判定,无法判定,事件时间语义、时区或预期频率未形成可验证合同,冻结事件时间字段、时区、边界规则和预期频率后创建新审计批次
audit-20260728T233014+0800,dq-rules-1.0,0785f82072926b5a6d997122eb58cc200a6fa871125f050c2a4ab94d5d6d9ba5,019010d64fe47d89c81bfaedafd458f1d886025bb34292c0c32eafcfa4392657,DS-000107,未限定,无法判定,未提供正式频率合同,event_time,无法判定,无法判定,事件时间语义、时区或预期频率未形成可验证合同,冻结事件时间字段、时区、边界规则和预期频率后创建新审计批次
audit-20260728T233014+0800,dq-rules-1.0,0785f82072926b5a6d997122eb58cc200a6fa871125f050c2a4ab94d5d6d9ba5,019010d64fe47d89c81bfaedafd458f1d886025bb34292c0c32eafcfa4392657,DS-000108,未限定,无法判定,未提供正式频率合同,event_time,无法判定,无法判定,事件时间语义、时区或预期频率未形成可验证合同,冻结事件时间字段、时区、边界规则和预期频率后创建新审计批次
audit-20260728T233014+0800,dq-rules-1.0,0785f82072926b5a6d997122eb58cc200a6fa871125f050c2a4ab94d5d6d9ba5,019010d64fe47d89c81bfaedafd458f1d886025bb34292c0c32eafcfa4392657,DS-000109,未限定,无法判定,未提供正式频率合同,event_time,无法判定,无法判定,事件时间语义、时区或预期频率未形成可验证合同,冻结事件时间字段、时区、边界规则和预期频率后创建新审计批次
audit-20260728T233014+0800,dq-rules-1.0,0785f82072926b5a6d997122eb58cc200a6fa871125f050c2a4ab94d5d6d9ba5,019010d64fe47d89c81bfaedafd458f1d886025bb34292c0c32eafcfa4392657,DS-000110,未限定,无法判定,未提供正式频率合同,event_time,无法判定,无法判定,事件时间语义、时区或预期频率未形成可验证合同,冻结事件时间字段、时区、边界规则和预期频率后创建新审计批次
audit-20260728T233014+0800,dq-rules-1.0,0785f82072926b5a6d997122eb58cc200a6fa871125f050c2a4ab94d5d6d9ba5,019010d64fe47d89c81bfaedafd458f1d886025bb34292c0c32eafcfa4392657,DS-000111,未限定,无法判定,未提供正式频率合同,event_time,无法判定,无法判定,事件时间语义、时区或预期频率未形成可验证合同,冻结事件时间字段、时区、边界规则和预期频率后创建新审计批次
audit-20260728T233014+0800,dq-rules-1.0,0785f82072926b5a6d997122eb58cc200a6fa871125f050c2a4ab94d5d6d9ba5,019010d64fe47d89c81bfaedafd458f1d886025bb34292c0c32eafcfa4392657,DS-000112,未限定,无法判定,未提供正式频率合同,event_time,无法判定,无法判定,事件时间语义、时区或预期频率未形成可验证合同,冻结事件时间字段、时区、边界规则和预期频率后创建新审计批次
audit-20260728T233014+0800,dq-rules-1.0,0785f82072926b5a6d997122eb58cc200a6fa871125f050c2a4ab94d5d6d9ba5,019010d64fe47d89c81bfaedafd458f1d886025bb34292c0c32eafcfa4392657,DS-000113,未限定,无法判定,未提供正式频率合同,event_time,无法判定,无法判定,事件时间语义、时区或预期频率未形成可验证合同,冻结事件时间字段、时区、边界规则和预期频率后创建新审计批次
audit-20260728T233014+0800,dq-rules-1.0,0785f82072926b5a6d997122eb58cc200a6fa871125f050c2a4ab94d5d6d9ba5,019010d64fe47d89c81bfaedafd458f1d886025bb34292c0c32eafcfa4392657,DS-000114,未限定,无法判定,未提供正式频率合同,event_time,无法判定,无法判定,事件时间语义、时区或预期频率未形成可验证合同,冻结事件时间字段、时区、边界规则和预期频率后创建新审计批次
audit-20260728T233014+0800,dq-rules-1.0,0785f82072926b5a6d997122eb58cc200a6fa871125f050c2a4ab94d5d6d9ba5,019010d64fe47d89c81bfaedafd458f1d886025bb34292c0c32eafcfa4392657,DS-000115,未限定,无法判定,未提供正式频率合同,event_time,无法判定,无法判定,事件时间语义、时区或预期频率未形成可验证合同,冻结事件时间字段、时区、边界规则和预期频率后创建新审计批次
audit-20260728T233014+0800,dq-rules-1.0,0785f82072926b5a6d997122eb58cc200a6fa871125f050c2a4ab94d5d6d9ba5,019010d64fe47d89c81bfaedafd458f1d886025bb34292c0c32eafcfa4392657,DS-000116,未限定,无法判定,未提供正式频率合同,event_time,无法判定,无法判定,事件时间语义、时区或预期频率未形成可验证合同,冻结事件时间字段、时区、边界规则和预期频率后创建新审计批次
audit-20260728T233014+0800,dq-rules-1.0,0785f82072926b5a6d997122eb58cc200a6fa871125f050c2a4ab94d5d6d9ba5,019010d64fe47d89c81bfaedafd458f1d886025bb34292c0c32eafcfa4392657,DS-000117,未限定,无法判定,未提供正式频率合同,event_time,无法判定,无法判定,事件时间语义、时区或预期频率未形成可验证合同,冻结事件时间字段、时区、边界规则和预期频率后创建新审计批次
audit-20260728T233014+0800,dq-rules-1.0,0785f82072926b5a6d997122eb58cc200a6fa871125f050c2a4ab94d5d6d9ba5,019010d64fe47d89c81bfaedafd458f1d886025bb34292c0c32eafcfa4392657,DS-000118,未限定,无法判定,未提供正式频率合同,event_time,无法判定,无法判定,事件时间语义、时区或预期频率未形成可验证合同,冻结事件时间字段、时区、边界规则和预期频率后创建新审计批次
audit-20260728T233014+0800,dq-rules-1.0,0785f82072926b5a6d997122eb58cc200a6fa871125f050c2a4ab94d5d6d9ba5,019010d64fe47d89c81bfaedafd458f1d886025bb34292c0c32eafcfa4392657,DS-000119,未限定,无法判定,未提供正式频率合同,event_time,无法判定,无法判定,事件时间语义、时区或预期频率未形成可验证合同,冻结事件时间字段、时区、边界规则和预期频率后创建新审计批次
audit-20260728T233014+0800,dq-rules-1.0,0785f82072926b5a6d997122eb58cc200a6fa871125f050c2a4ab94d5d6d9ba5,019010d64fe47d89c81bfaedafd458f1d886025bb34292c0c32eafcfa4392657,DS-000120,未限定,无法判定,未提供正式频率合同,event_time,无法判定,无法判定,事件时间语义、时区或预期频率未形成可验证合同,冻结事件时间字段、时区、边界规则和预期频率后创建新审计批次
audit-20260728T233014+0800,dq-rules-1.0,0785f82072926b5a6d997122eb58cc200a6fa871125f050c2a4ab94d5d6d9ba5,019010d64fe47d89c81bfaedafd458f1d886025bb34292c0c32eafcfa4392657,DS-000121,未限定,无法判定,未提供正式频率合同,event_time,无法判定,无法判定,事件时间语义、时区或预期频率未形成可验证合同,冻结事件时间字段、时区、边界规则和预期频率后创建新审计批次
audit-20260728T233014+0800,dq-rules-1.0,0785f82072926b5a6d997122eb58cc200a6fa871125f050c2a4ab94d5d6d9ba5,019010d64fe47d89c81bfaedafd458f1d886025bb34292c0c32eafcfa4392657,DS-000122,未限定,无法判定,未提供正式频率合同,event_time,无法判定,无法判定,事件时间语义、时区或预期频率未形成可验证合同,冻结事件时间字段、时区、边界规则和预期频率后创建新审计批次
audit-20260728T233014+0800,dq-rules-1.0,0785f82072926b5a6d997122eb58cc200a6fa871125f050c2a4ab94d5d6d9ba5,019010d64fe47d89c81bfaedafd458f1d886025bb34292c0c32eafcfa4392657,DS-000123,未限定,无法判定,未提供正式频率合同,无已证明字段,无法判定,无法判定,事件时间语义、时区或预期频率未形成可验证合同,冻结事件时间字段、时区、边界规则和预期频率后创建新审计批次
audit-20260728T233014+0800,dq-rules-1.0,0785f82072926b5a6d997122eb58cc200a6fa871125f050c2a4ab94d5d6d9ba5,019010d64fe47d89c81bfaedafd458f1d886025bb34292c0c32eafcfa4392657,DS-000124,未限定,无法判定,未提供正式频率合同,无已证明字段,无法判定,无法判定,事件时间语义、时区或预期频率未形成可验证合同,冻结事件时间字段、时区、边界规则和预期频率后创建新审计批次
audit-20260728T233014+0800,dq-rules-1.0,0785f82072926b5a6d997122eb58cc200a6fa871125f050c2a4ab94d5d6d9ba5,019010d64fe47d89c81bfaedafd458f1d886025bb34292c0c32eafcfa4392657,DS-000125,未限定,无法判定,未提供正式频率合同,无已证明字段,无法判定,无法判定,事件时间语义、时区或预期频率未形成可验证合同,冻结事件时间字段、时区、边界规则和预期频率后创建新审计批次
audit-20260728T233014+0800,dq-rules-1.0,0785f82072926b5a6d997122eb58cc200a6fa871125f050c2a4ab94d5d6d9ba5,019010d64fe47d89c81bfaedafd458f1d886025bb34292c0c32eafcfa4392657,DS-000126,未限定,无法判定,未提供正式频率合同,无已证明字段,无法判定,无法判定,事件时间语义、时区或预期频率未形成可验证合同,冻结事件时间字段、时区、边界规则和预期频率后创建新审计批次
audit-20260728T233014+0800,dq-rules-1.0,0785f82072926b5a6d997122eb58cc200a6fa871125f050c2a4ab94d5d6d9ba5,019010d64fe47d89c81bfaedafd458f1d886025bb34292c0c32eafcfa4392657,DS-000127,未限定,无法判定,未提供正式频率合同,无已证明字段,无法判定,无法判定,事件时间语义、时区或预期频率未形成可验证合同,冻结事件时间字段、时区、边界规则和预期频率后创建新审计批次
audit-20260728T233014+0800,dq-rules-1.0,0785f82072926b5a6d997122eb58cc200a6fa871125f050c2a4ab94d5d6d9ba5,019010d64fe47d89c81bfaedafd458f1d886025bb34292c0c32eafcfa4392657,DS-000128,未限定,无法判定,未提供正式频率合同,无已证明字段,无法判定,无法判定,事件时间语义、时区或预期频率未形成可验证合同,冻结事件时间字段、时区、边界规则和预期频率后创建新审计批次
audit-20260728T233014+0800,dq-rules-1.0,0785f82072926b5a6d997122eb58cc200a6fa871125f050c2a4ab94d5d6d9ba5,019010d64fe47d89c81bfaedafd458f1d886025bb34292c0c32eafcfa4392657,DS-000129,未限定,无法判定,未提供正式频率合同,无已证明字段,无法判定,无法判定,事件时间语义、时区或预期频率未形成可验证合同,冻结事件时间字段、时区、边界规则和预期频率后创建新审计批次
audit-20260728T233014+0800,dq-rules-1.0,0785f82072926b5a6d997122eb58cc200a6fa871125f050c2a4ab94d5d6d9ba5,019010d64fe47d89c81bfaedafd458f1d886025bb34292c0c32eafcfa4392657,DS-000130,未限定,无法判定,未提供正式频率合同,无已证明字段,无法判定,无法判定,事件时间语义、时区或预期频率未形成可验证合同,冻结事件时间字段、时区、边界规则和预期频率后创建新审计批次
audit-20260728T233014+0800,dq-rules-1.0,0785f82072926b5a6d997122eb58cc200a6fa871125f050c2a4ab94d5d6d9ba5,019010d64fe47d89c81bfaedafd458f1d886025bb34292c0c32eafcfa4392657,DS-000131,未限定,无法判定,未提供正式频率合同,无已证明字段,无法判定,无法判定,事件时间语义、时区或预期频率未形成可验证合同,冻结事件时间字段、时区、边界规则和预期频率后创建新审计批次
audit-20260728T233014+0800,dq-rules-1.0,0785f82072926b5a6d997122eb58cc200a6fa871125f050c2a4ab94d5d6d9ba5,019010d64fe47d89c81bfaedafd458f1d886025bb34292c0c32eafcfa4392657,DS-000132,未限定,无法判定,未提供正式频率合同,无已证明字段,无法判定,无法判定,事件时间语义、时区或预期频率未形成可验证合同,冻结事件时间字段、时区、边界规则和预期频率后创建新审计批次
audit-20260728T233014+0800,dq-rules-1.0,0785f82072926b5a6d997122eb58cc200a6fa871125f050c2a4ab94d5d6d9ba5,019010d64fe47d89c81bfaedafd458f1d886025bb34292c0c32eafcfa4392657,DS-000133,未限定,无法判定,未提供正式频率合同,无已证明字段,无法判定,无法判定,事件时间语义、时区或预期频率未形成可验证合同,冻结事件时间字段、时区、边界规则和预期频率后创建新审计批次
audit-20260728T233014+0800,dq-rules-1.0,0785f82072926b5a6d997122eb58cc200a6fa871125f050c2a4ab94d5d6d9ba5,019010d64fe47d89c81bfaedafd458f1d886025bb34292c0c32eafcfa4392657,DS-000134,未限定,无法判定,未提供正式频率合同,无已证明字段,无法判定,无法判定,事件时间语义、时区或预期频率未形成可验证合同,冻结事件时间字段、时区、边界规则和预期频率后创建新审计批次
audit-20260728T233014+0800,dq-rules-1.0,0785f82072926b5a6d997122eb58cc200a6fa871125f050c2a4ab94d5d6d9ba5,019010d64fe47d89c81bfaedafd458f1d886025bb34292c0c32eafcfa4392657,DS-000135,未限定,无法判定,未提供正式频率合同,无已证明字段,无法判定,无法判定,事件时间语义、时区或预期频率未形成可验证合同,冻结事件时间字段、时区、边界规则和预期频率后创建新审计批次
audit-20260728T233014+0800,dq-rules-1.0,0785f82072926b5a6d997122eb58cc200a6fa871125f050c2a4ab94d5d6d9ba5,019010d64fe47d89c81bfaedafd458f1d886025bb34292c0c32eafcfa4392657,DS-000136,未限定,无法判定,未提供正式频率合同,无已证明字段,无法判定,无法判定,事件时间语义、时区或预期频率未形成可验证合同,冻结事件时间字段、时区、边界规则和预期频率后创建新审计批次
audit-20260728T233014+0800,dq-rules-1.0,0785f82072926b5a6d997122eb58cc200a6fa871125f050c2a4ab94d5d6d9ba5,019010d64fe47d89c81bfaedafd458f1d886025bb34292c0c32eafcfa4392657,DS-000137,未限定,无法判定,未提供正式频率合同,无已证明字段,无法判定,无法判定,事件时间语义、时区或预期频率未形成可验证合同,冻结事件时间字段、时区、边界规则和预期频率后创建新审计批次
audit-20260728T233014+0800,dq-rules-1.0,0785f82072926b5a6d997122eb58cc200a6fa871125f050c2a4ab94d5d6d9ba5,019010d64fe47d89c81bfaedafd458f1d886025bb34292c0c32eafcfa4392657,DS-000138,未限定,无法判定,未提供正式频率合同,无已证明字段,无法判定,无法判定,事件时间语义、时区或预期频率未形成可验证合同,冻结事件时间字段、时区、边界规则和预期频率后创建新审计批次
audit-20260728T233014+0800,dq-rules-1.0,0785f82072926b5a6d997122eb58cc200a6fa871125f050c2a4ab94d5d6d9ba5,019010d64fe47d89c81bfaedafd458f1d886025bb34292c0c32eafcfa4392657,DS-000139,未限定,无法判定,未提供正式频率合同,无已证明字段,无法判定,无法判定,事件时间语义、时区或预期频率未形成可验证合同,冻结事件时间字段、时区、边界规则和预期频率后创建新审计批次
audit-20260728T233014+0800,dq-rules-1.0,0785f82072926b5a6d997122eb58cc200a6fa871125f050c2a4ab94d5d6d9ba5,019010d64fe47d89c81bfaedafd458f1d886025bb34292c0c32eafcfa4392657,DS-000140,未限定,无法判定,未提供正式频率合同,无已证明字段,无法判定,无法判定,事件时间语义、时区或预期频率未形成可验证合同,冻结事件时间字段、时区、边界规则和预期频率后创建新审计批次
audit-20260728T233014+0800,dq-rules-1.0,0785f82072926b5a6d997122eb58cc200a6fa871125f050c2a4ab94d5d6d9ba5,019010d64fe47d89c81bfaedafd458f1d886025bb34292c0c32eafcfa4392657,DS-000141,未限定,无法判定,未提供正式频率合同,无已证明字段,无法判定,无法判定,事件时间语义、时区或预期频率未形成可验证合同,冻结事件时间字段、时区、边界规则和预期频率后创建新审计批次
audit-20260728T233014+0800,dq-rules-1.0,0785f82072926b5a6d997122eb58cc200a6fa871125f050c2a4ab94d5d6d9ba5,019010d64fe47d89c81bfaedafd458f1d886025bb34292c0c32eafcfa4392657,DS-000142,未限定,无法判定,未提供正式频率合同,无已证明字段,无法判定,无法判定,事件时间语义、时区或预期频率未形成可验证合同,冻结事件时间字段、时区、边界规则和预期频率后创建新审计批次
audit-20260728T233014+0800,dq-rules-1.0,0785f82072926b5a6d997122eb58cc200a6fa871125f050c2a4ab94d5d6d9ba5,019010d64fe47d89c81bfaedafd458f1d886025bb34292c0c32eafcfa4392657,DS-000143,未限定,无法判定,未提供正式频率合同,无已证明字段,无法判定,无法判定,事件时间语义、时区或预期频率未形成可验证合同,冻结事件时间字段、时区、边界规则和预期频率后创建新审计批次
audit-20260728T233014+0800,dq-rules-1.0,0785f82072926b5a6d997122eb58cc200a6fa871125f050c2a4ab94d5d6d9ba5,019010d64fe47d89c81bfaedafd458f1d886025bb34292c0c32eafcfa4392657,DS-000144,未限定,无法判定,未提供正式频率合同,无已证明字段,无法判定,无法判定,事件时间语义、时区或预期频率未形成可验证合同,冻结事件时间字段、时区、边界规则和预期频率后创建新审计批次
audit-20260728T233014+0800,dq-rules-1.0,0785f82072926b5a6d997122eb58cc200a6fa871125f050c2a4ab94d5d6d9ba5,019010d64fe47d89c81bfaedafd458f1d886025bb34292c0c32eafcfa4392657,DS-000145,未限定,无法判定,未提供正式频率合同,无已证明字段,无法判定,无法判定,事件时间语义、时区或预期频率未形成可验证合同,冻结事件时间字段、时区、边界规则和预期频率后创建新审计批次
audit-20260728T233014+0800,dq-rules-1.0,0785f82072926b5a6d997122eb58cc200a6fa871125f050c2a4ab94d5d6d9ba5,019010d64fe47d89c81bfaedafd458f1d886025bb34292c0c32eafcfa4392657,DS-000146,未限定,无法判定,未提供正式频率合同,无已证明字段,无法判定,无法判定,事件时间语义、时区或预期频率未形成可验证合同,冻结事件时间字段、时区、边界规则和预期频率后创建新审计批次
audit-20260728T233014+0800,dq-rules-1.0,0785f82072926b5a6d997122eb58cc200a6fa871125f050c2a4ab94d5d6d9ba5,019010d64fe47d89c81bfaedafd458f1d886025bb34292c0c32eafcfa4392657,DS-000147,未限定,无法判定,未提供正式频率合同,无已证明字段,无法判定,无法判定,事件时间语义、时区或预期频率未形成可验证合同,冻结事件时间字段、时区、边界规则和预期频率后创建新审计批次
audit-20260728T233014+0800,dq-rules-1.0,0785f82072926b5a6d997122eb58cc200a6fa871125f050c2a4ab94d5d6d9ba5,019010d64fe47d89c81bfaedafd458f1d886025bb34292c0c32eafcfa4392657,DS-000148,未限定,无法判定,未提供正式频率合同,无已证明字段,无法判定,无法判定,事件时间语义、时区或预期频率未形成可验证合同,冻结事件时间字段、时区、边界规则和预期频率后创建新审计批次
audit-20260728T233014+0800,dq-rules-1.0,0785f82072926b5a6d997122eb58cc200a6fa871125f050c2a4ab94d5d6d9ba5,019010d64fe47d89c81bfaedafd458f1d886025bb34292c0c32eafcfa4392657,DS-000149,未限定,无法判定,未提供正式频率合同,无已证明字段,无法判定,无法判定,事件时间语义、时区或预期频率未形成可验证合同,冻结事件时间字段、时区、边界规则和预期频率后创建新审计批次
audit-20260728T233014+0800,dq-rules-1.0,0785f82072926b5a6d997122eb58cc200a6fa871125f050c2a4ab94d5d6d9ba5,019010d64fe47d89c81bfaedafd458f1d886025bb34292c0c32eafcfa4392657,DS-000150,未限定,无法判定,未提供正式频率合同,无已证明字段,无法判定,无法判定,事件时间语义、时区或预期频率未形成可验证合同,冻结事件时间字段、时区、边界规则和预期频率后创建新审计批次
audit-20260728T233014+0800,dq-rules-1.0,0785f82072926b5a6d997122eb58cc200a6fa871125f050c2a4ab94d5d6d9ba5,019010d64fe47d89c81bfaedafd458f1d886025bb34292c0c32eafcfa4392657,DS-000151,未限定,无法判定,未提供正式频率合同,无已证明字段,无法判定,无法判定,事件时间语义、时区或预期频率未形成可验证合同,冻结事件时间字段、时区、边界规则和预期频率后创建新审计批次
audit-20260728T233014+0800,dq-rules-1.0,0785f82072926b5a6d997122eb58cc200a6fa871125f050c2a4ab94d5d6d9ba5,019010d64fe47d89c81bfaedafd458f1d886025bb34292c0c32eafcfa4392657,DS-000152,未限定,无法判定,未提供正式频率合同,无已证明字段,无法判定,无法判定,事件时间语义、时区或预期频率未形成可验证合同,冻结事件时间字段、时区、边界规则和预期频率后创建新审计批次
audit-20260728T233014+0800,dq-rules-1.0,0785f82072926b5a6d997122eb58cc200a6fa871125f050c2a4ab94d5d6d9ba5,019010d64fe47d89c81bfaedafd458f1d886025bb34292c0c32eafcfa4392657,DS-000153,未限定,无法判定,未提供正式频率合同,无已证明字段,无法判定,无法判定,事件时间语义、时区或预期频率未形成可验证合同,冻结事件时间字段、时区、边界规则和预期频率后创建新审计批次
audit-20260728T233014+0800,dq-rules-1.0,0785f82072926b5a6d997122eb58cc200a6fa871125f050c2a4ab94d5d6d9ba5,019010d64fe47d89c81bfaedafd458f1d886025bb34292c0c32eafcfa4392657,DS-000154,未限定,无法判定,未提供正式频率合同,无已证明字段,无法判定,无法判定,事件时间语义、时区或预期频率未形成可验证合同,冻结事件时间字段、时区、边界规则和预期频率后创建新审计批次
audit-20260728T233014+0800,dq-rules-1.0,0785f82072926b5a6d997122eb58cc200a6fa871125f050c2a4ab94d5d6d9ba5,019010d64fe47d89c81bfaedafd458f1d886025bb34292c0c32eafcfa4392657,DS-000155,未限定,无法判定,未提供正式频率合同,无已证明字段,无法判定,无法判定,事件时间语义、时区或预期频率未形成可验证合同,冻结事件时间字段、时区、边界规则和预期频率后创建新审计批次
audit-20260728T233014+0800,dq-rules-1.0,0785f82072926b5a6d997122eb58cc200a6fa871125f050c2a4ab94d5d6d9ba5,019010d64fe47d89c81bfaedafd458f1d886025bb34292c0c32eafcfa4392657,DS-000156,未限定,无法判定,未提供正式频率合同,无已证明字段,无法判定,无法判定,事件时间语义、时区或预期频率未形成可验证合同,冻结事件时间字段、时区、边界规则和预期频率后创建新审计批次
audit-20260728T233014+0800,dq-rules-1.0,0785f82072926b5a6d997122eb58cc200a6fa871125f050c2a4ab94d5d6d9ba5,019010d64fe47d89c81bfaedafd458f1d886025bb34292c0c32eafcfa4392657,DS-000157,未限定,无法判定,未提供正式频率合同,无已证明字段,无法判定,无法判定,事件时间语义、时区或预期频率未形成可验证合同,冻结事件时间字段、时区、边界规则和预期频率后创建新审计批次
audit-20260728T233014+0800,dq-rules-1.0,0785f82072926b5a6d997122eb58cc200a6fa871125f050c2a4ab94d5d6d9ba5,019010d64fe47d89c81bfaedafd458f1d886025bb34292c0c32eafcfa4392657,DS-000158,未限定,无法判定,未提供正式频率合同,无已证明字段,无法判定,无法判定,事件时间语义、时区或预期频率未形成可验证合同,冻结事件时间字段、时区、边界规则和预期频率后创建新审计批次
audit-20260728T233014+0800,dq-rules-1.0,0785f82072926b5a6d997122eb58cc200a6fa871125f050c2a4ab94d5d6d9ba5,019010d64fe47d89c81bfaedafd458f1d886025bb34292c0c32eafcfa4392657,DS-000159,未限定,无法判定,未提供正式频率合同,无已证明字段,无法判定,无法判定,事件时间语义、时区或预期频率未形成可验证合同,冻结事件时间字段、时区、边界规则和预期频率后创建新审计批次
audit-20260728T233014+0800,dq-rules-1.0,0785f82072926b5a6d997122eb58cc200a6fa871125f050c2a4ab94d5d6d9ba5,019010d64fe47d89c81bfaedafd458f1d886025bb34292c0c32eafcfa4392657,DS-000160,未限定,无法判定,未提供正式频率合同,无已证明字段,无法判定,无法判定,事件时间语义、时区或预期频率未形成可验证合同,冻结事件时间字段、时区、边界规则和预期频率后创建新审计批次
audit-20260728T233014+0800,dq-rules-1.0,0785f82072926b5a6d997122eb58cc200a6fa871125f050c2a4ab94d5d6d9ba5,019010d64fe47d89c81bfaedafd458f1d886025bb34292c0c32eafcfa4392657,DS-000161,未限定,无法判定,未提供正式频率合同,无已证明字段,无法判定,无法判定,事件时间语义、时区或预期频率未形成可验证合同,冻结事件时间字段、时区、边界规则和预期频率后创建新审计批次
audit-20260728T233014+0800,dq-rules-1.0,0785f82072926b5a6d997122eb58cc200a6fa871125f050c2a4ab94d5d6d9ba5,019010d64fe47d89c81bfaedafd458f1d886025bb34292c0c32eafcfa4392657,DS-000162,未限定,无法判定,未提供正式频率合同,无已证明字段,无法判定,无法判定,事件时间语义、时区或预期频率未形成可验证合同,冻结事件时间字段、时区、边界规则和预期频率后创建新审计批次
audit-20260728T233014+0800,dq-rules-1.0,0785f82072926b5a6d997122eb58cc200a6fa871125f050c2a4ab94d5d6d9ba5,019010d64fe47d89c81bfaedafd458f1d886025bb34292c0c32eafcfa4392657,DS-000163,未限定,无法判定,未提供正式频率合同,无已证明字段,无法判定,无法判定,事件时间语义、时区或预期频率未形成可验证合同,冻结事件时间字段、时区、边界规则和预期频率后创建新审计批次
audit-20260728T233014+0800,dq-rules-1.0,0785f82072926b5a6d997122eb58cc200a6fa871125f050c2a4ab94d5d6d9ba5,019010d64fe47d89c81bfaedafd458f1d886025bb34292c0c32eafcfa4392657,DS-000164,未限定,无法判定,未提供正式频率合同,无已证明字段,无法判定,无法判定,事件时间语义、时区或预期频率未形成可验证合同,冻结事件时间字段、时区、边界规则和预期频率后创建新审计批次
audit-20260728T233014+0800,dq-rules-1.0,0785f82072926b5a6d997122eb58cc200a6fa871125f050c2a4ab94d5d6d9ba5,019010d64fe47d89c81bfaedafd458f1d886025bb34292c0c32eafcfa4392657,DS-000165,未限定,无法判定,未提供正式频率合同,无已证明字段,无法判定,无法判定,事件时间语义、时区或预期频率未形成可验证合同,冻结事件时间字段、时区、边界规则和预期频率后创建新审计批次
audit-20260728T233014+0800,dq-rules-1.0,0785f82072926b5a6d997122eb58cc200a6fa871125f050c2a4ab94d5d6d9ba5,019010d64fe47d89c81bfaedafd458f1d886025bb34292c0c32eafcfa4392657,DS-000166,未限定,无法判定,未提供正式频率合同,无已证明字段,无法判定,无法判定,事件时间语义、时区或预期频率未形成可验证合同,冻结事件时间字段、时区、边界规则和预期频率后创建新审计批次
audit-20260728T233014+0800,dq-rules-1.0,0785f82072926b5a6d997122eb58cc200a6fa871125f050c2a4ab94d5d6d9ba5,019010d64fe47d89c81bfaedafd458f1d886025bb34292c0c32eafcfa4392657,DS-000167,未限定,无法判定,未提供正式频率合同,无已证明字段,无法判定,无法判定,事件时间语义、时区或预期频率未形成可验证合同,冻结事件时间字段、时区、边界规则和预期频率后创建新审计批次
audit-20260728T233014+0800,dq-rules-1.0,0785f82072926b5a6d997122eb58cc200a6fa871125f050c2a4ab94d5d6d9ba5,019010d64fe47d89c81bfaedafd458f1d886025bb34292c0c32eafcfa4392657,DS-000168,未限定,无法判定,未提供正式频率合同,无已证明字段,无法判定,无法判定,事件时间语义、时区或预期频率未形成可验证合同,冻结事件时间字段、时区、边界规则和预期频率后创建新审计批次
audit-20260728T233014+0800,dq-rules-1.0,0785f82072926b5a6d997122eb58cc200a6fa871125f050c2a4ab94d5d6d9ba5,019010d64fe47d89c81bfaedafd458f1d886025bb34292c0c32eafcfa4392657,DS-000169,未限定,无法判定,未提供正式频率合同,无已证明字段,无法判定,无法判定,事件时间语义、时区或预期频率未形成可验证合同,冻结事件时间字段、时区、边界规则和预期频率后创建新审计批次
audit-20260728T233014+0800,dq-rules-1.0,0785f82072926b5a6d997122eb58cc200a6fa871125f050c2a4ab94d5d6d9ba5,019010d64fe47d89c81bfaedafd458f1d886025bb34292c0c32eafcfa4392657,DS-000170,未限定,无法判定,未提供正式频率合同,无已证明字段,无法判定,无法判定,事件时间语义、时区或预期频率未形成可验证合同,冻结事件时间字段、时区、边界规则和预期频率后创建新审计批次
audit-20260728T233014+0800,dq-rules-1.0,0785f82072926b5a6d997122eb58cc200a6fa871125f050c2a4ab94d5d6d9ba5,019010d64fe47d89c81bfaedafd458f1d886025bb34292c0c32eafcfa4392657,DS-000171,未限定,无法判定,未提供正式频率合同,无已证明字段,无法判定,无法判定,事件时间语义、时区或预期频率未形成可验证合同,冻结事件时间字段、时区、边界规则和预期频率后创建新审计批次
audit-20260728T233014+0800,dq-rules-1.0,0785f82072926b5a6d997122eb58cc200a6fa871125f050c2a4ab94d5d6d9ba5,019010d64fe47d89c81bfaedafd458f1d886025bb34292c0c32eafcfa4392657,DS-000172,未限定,无法判定,未提供正式频率合同,无已证明字段,无法判定,无法判定,事件时间语义、时区或预期频率未形成可验证合同,冻结事件时间字段、时区、边界规则和预期频率后创建新审计批次
audit-20260728T233014+0800,dq-rules-1.0,0785f82072926b5a6d997122eb58cc200a6fa871125f050c2a4ab94d5d6d9ba5,019010d64fe47d89c81bfaedafd458f1d886025bb34292c0c32eafcfa4392657,DS-000173,未限定,无法判定,未提供正式频率合同,无已证明字段,无法判定,无法判定,事件时间语义、时区或预期频率未形成可验证合同,冻结事件时间字段、时区、边界规则和预期频率后创建新审计批次
audit-20260728T233014+0800,dq-rules-1.0,0785f82072926b5a6d997122eb58cc200a6fa871125f050c2a4ab94d5d6d9ba5,019010d64fe47d89c81bfaedafd458f1d886025bb34292c0c32eafcfa4392657,DS-000174,未限定,无法判定,未提供正式频率合同,无已证明字段,无法判定,无法判定,事件时间语义、时区或预期频率未形成可验证合同,冻结事件时间字段、时区、边界规则和预期频率后创建新审计批次
audit-20260728T233014+0800,dq-rules-1.0,0785f82072926b5a6d997122eb58cc200a6fa871125f050c2a4ab94d5d6d9ba5,019010d64fe47d89c81bfaedafd458f1d886025bb34292c0c32eafcfa4392657,DS-000175,未限定,无法判定,未提供正式频率合同,无已证明字段,无法判定,无法判定,事件时间语义、时区或预期频率未形成可验证合同,冻结事件时间字段、时区、边界规则和预期频率后创建新审计批次
audit-20260728T233014+0800,dq-rules-1.0,0785f82072926b5a6d997122eb58cc200a6fa871125f050c2a4ab94d5d6d9ba5,019010d64fe47d89c81bfaedafd458f1d886025bb34292c0c32eafcfa4392657,DS-000176,未限定,无法判定,未提供正式频率合同,无已证明字段,无法判定,无法判定,事件时间语义、时区或预期频率未形成可验证合同,冻结事件时间字段、时区、边界规则和预期频率后创建新审计批次
audit-20260728T233014+0800,dq-rules-1.0,0785f82072926b5a6d997122eb58cc200a6fa871125f050c2a4ab94d5d6d9ba5,019010d64fe47d89c81bfaedafd458f1d886025bb34292c0c32eafcfa4392657,DS-000177,未限定,无法判定,未提供正式频率合同,无已证明字段,无法判定,无法判定,事件时间语义、时区或预期频率未形成可验证合同,冻结事件时间字段、时区、边界规则和预期频率后创建新审计批次
audit-20260728T233014+0800,dq-rules-1.0,0785f82072926b5a6d997122eb58cc200a6fa871125f050c2a4ab94d5d6d9ba5,019010d64fe47d89c81bfaedafd458f1d886025bb34292c0c32eafcfa4392657,DS-000178,未限定,无法判定,未提供正式频率合同,无已证明字段,无法判定,无法判定,事件时间语义、时区或预期频率未形成可验证合同,冻结事件时间字段、时区、边界规则和预期频率后创建新审计批次
audit-20260728T233014+0800,dq-rules-1.0,0785f82072926b5a6d997122eb58cc200a6fa871125f050c2a4ab94d5d6d9ba5,019010d64fe47d89c81bfaedafd458f1d886025bb34292c0c32eafcfa4392657,DS-000179,未限定,无法判定,未提供正式频率合同,无已证明字段,无法判定,无法判定,事件时间语义、时区或预期频率未形成可验证合同,冻结事件时间字段、时区、边界规则和预期频率后创建新审计批次
audit-20260728T233014+0800,dq-rules-1.0,0785f82072926b5a6d997122eb58cc200a6fa871125f050c2a4ab94d5d6d9ba5,019010d64fe47d89c81bfaedafd458f1d886025bb34292c0c32eafcfa4392657,DS-000180,未限定,无法判定,未提供正式频率合同,无已证明字段,无法判定,无法判定,事件时间语义、时区或预期频率未形成可验证合同,冻结事件时间字段、时区、边界规则和预期频率后创建新审计批次
audit-20260728T233014+0800,dq-rules-1.0,0785f82072926b5a6d997122eb58cc200a6fa871125f050c2a4ab94d5d6d9ba5,019010d64fe47d89c81bfaedafd458f1d886025bb34292c0c32eafcfa4392657,DS-000181,未限定,无法判定,未提供正式频率合同,无已证明字段,无法判定,无法判定,事件时间语义、时区或预期频率未形成可验证合同,冻结事件时间字段、时区、边界规则和预期频率后创建新审计批次
audit-20260728T233014+0800,dq-rules-1.0,0785f82072926b5a6d997122eb58cc200a6fa871125f050c2a4ab94d5d6d9ba5,019010d64fe47d89c81bfaedafd458f1d886025bb34292c0c32eafcfa4392657,DS-000182,未限定,无法判定,未提供正式频率合同,无已证明字段,无法判定,无法判定,事件时间语义、时区或预期频率未形成可验证合同,冻结事件时间字段、时区、边界规则和预期频率后创建新审计批次
audit-20260728T233014+0800,dq-rules-1.0,0785f82072926b5a6d997122eb58cc200a6fa871125f050c2a4ab94d5d6d9ba5,019010d64fe47d89c81bfaedafd458f1d886025bb34292c0c32eafcfa4392657,DS-000183,未限定,无法判定,未提供正式频率合同,无已证明字段,无法判定,无法判定,事件时间语义、时区或预期频率未形成可验证合同,冻结事件时间字段、时区、边界规则和预期频率后创建新审计批次
audit-20260728T233014+0800,dq-rules-1.0,0785f82072926b5a6d997122eb58cc200a6fa871125f050c2a4ab94d5d6d9ba5,019010d64fe47d89c81bfaedafd458f1d886025bb34292c0c32eafcfa4392657,DS-000184,未限定,无法判定,未提供正式频率合同,无已证明字段,无法判定,无法判定,事件时间语义、时区或预期频率未形成可验证合同,冻结事件时间字段、时区、边界规则和预期频率后创建新审计批次
audit-20260728T233014+0800,dq-rules-1.0,0785f82072926b5a6d997122eb58cc200a6fa871125f050c2a4ab94d5d6d9ba5,019010d64fe47d89c81bfaedafd458f1d886025bb34292c0c32eafcfa4392657,DS-000185,BTC,无法判定,未提供正式频率合同,无已证明字段,无法判定,无法判定,事件时间语义、时区或预期频率未形成可验证合同,冻结事件时间字段、时区、边界规则和预期频率后创建新审计批次
audit-20260728T233014+0800,dq-rules-1.0,0785f82072926b5a6d997122eb58cc200a6fa871125f050c2a4ab94d5d6d9ba5,019010d64fe47d89c81bfaedafd458f1d886025bb34292c0c32eafcfa4392657,DS-000186,未限定,无法判定,未提供正式频率合同,无已证明字段,无法判定,无法判定,事件时间语义、时区或预期频率未形成可验证合同,冻结事件时间字段、时区、边界规则和预期频率后创建新审计批次
audit-20260728T233014+0800,dq-rules-1.0,0785f82072926b5a6d997122eb58cc200a6fa871125f050c2a4ab94d5d6d9ba5,019010d64fe47d89c81bfaedafd458f1d886025bb34292c0c32eafcfa4392657,DS-000187,未限定,无法判定,未提供正式频率合同,无已证明字段,无法判定,无法判定,事件时间语义、时区或预期频率未形成可验证合同,冻结事件时间字段、时区、边界规则和预期频率后创建新审计批次
audit-20260728T233014+0800,dq-rules-1.0,0785f82072926b5a6d997122eb58cc200a6fa871125f050c2a4ab94d5d6d9ba5,019010d64fe47d89c81bfaedafd458f1d886025bb34292c0c32eafcfa4392657,DS-000188,未限定,无法判定,未提供正式频率合同,无已证明字段,无法判定,无法判定,事件时间语义、时区或预期频率未形成可验证合同,冻结事件时间字段、时区、边界规则和预期频率后创建新审计批次
audit-20260728T233014+0800,dq-rules-1.0,0785f82072926b5a6d997122eb58cc200a6fa871125f050c2a4ab94d5d6d9ba5,019010d64fe47d89c81bfaedafd458f1d886025bb34292c0c32eafcfa4392657,DS-000189,未限定,无法判定,未提供正式频率合同,无已证明字段,无法判定,无法判定,事件时间语义、时区或预期频率未形成可验证合同,冻结事件时间字段、时区、边界规则和预期频率后创建新审计批次
audit-20260728T233014+0800,dq-rules-1.0,0785f82072926b5a6d997122eb58cc200a6fa871125f050c2a4ab94d5d6d9ba5,019010d64fe47d89c81bfaedafd458f1d886025bb34292c0c32eafcfa4392657,DS-000190,未限定,无法判定,未提供正式频率合同,无已证明字段,无法判定,无法判定,事件时间语义、时区或预期频率未形成可验证合同,冻结事件时间字段、时区、边界规则和预期频率后创建新审计批次
audit-20260728T233014+0800,dq-rules-1.0,0785f82072926b5a6d997122eb58cc200a6fa871125f050c2a4ab94d5d6d9ba5,019010d64fe47d89c81bfaedafd458f1d886025bb34292c0c32eafcfa4392657,DS-000191,未限定,无法判定,未提供正式频率合同,无已证明字段,无法判定,无法判定,事件时间语义、时区或预期频率未形成可验证合同,冻结事件时间字段、时区、边界规则和预期频率后创建新审计批次
audit-20260728T233014+0800,dq-rules-1.0,0785f82072926b5a6d997122eb58cc200a6fa871125f050c2a4ab94d5d6d9ba5,019010d64fe47d89c81bfaedafd458f1d886025bb34292c0c32eafcfa4392657,DS-000192,未限定,无法判定,未提供正式频率合同,无已证明字段,无法判定,无法判定,事件时间语义、时区或预期频率未形成可验证合同,冻结事件时间字段、时区、边界规则和预期频率后创建新审计批次
audit-20260728T233014+0800,dq-rules-1.0,0785f82072926b5a6d997122eb58cc200a6fa871125f050c2a4ab94d5d6d9ba5,019010d64fe47d89c81bfaedafd458f1d886025bb34292c0c32eafcfa4392657,DS-000193,未限定,无法判定,未提供正式频率合同,无已证明字段,无法判定,无法判定,事件时间语义、时区或预期频率未形成可验证合同,冻结事件时间字段、时区、边界规则和预期频率后创建新审计批次
audit-20260728T233014+0800,dq-rules-1.0,0785f82072926b5a6d997122eb58cc200a6fa871125f050c2a4ab94d5d6d9ba5,019010d64fe47d89c81bfaedafd458f1d886025bb34292c0c32eafcfa4392657,DS-000194,未限定,无法判定,未提供正式频率合同,orders.close_time、orders.open_time、research_orders.close_time、research_orders.open_time、simulation_orders.close_time、simulation_orders.open_time,无法判定,无法判定,事件时间语义、时区或预期频率未形成可验证合同,冻结事件时间字段、时区、边界规则和预期频率后创建新审计批次
audit-20260728T233014+0800,dq-rules-1.0,0785f82072926b5a6d997122eb58cc200a6fa871125f050c2a4ab94d5d6d9ba5,019010d64fe47d89c81bfaedafd458f1d886025bb34292c0c32eafcfa4392657,DS-000195,BTC、ETH,无法判定,未提供正式频率合同,无已证明字段,无法判定,无法判定,事件时间语义、时区或预期频率未形成可验证合同,冻结事件时间字段、时区、边界规则和预期频率后创建新审计批次
audit-20260728T233014+0800,dq-rules-1.0,0785f82072926b5a6d997122eb58cc200a6fa871125f050c2a4ab94d5d6d9ba5,019010d64fe47d89c81bfaedafd458f1d886025bb34292c0c32eafcfa4392657,DS-000196,BTC,无法判定,未提供正式频率合同,无已证明字段,无法判定,无法判定,事件时间语义、时区或预期频率未形成可验证合同,冻结事件时间字段、时区、边界规则和预期频率后创建新审计批次
audit-20260728T233014+0800,dq-rules-1.0,0785f82072926b5a6d997122eb58cc200a6fa871125f050c2a4ab94d5d6d9ba5,019010d64fe47d89c81bfaedafd458f1d886025bb34292c0c32eafcfa4392657,DS-000197,未限定,无法判定,未提供正式频率合同,无已证明字段,无法判定,无法判定,事件时间语义、时区或预期频率未形成可验证合同,冻结事件时间字段、时区、边界规则和预期频率后创建新审计批次
audit-20260728T233014+0800,dq-rules-1.0,0785f82072926b5a6d997122eb58cc200a6fa871125f050c2a4ab94d5d6d9ba5,019010d64fe47d89c81bfaedafd458f1d886025bb34292c0c32eafcfa4392657,DS-000198,未限定,无法判定,未提供正式频率合同,无已证明字段,无法判定,无法判定,事件时间语义、时区或预期频率未形成可验证合同,冻结事件时间字段、时区、边界规则和预期频率后创建新审计批次
audit-20260728T233014+0800,dq-rules-1.0,0785f82072926b5a6d997122eb58cc200a6fa871125f050c2a4ab94d5d6d9ba5,019010d64fe47d89c81bfaedafd458f1d886025bb34292c0c32eafcfa4392657,DS-000199,未限定,无法判定,未提供正式频率合同,无已证明字段,无法判定,无法判定,事件时间语义、时区或预期频率未形成可验证合同,冻结事件时间字段、时区、边界规则和预期频率后创建新审计批次
audit-20260728T233014+0800,dq-rules-1.0,0785f82072926b5a6d997122eb58cc200a6fa871125f050c2a4ab94d5d6d9ba5,019010d64fe47d89c81bfaedafd458f1d886025bb34292c0c32eafcfa4392657,DS-000200,未限定,无法判定,未提供正式频率合同,无已证明字段,无法判定,无法判定,事件时间语义、时区或预期频率未形成可验证合同,冻结事件时间字段、时区、边界规则和预期频率后创建新审计批次
audit-20260728T233014+0800,dq-rules-1.0,0785f82072926b5a6d997122eb58cc200a6fa871125f050c2a4ab94d5d6d9ba5,019010d64fe47d89c81bfaedafd458f1d886025bb34292c0c32eafcfa4392657,DS-000201,未限定,无法判定,未提供正式频率合同,无已证明字段,无法判定,无法判定,事件时间语义、时区或预期频率未形成可验证合同,冻结事件时间字段、时区、边界规则和预期频率后创建新审计批次
audit-20260728T233014+0800,dq-rules-1.0,0785f82072926b5a6d997122eb58cc200a6fa871125f050c2a4ab94d5d6d9ba5,019010d64fe47d89c81bfaedafd458f1d886025bb34292c0c32eafcfa4392657,DS-000202,BTC,无法判定,未提供正式频率合同,open_time,无法判定,无法判定,事件时间语义、时区或预期频率未形成可验证合同,冻结事件时间字段、时区、边界规则和预期频率后创建新审计批次
audit-20260728T233014+0800,dq-rules-1.0,0785f82072926b5a6d997122eb58cc200a6fa871125f050c2a4ab94d5d6d9ba5,019010d64fe47d89c81bfaedafd458f1d886025bb34292c0c32eafcfa4392657,DS-000203,BTC,无法判定,未提供正式频率合同,open_time,无法判定,无法判定,事件时间语义、时区或预期频率未形成可验证合同,冻结事件时间字段、时区、边界规则和预期频率后创建新审计批次
audit-20260728T233014+0800,dq-rules-1.0,0785f82072926b5a6d997122eb58cc200a6fa871125f050c2a4ab94d5d6d9ba5,019010d64fe47d89c81bfaedafd458f1d886025bb34292c0c32eafcfa4392657,DS-000204,BTC,无法判定,未提供正式频率合同,open_time,无法判定,无法判定,事件时间语义、时区或预期频率未形成可验证合同,冻结事件时间字段、时区、边界规则和预期频率后创建新审计批次
audit-20260728T233014+0800,dq-rules-1.0,0785f82072926b5a6d997122eb58cc200a6fa871125f050c2a4ab94d5d6d9ba5,019010d64fe47d89c81bfaedafd458f1d886025bb34292c0c32eafcfa4392657,DS-000205,BTC,无法判定,未提供正式频率合同,open_time,无法判定,无法判定,事件时间语义、时区或预期频率未形成可验证合同,冻结事件时间字段、时区、边界规则和预期频率后创建新审计批次
audit-20260728T233014+0800,dq-rules-1.0,0785f82072926b5a6d997122eb58cc200a6fa871125f050c2a4ab94d5d6d9ba5,019010d64fe47d89c81bfaedafd458f1d886025bb34292c0c32eafcfa4392657,DS-000206,BTC,无法判定,未提供正式频率合同,open_time,无法判定,无法判定,事件时间语义、时区或预期频率未形成可验证合同,冻结事件时间字段、时区、边界规则和预期频率后创建新审计批次
audit-20260728T233014+0800,dq-rules-1.0,0785f82072926b5a6d997122eb58cc200a6fa871125f050c2a4ab94d5d6d9ba5,019010d64fe47d89c81bfaedafd458f1d886025bb34292c0c32eafcfa4392657,DS-000207,BTC,无法判定,未提供正式频率合同,open_time,无法判定,无法判定,事件时间语义、时区或预期频率未形成可验证合同,冻结事件时间字段、时区、边界规则和预期频率后创建新审计批次
audit-20260728T233014+0800,dq-rules-1.0,0785f82072926b5a6d997122eb58cc200a6fa871125f050c2a4ab94d5d6d9ba5,019010d64fe47d89c81bfaedafd458f1d886025bb34292c0c32eafcfa4392657,DS-000208,BTC,无法判定,未提供正式频率合同,open_time,无法判定,无法判定,事件时间语义、时区或预期频率未形成可验证合同,冻结事件时间字段、时区、边界规则和预期频率后创建新审计批次
audit-20260728T233014+0800,dq-rules-1.0,0785f82072926b5a6d997122eb58cc200a6fa871125f050c2a4ab94d5d6d9ba5,019010d64fe47d89c81bfaedafd458f1d886025bb34292c0c32eafcfa4392657,DS-000209,BTC,无法判定,未提供正式频率合同,open_time,无法判定,无法判定,事件时间语义、时区或预期频率未形成可验证合同,冻结事件时间字段、时区、边界规则和预期频率后创建新审计批次
audit-20260728T233014+0800,dq-rules-1.0,0785f82072926b5a6d997122eb58cc200a6fa871125f050c2a4ab94d5d6d9ba5,019010d64fe47d89c81bfaedafd458f1d886025bb34292c0c32eafcfa4392657,DS-000210,BTC,无法判定,未提供正式频率合同,open_time,无法判定,无法判定,事件时间语义、时区或预期频率未形成可验证合同,冻结事件时间字段、时区、边界规则和预期频率后创建新审计批次
audit-20260728T233014+0800,dq-rules-1.0,0785f82072926b5a6d997122eb58cc200a6fa871125f050c2a4ab94d5d6d9ba5,019010d64fe47d89c81bfaedafd458f1d886025bb34292c0c32eafcfa4392657,DS-000211,未限定,无法判定,未提供正式频率合同,无已证明字段,无法判定,无法判定,事件时间语义、时区或预期频率未形成可验证合同,冻结事件时间字段、时区、边界规则和预期频率后创建新审计批次
audit-20260728T233014+0800,dq-rules-1.0,0785f82072926b5a6d997122eb58cc200a6fa871125f050c2a4ab94d5d6d9ba5,019010d64fe47d89c81bfaedafd458f1d886025bb34292c0c32eafcfa4392657,DS-000212,未限定,无法判定,未提供正式频率合同,无已证明字段,无法判定,无法判定,事件时间语义、时区或预期频率未形成可验证合同,冻结事件时间字段、时区、边界规则和预期频率后创建新审计批次
audit-20260728T233014+0800,dq-rules-1.0,0785f82072926b5a6d997122eb58cc200a6fa871125f050c2a4ab94d5d6d9ba5,019010d64fe47d89c81bfaedafd458f1d886025bb34292c0c32eafcfa4392657,DS-000213,BTC,无法判定,未提供正式频率合同,无已证明字段,无法判定,无法判定,事件时间语义、时区或预期频率未形成可验证合同,冻结事件时间字段、时区、边界规则和预期频率后创建新审计批次
audit-20260728T233014+0800,dq-rules-1.0,0785f82072926b5a6d997122eb58cc200a6fa871125f050c2a4ab94d5d6d9ba5,019010d64fe47d89c81bfaedafd458f1d886025bb34292c0c32eafcfa4392657,DS-000214,BTC,无法判定,未提供正式频率合同,无已证明字段,无法判定,无法判定,事件时间语义、时区或预期频率未形成可验证合同,冻结事件时间字段、时区、边界规则和预期频率后创建新审计批次
audit-20260728T233014+0800,dq-rules-1.0,0785f82072926b5a6d997122eb58cc200a6fa871125f050c2a4ab94d5d6d9ba5,019010d64fe47d89c81bfaedafd458f1d886025bb34292c0c32eafcfa4392657,DS-000215,BTC,无法判定,未提供正式频率合同,无已证明字段,无法判定,无法判定,事件时间语义、时区或预期频率未形成可验证合同,冻结事件时间字段、时区、边界规则和预期频率后创建新审计批次
audit-20260728T233014+0800,dq-rules-1.0,0785f82072926b5a6d997122eb58cc200a6fa871125f050c2a4ab94d5d6d9ba5,019010d64fe47d89c81bfaedafd458f1d886025bb34292c0c32eafcfa4392657,DS-000216,BTC,无法判定,未提供正式频率合同,无已证明字段,无法判定,无法判定,事件时间语义、时区或预期频率未形成可验证合同,冻结事件时间字段、时区、边界规则和预期频率后创建新审计批次
audit-20260728T233014+0800,dq-rules-1.0,0785f82072926b5a6d997122eb58cc200a6fa871125f050c2a4ab94d5d6d9ba5,019010d64fe47d89c81bfaedafd458f1d886025bb34292c0c32eafcfa4392657,DS-000217,BTC、ETH,无法判定,未提供正式频率合同,无已证明字段,无法判定,无法判定,事件时间语义、时区或预期频率未形成可验证合同,冻结事件时间字段、时区、边界规则和预期频率后创建新审计批次
audit-20260728T233014+0800,dq-rules-1.0,0785f82072926b5a6d997122eb58cc200a6fa871125f050c2a4ab94d5d6d9ba5,019010d64fe47d89c81bfaedafd458f1d886025bb34292c0c32eafcfa4392657,DS-000218,BTC,无法判定,未提供正式频率合同,无已证明字段,无法判定,无法判定,事件时间语义、时区或预期频率未形成可验证合同,冻结事件时间字段、时区、边界规则和预期频率后创建新审计批次
audit-20260728T233014+0800,dq-rules-1.0,0785f82072926b5a6d997122eb58cc200a6fa871125f050c2a4ab94d5d6d9ba5,019010d64fe47d89c81bfaedafd458f1d886025bb34292c0c32eafcfa4392657,DS-000219,未限定,无法判定,未提供正式频率合同,无已证明字段,无法判定,无法判定,事件时间语义、时区或预期频率未形成可验证合同,冻结事件时间字段、时区、边界规则和预期频率后创建新审计批次
audit-20260728T233014+0800,dq-rules-1.0,0785f82072926b5a6d997122eb58cc200a6fa871125f050c2a4ab94d5d6d9ba5,019010d64fe47d89c81bfaedafd458f1d886025bb34292c0c32eafcfa4392657,DS-000220,未限定,无法判定,未提供正式频率合同,无已证明字段,无法判定,无法判定,事件时间语义、时区或预期频率未形成可验证合同,冻结事件时间字段、时区、边界规则和预期频率后创建新审计批次
audit-20260728T233014+0800,dq-rules-1.0,0785f82072926b5a6d997122eb58cc200a6fa871125f050c2a4ab94d5d6d9ba5,019010d64fe47d89c81bfaedafd458f1d886025bb34292c0c32eafcfa4392657,DS-000221,未限定,无法判定,未提供正式频率合同,无已证明字段,无法判定,无法判定,事件时间语义、时区或预期频率未形成可验证合同,冻结事件时间字段、时区、边界规则和预期频率后创建新审计批次
audit-20260728T233014+0800,dq-rules-1.0,0785f82072926b5a6d997122eb58cc200a6fa871125f050c2a4ab94d5d6d9ba5,019010d64fe47d89c81bfaedafd458f1d886025bb34292c0c32eafcfa4392657,DS-000222,未限定,无法判定,未提供正式频率合同,无已证明字段,无法判定,无法判定,事件时间语义、时区或预期频率未形成可验证合同,冻结事件时间字段、时区、边界规则和预期频率后创建新审计批次
audit-20260728T233014+0800,dq-rules-1.0,0785f82072926b5a6d997122eb58cc200a6fa871125f050c2a4ab94d5d6d9ba5,019010d64fe47d89c81bfaedafd458f1d886025bb34292c0c32eafcfa4392657,DS-000223,未限定,无法判定,未提供正式频率合同,无已证明字段,无法判定,无法判定,事件时间语义、时区或预期频率未形成可验证合同,冻结事件时间字段、时区、边界规则和预期频率后创建新审计批次
audit-20260728T233014+0800,dq-rules-1.0,0785f82072926b5a6d997122eb58cc200a6fa871125f050c2a4ab94d5d6d9ba5,019010d64fe47d89c81bfaedafd458f1d886025bb34292c0c32eafcfa4392657,DS-000225,未限定,无法判定,未提供正式频率合同,close_time、open_time,无法判定,无法判定,事件时间语义、时区或预期频率未形成可验证合同,冻结事件时间字段、时区、边界规则和预期频率后创建新审计批次
audit-20260728T233014+0800,dq-rules-1.0,0785f82072926b5a6d997122eb58cc200a6fa871125f050c2a4ab94d5d6d9ba5,019010d64fe47d89c81bfaedafd458f1d886025bb34292c0c32eafcfa4392657,DS-000226,未限定,无法判定,未提供正式频率合同,无已证明字段,无法判定,无法判定,事件时间语义、时区或预期频率未形成可验证合同,冻结事件时间字段、时区、边界规则和预期频率后创建新审计批次
audit-20260728T233014+0800,dq-rules-1.0,0785f82072926b5a6d997122eb58cc200a6fa871125f050c2a4ab94d5d6d9ba5,019010d64fe47d89c81bfaedafd458f1d886025bb34292c0c32eafcfa4392657,DS-000227,未限定,无法判定,未提供正式频率合同,close_time、open_time,无法判定,无法判定,事件时间语义、时区或预期频率未形成可验证合同,冻结事件时间字段、时区、边界规则和预期频率后创建新审计批次
audit-20260728T233014+0800,dq-rules-1.0,0785f82072926b5a6d997122eb58cc200a6fa871125f050c2a4ab94d5d6d9ba5,019010d64fe47d89c81bfaedafd458f1d886025bb34292c0c32eafcfa4392657,DS-000228,未限定,无法判定,未提供正式频率合同,无已证明字段,无法判定,无法判定,事件时间语义、时区或预期频率未形成可验证合同,冻结事件时间字段、时区、边界规则和预期频率后创建新审计批次
audit-20260728T233014+0800,dq-rules-1.0,0785f82072926b5a6d997122eb58cc200a6fa871125f050c2a4ab94d5d6d9ba5,019010d64fe47d89c81bfaedafd458f1d886025bb34292c0c32eafcfa4392657,DS-000229,未限定,无法判定,未提供正式频率合同,无已证明字段,无法判定,无法判定,事件时间语义、时区或预期频率未形成可验证合同,冻结事件时间字段、时区、边界规则和预期频率后创建新审计批次
audit-20260728T233014+0800,dq-rules-1.0,0785f82072926b5a6d997122eb58cc200a6fa871125f050c2a4ab94d5d6d9ba5,019010d64fe47d89c81bfaedafd458f1d886025bb34292c0c32eafcfa4392657,DS-000230,未限定,无法判定,未提供正式频率合同,close_time、open_time,无法判定,无法判定,事件时间语义、时区或预期频率未形成可验证合同,冻结事件时间字段、时区、边界规则和预期频率后创建新审计批次
audit-20260728T233014+0800,dq-rules-1.0,0785f82072926b5a6d997122eb58cc200a6fa871125f050c2a4ab94d5d6d9ba5,019010d64fe47d89c81bfaedafd458f1d886025bb34292c0c32eafcfa4392657,DS-000231,未限定,无法判定,未提供正式频率合同,无已证明字段,无法判定,无法判定,事件时间语义、时区或预期频率未形成可验证合同,冻结事件时间字段、时区、边界规则和预期频率后创建新审计批次
audit-20260728T233014+0800,dq-rules-1.0,0785f82072926b5a6d997122eb58cc200a6fa871125f050c2a4ab94d5d6d9ba5,019010d64fe47d89c81bfaedafd458f1d886025bb34292c0c32eafcfa4392657,DS-000232,未限定,无法判定,未提供正式频率合同,无已证明字段,无法判定,无法判定,事件时间语义、时区或预期频率未形成可验证合同,冻结事件时间字段、时区、边界规则和预期频率后创建新审计批次
audit-20260728T233014+0800,dq-rules-1.0,0785f82072926b5a6d997122eb58cc200a6fa871125f050c2a4ab94d5d6d9ba5,019010d64fe47d89c81bfaedafd458f1d886025bb34292c0c32eafcfa4392657,DS-000233,未限定,无法判定,未提供正式频率合同,无已证明字段,无法判定,无法判定,事件时间语义、时区或预期频率未形成可验证合同,冻结事件时间字段、时区、边界规则和预期频率后创建新审计批次
audit-20260728T233014+0800,dq-rules-1.0,0785f82072926b5a6d997122eb58cc200a6fa871125f050c2a4ab94d5d6d9ba5,019010d64fe47d89c81bfaedafd458f1d886025bb34292c0c32eafcfa4392657,DS-000234,未限定,无法判定,未提供正式频率合同,无已证明字段,无法判定,无法判定,事件时间语义、时区或预期频率未形成可验证合同,冻结事件时间字段、时区、边界规则和预期频率后创建新审计批次
audit-20260728T233014+0800,dq-rules-1.0,0785f82072926b5a6d997122eb58cc200a6fa871125f050c2a4ab94d5d6d9ba5,019010d64fe47d89c81bfaedafd458f1d886025bb34292c0c32eafcfa4392657,DS-000235,未限定,无法判定,未提供正式频率合同,无已证明字段,无法判定,无法判定,事件时间语义、时区或预期频率未形成可验证合同,冻结事件时间字段、时区、边界规则和预期频率后创建新审计批次
audit-20260728T233014+0800,dq-rules-1.0,0785f82072926b5a6d997122eb58cc200a6fa871125f050c2a4ab94d5d6d9ba5,019010d64fe47d89c81bfaedafd458f1d886025bb34292c0c32eafcfa4392657,DS-000236,未限定,无法判定,未提供正式频率合同,无已证明字段,无法判定,无法判定,事件时间语义、时区或预期频率未形成可验证合同,冻结事件时间字段、时区、边界规则和预期频率后创建新审计批次
audit-20260728T233014+0800,dq-rules-1.0,0785f82072926b5a6d997122eb58cc200a6fa871125f050c2a4ab94d5d6d9ba5,019010d64fe47d89c81bfaedafd458f1d886025bb34292c0c32eafcfa4392657,DS-000237,未限定,无法判定,未提供正式频率合同,无已证明字段,无法判定,无法判定,事件时间语义、时区或预期频率未形成可验证合同,冻结事件时间字段、时区、边界规则和预期频率后创建新审计批次
audit-20260728T233014+0800,dq-rules-1.0,0785f82072926b5a6d997122eb58cc200a6fa871125f050c2a4ab94d5d6d9ba5,019010d64fe47d89c81bfaedafd458f1d886025bb34292c0c32eafcfa4392657,DS-000238,未限定,无法判定,未提供正式频率合同,无已证明字段,无法判定,无法判定,事件时间语义、时区或预期频率未形成可验证合同,冻结事件时间字段、时区、边界规则和预期频率后创建新审计批次
audit-20260728T233014+0800,dq-rules-1.0,0785f82072926b5a6d997122eb58cc200a6fa871125f050c2a4ab94d5d6d9ba5,019010d64fe47d89c81bfaedafd458f1d886025bb34292c0c32eafcfa4392657,DS-000239,未限定,无法判定,未提供正式频率合同,无已证明字段,无法判定,无法判定,事件时间语义、时区或预期频率未形成可验证合同,冻结事件时间字段、时区、边界规则和预期频率后创建新审计批次
audit-20260728T233014+0800,dq-rules-1.0,0785f82072926b5a6d997122eb58cc200a6fa871125f050c2a4ab94d5d6d9ba5,019010d64fe47d89c81bfaedafd458f1d886025bb34292c0c32eafcfa4392657,DS-000240,未限定,无法判定,未提供正式频率合同,无已证明字段,无法判定,无法判定,事件时间语义、时区或预期频率未形成可验证合同,冻结事件时间字段、时区、边界规则和预期频率后创建新审计批次
audit-20260728T233014+0800,dq-rules-1.0,0785f82072926b5a6d997122eb58cc200a6fa871125f050c2a4ab94d5d6d9ba5,019010d64fe47d89c81bfaedafd458f1d886025bb34292c0c32eafcfa4392657,DS-000241,未限定,无法判定,未提供正式频率合同,无已证明字段,无法判定,无法判定,事件时间语义、时区或预期频率未形成可验证合同,冻结事件时间字段、时区、边界规则和预期频率后创建新审计批次
audit-20260728T233014+0800,dq-rules-1.0,0785f82072926b5a6d997122eb58cc200a6fa871125f050c2a4ab94d5d6d9ba5,019010d64fe47d89c81bfaedafd458f1d886025bb34292c0c32eafcfa4392657,DS-000242,未限定,无法判定,未提供正式频率合同,close_time、open_time,无法判定,无法判定,事件时间语义、时区或预期频率未形成可验证合同,冻结事件时间字段、时区、边界规则和预期频率后创建新审计批次
audit-20260728T233014+0800,dq-rules-1.0,0785f82072926b5a6d997122eb58cc200a6fa871125f050c2a4ab94d5d6d9ba5,019010d64fe47d89c81bfaedafd458f1d886025bb34292c0c32eafcfa4392657,DS-000243,未限定,无法判定,未提供正式频率合同,无已证明字段,无法判定,无法判定,事件时间语义、时区或预期频率未形成可验证合同,冻结事件时间字段、时区、边界规则和预期频率后创建新审计批次
audit-20260728T233014+0800,dq-rules-1.0,0785f82072926b5a6d997122eb58cc200a6fa871125f050c2a4ab94d5d6d9ba5,019010d64fe47d89c81bfaedafd458f1d886025bb34292c0c32eafcfa4392657,DS-000244,未限定,无法判定,未提供正式频率合同,close_time、open_time,无法判定,无法判定,事件时间语义、时区或预期频率未形成可验证合同,冻结事件时间字段、时区、边界规则和预期频率后创建新审计批次
audit-20260728T233014+0800,dq-rules-1.0,0785f82072926b5a6d997122eb58cc200a6fa871125f050c2a4ab94d5d6d9ba5,019010d64fe47d89c81bfaedafd458f1d886025bb34292c0c32eafcfa4392657,DS-000245,未限定,无法判定,未提供正式频率合同,无已证明字段,无法判定,无法判定,事件时间语义、时区或预期频率未形成可验证合同,冻结事件时间字段、时区、边界规则和预期频率后创建新审计批次
audit-20260728T233014+0800,dq-rules-1.0,0785f82072926b5a6d997122eb58cc200a6fa871125f050c2a4ab94d5d6d9ba5,019010d64fe47d89c81bfaedafd458f1d886025bb34292c0c32eafcfa4392657,DS-000246,未限定,无法判定,未提供正式频率合同,无已证明字段,无法判定,无法判定,事件时间语义、时区或预期频率未形成可验证合同,冻结事件时间字段、时区、边界规则和预期频率后创建新审计批次
audit-20260728T233014+0800,dq-rules-1.0,0785f82072926b5a6d997122eb58cc200a6fa871125f050c2a4ab94d5d6d9ba5,019010d64fe47d89c81bfaedafd458f1d886025bb34292c0c32eafcfa4392657,DS-000247,未限定,无法判定,未提供正式频率合同,close_time、open_time,无法判定,无法判定,事件时间语义、时区或预期频率未形成可验证合同,冻结事件时间字段、时区、边界规则和预期频率后创建新审计批次
audit-20260728T233014+0800,dq-rules-1.0,0785f82072926b5a6d997122eb58cc200a6fa871125f050c2a4ab94d5d6d9ba5,019010d64fe47d89c81bfaedafd458f1d886025bb34292c0c32eafcfa4392657,DS-000248,未限定,无法判定,未提供正式频率合同,无已证明字段,无法判定,无法判定,事件时间语义、时区或预期频率未形成可验证合同,冻结事件时间字段、时区、边界规则和预期频率后创建新审计批次
audit-20260728T233014+0800,dq-rules-1.0,0785f82072926b5a6d997122eb58cc200a6fa871125f050c2a4ab94d5d6d9ba5,019010d64fe47d89c81bfaedafd458f1d886025bb34292c0c32eafcfa4392657,DS-000249,未限定,无法判定,未提供正式频率合同,无已证明字段,无法判定,无法判定,事件时间语义、时区或预期频率未形成可验证合同,冻结事件时间字段、时区、边界规则和预期频率后创建新审计批次
audit-20260728T233014+0800,dq-rules-1.0,0785f82072926b5a6d997122eb58cc200a6fa871125f050c2a4ab94d5d6d9ba5,019010d64fe47d89c81bfaedafd458f1d886025bb34292c0c32eafcfa4392657,DS-000250,未限定,无法判定,未提供正式频率合同,无已证明字段,无法判定,无法判定,事件时间语义、时区或预期频率未形成可验证合同,冻结事件时间字段、时区、边界规则和预期频率后创建新审计批次
audit-20260728T233014+0800,dq-rules-1.0,0785f82072926b5a6d997122eb58cc200a6fa871125f050c2a4ab94d5d6d9ba5,019010d64fe47d89c81bfaedafd458f1d886025bb34292c0c32eafcfa4392657,DS-000251,未限定,无法判定,未提供正式频率合同,无已证明字段,无法判定,无法判定,事件时间语义、时区或预期频率未形成可验证合同,冻结事件时间字段、时区、边界规则和预期频率后创建新审计批次
audit-20260728T233014+0800,dq-rules-1.0,0785f82072926b5a6d997122eb58cc200a6fa871125f050c2a4ab94d5d6d9ba5,019010d64fe47d89c81bfaedafd458f1d886025bb34292c0c32eafcfa4392657,DS-000252,未限定,无法判定,未提供正式频率合同,无已证明字段,无法判定,无法判定,事件时间语义、时区或预期频率未形成可验证合同,冻结事件时间字段、时区、边界规则和预期频率后创建新审计批次
audit-20260728T233014+0800,dq-rules-1.0,0785f82072926b5a6d997122eb58cc200a6fa871125f050c2a4ab94d5d6d9ba5,019010d64fe47d89c81bfaedafd458f1d886025bb34292c0c32eafcfa4392657,DS-000253,未限定,无法判定,未提供正式频率合同,无已证明字段,无法判定,无法判定,事件时间语义、时区或预期频率未形成可验证合同,冻结事件时间字段、时区、边界规则和预期频率后创建新审计批次
audit-20260728T233014+0800,dq-rules-1.0,0785f82072926b5a6d997122eb58cc200a6fa871125f050c2a4ab94d5d6d9ba5,019010d64fe47d89c81bfaedafd458f1d886025bb34292c0c32eafcfa4392657,DS-000254,未限定,无法判定,未提供正式频率合同,无已证明字段,无法判定,无法判定,事件时间语义、时区或预期频率未形成可验证合同,冻结事件时间字段、时区、边界规则和预期频率后创建新审计批次
audit-20260728T233014+0800,dq-rules-1.0,0785f82072926b5a6d997122eb58cc200a6fa871125f050c2a4ab94d5d6d9ba5,019010d64fe47d89c81bfaedafd458f1d886025bb34292c0c32eafcfa4392657,DS-000255,未限定,无法判定,未提供正式频率合同,无已证明字段,无法判定,无法判定,事件时间语义、时区或预期频率未形成可验证合同,冻结事件时间字段、时区、边界规则和预期频率后创建新审计批次
audit-20260728T233014+0800,dq-rules-1.0,0785f82072926b5a6d997122eb58cc200a6fa871125f050c2a4ab94d5d6d9ba5,019010d64fe47d89c81bfaedafd458f1d886025bb34292c0c32eafcfa4392657,DS-000256,未限定,无法判定,未提供正式频率合同,无已证明字段,无法判定,无法判定,事件时间语义、时区或预期频率未形成可验证合同,冻结事件时间字段、时区、边界规则和预期频率后创建新审计批次
audit-20260728T233014+0800,dq-rules-1.0,0785f82072926b5a6d997122eb58cc200a6fa871125f050c2a4ab94d5d6d9ba5,019010d64fe47d89c81bfaedafd458f1d886025bb34292c0c32eafcfa4392657,DS-000257,未限定,无法判定,未提供正式频率合同,无已证明字段,无法判定,无法判定,事件时间语义、时区或预期频率未形成可验证合同,冻结事件时间字段、时区、边界规则和预期频率后创建新审计批次
audit-20260728T233014+0800,dq-rules-1.0,0785f82072926b5a6d997122eb58cc200a6fa871125f050c2a4ab94d5d6d9ba5,019010d64fe47d89c81bfaedafd458f1d886025bb34292c0c32eafcfa4392657,DS-000258,未限定,无法判定,未提供正式频率合同,无已证明字段,无法判定,无法判定,事件时间语义、时区或预期频率未形成可验证合同,冻结事件时间字段、时区、边界规则和预期频率后创建新审计批次
audit-20260728T233014+0800,dq-rules-1.0,0785f82072926b5a6d997122eb58cc200a6fa871125f050c2a4ab94d5d6d9ba5,019010d64fe47d89c81bfaedafd458f1d886025bb34292c0c32eafcfa4392657,DS-000259,未限定,无法判定,未提供正式频率合同,无已证明字段,无法判定,无法判定,事件时间语义、时区或预期频率未形成可验证合同,冻结事件时间字段、时区、边界规则和预期频率后创建新审计批次
audit-20260728T233014+0800,dq-rules-1.0,0785f82072926b5a6d997122eb58cc200a6fa871125f050c2a4ab94d5d6d9ba5,019010d64fe47d89c81bfaedafd458f1d886025bb34292c0c32eafcfa4392657,DS-000260,未限定,无法判定,未提供正式频率合同,无已证明字段,无法判定,无法判定,事件时间语义、时区或预期频率未形成可验证合同,冻结事件时间字段、时区、边界规则和预期频率后创建新审计批次
audit-20260728T233014+0800,dq-rules-1.0,0785f82072926b5a6d997122eb58cc200a6fa871125f050c2a4ab94d5d6d9ba5,019010d64fe47d89c81bfaedafd458f1d886025bb34292c0c32eafcfa4392657,DS-000261,未限定,无法判定,未提供正式频率合同,无已证明字段,无法判定,无法判定,事件时间语义、时区或预期频率未形成可验证合同,冻结事件时间字段、时区、边界规则和预期频率后创建新审计批次
audit-20260728T233014+0800,dq-rules-1.0,0785f82072926b5a6d997122eb58cc200a6fa871125f050c2a4ab94d5d6d9ba5,019010d64fe47d89c81bfaedafd458f1d886025bb34292c0c32eafcfa4392657,DS-000262,未限定,无法判定,未提供正式频率合同,无已证明字段,无法判定,无法判定,事件时间语义、时区或预期频率未形成可验证合同,冻结事件时间字段、时区、边界规则和预期频率后创建新审计批次
audit-20260728T233014+0800,dq-rules-1.0,0785f82072926b5a6d997122eb58cc200a6fa871125f050c2a4ab94d5d6d9ba5,019010d64fe47d89c81bfaedafd458f1d886025bb34292c0c32eafcfa4392657,DS-000263,未限定,无法判定,未提供正式频率合同,无已证明字段,无法判定,无法判定,事件时间语义、时区或预期频率未形成可验证合同,冻结事件时间字段、时区、边界规则和预期频率后创建新审计批次
audit-20260728T233014+0800,dq-rules-1.0,0785f82072926b5a6d997122eb58cc200a6fa871125f050c2a4ab94d5d6d9ba5,019010d64fe47d89c81bfaedafd458f1d886025bb34292c0c32eafcfa4392657,DS-000264,未限定,无法判定,未提供正式频率合同,无已证明字段,无法判定,无法判定,事件时间语义、时区或预期频率未形成可验证合同,冻结事件时间字段、时区、边界规则和预期频率后创建新审计批次
audit-20260728T233014+0800,dq-rules-1.0,0785f82072926b5a6d997122eb58cc200a6fa871125f050c2a4ab94d5d6d9ba5,019010d64fe47d89c81bfaedafd458f1d886025bb34292c0c32eafcfa4392657,DS-000265,未限定,无法判定,未提供正式频率合同,无已证明字段,无法判定,无法判定,事件时间语义、时区或预期频率未形成可验证合同,冻结事件时间字段、时区、边界规则和预期频率后创建新审计批次
audit-20260728T233014+0800,dq-rules-1.0,0785f82072926b5a6d997122eb58cc200a6fa871125f050c2a4ab94d5d6d9ba5,019010d64fe47d89c81bfaedafd458f1d886025bb34292c0c32eafcfa4392657,DS-000266,未限定,无法判定,未提供正式频率合同,无已证明字段,无法判定,无法判定,事件时间语义、时区或预期频率未形成可验证合同,冻结事件时间字段、时区、边界规则和预期频率后创建新审计批次
audit-20260728T233014+0800,dq-rules-1.0,0785f82072926b5a6d997122eb58cc200a6fa871125f050c2a4ab94d5d6d9ba5,019010d64fe47d89c81bfaedafd458f1d886025bb34292c0c32eafcfa4392657,DS-000267,未限定,无法判定,未提供正式频率合同,无已证明字段,无法判定,无法判定,事件时间语义、时区或预期频率未形成可验证合同,冻结事件时间字段、时区、边界规则和预期频率后创建新审计批次
audit-20260728T233014+0800,dq-rules-1.0,0785f82072926b5a6d997122eb58cc200a6fa871125f050c2a4ab94d5d6d9ba5,019010d64fe47d89c81bfaedafd458f1d886025bb34292c0c32eafcfa4392657,DS-000268,未限定,无法判定,未提供正式频率合同,无已证明字段,无法判定,无法判定,事件时间语义、时区或预期频率未形成可验证合同,冻结事件时间字段、时区、边界规则和预期频率后创建新审计批次
audit-20260728T233014+0800,dq-rules-1.0,0785f82072926b5a6d997122eb58cc200a6fa871125f050c2a4ab94d5d6d9ba5,019010d64fe47d89c81bfaedafd458f1d886025bb34292c0c32eafcfa4392657,DS-000269,未限定,无法判定,未提供正式频率合同,无已证明字段,无法判定,无法判定,事件时间语义、时区或预期频率未形成可验证合同,冻结事件时间字段、时区、边界规则和预期频率后创建新审计批次
audit-20260728T233014+0800,dq-rules-1.0,0785f82072926b5a6d997122eb58cc200a6fa871125f050c2a4ab94d5d6d9ba5,019010d64fe47d89c81bfaedafd458f1d886025bb34292c0c32eafcfa4392657,DS-000270,未限定,无法判定,未提供正式频率合同,无已证明字段,无法判定,无法判定,事件时间语义、时区或预期频率未形成可验证合同,冻结事件时间字段、时区、边界规则和预期频率后创建新审计批次
audit-20260728T233014+0800,dq-rules-1.0,0785f82072926b5a6d997122eb58cc200a6fa871125f050c2a4ab94d5d6d9ba5,019010d64fe47d89c81bfaedafd458f1d886025bb34292c0c32eafcfa4392657,DS-000271,未限定,无法判定,未提供正式频率合同,无已证明字段,无法判定,无法判定,事件时间语义、时区或预期频率未形成可验证合同,冻结事件时间字段、时区、边界规则和预期频率后创建新审计批次
audit-20260728T233014+0800,dq-rules-1.0,0785f82072926b5a6d997122eb58cc200a6fa871125f050c2a4ab94d5d6d9ba5,019010d64fe47d89c81bfaedafd458f1d886025bb34292c0c32eafcfa4392657,DS-000272,未限定,无法判定,未提供正式频率合同,无已证明字段,无法判定,无法判定,事件时间语义、时区或预期频率未形成可验证合同,冻结事件时间字段、时区、边界规则和预期频率后创建新审计批次
audit-20260728T233014+0800,dq-rules-1.0,0785f82072926b5a6d997122eb58cc200a6fa871125f050c2a4ab94d5d6d9ba5,019010d64fe47d89c81bfaedafd458f1d886025bb34292c0c32eafcfa4392657,DS-000273,未限定,无法判定,未提供正式频率合同,无已证明字段,无法判定,无法判定,事件时间语义、时区或预期频率未形成可验证合同,冻结事件时间字段、时区、边界规则和预期频率后创建新审计批次
audit-20260728T233014+0800,dq-rules-1.0,0785f82072926b5a6d997122eb58cc200a6fa871125f050c2a4ab94d5d6d9ba5,019010d64fe47d89c81bfaedafd458f1d886025bb34292c0c32eafcfa4392657,DS-000274,未限定,无法判定,未提供正式频率合同,无已证明字段,无法判定,无法判定,事件时间语义、时区或预期频率未形成可验证合同,冻结事件时间字段、时区、边界规则和预期频率后创建新审计批次
audit-20260728T233014+0800,dq-rules-1.0,0785f82072926b5a6d997122eb58cc200a6fa871125f050c2a4ab94d5d6d9ba5,019010d64fe47d89c81bfaedafd458f1d886025bb34292c0c32eafcfa4392657,DS-000275,未限定,无法判定,未提供正式频率合同,无已证明字段,无法判定,无法判定,事件时间语义、时区或预期频率未形成可验证合同,冻结事件时间字段、时区、边界规则和预期频率后创建新审计批次
audit-20260728T233014+0800,dq-rules-1.0,0785f82072926b5a6d997122eb58cc200a6fa871125f050c2a4ab94d5d6d9ba5,019010d64fe47d89c81bfaedafd458f1d886025bb34292c0c32eafcfa4392657,DS-000276,未限定,无法判定,未提供正式频率合同,无已证明字段,无法判定,无法判定,事件时间语义、时区或预期频率未形成可验证合同,冻结事件时间字段、时区、边界规则和预期频率后创建新审计批次
audit-20260728T233014+0800,dq-rules-1.0,0785f82072926b5a6d997122eb58cc200a6fa871125f050c2a4ab94d5d6d9ba5,019010d64fe47d89c81bfaedafd458f1d886025bb34292c0c32eafcfa4392657,DS-000277,未限定,无法判定,未提供正式频率合同,无已证明字段,无法判定,无法判定,事件时间语义、时区或预期频率未形成可验证合同,冻结事件时间字段、时区、边界规则和预期频率后创建新审计批次
audit-20260728T233014+0800,dq-rules-1.0,0785f82072926b5a6d997122eb58cc200a6fa871125f050c2a4ab94d5d6d9ba5,019010d64fe47d89c81bfaedafd458f1d886025bb34292c0c32eafcfa4392657,DS-000278,未限定,无法判定,未提供正式频率合同,无已证明字段,无法判定,无法判定,事件时间语义、时区或预期频率未形成可验证合同,冻结事件时间字段、时区、边界规则和预期频率后创建新审计批次
audit-20260728T233014+0800,dq-rules-1.0,0785f82072926b5a6d997122eb58cc200a6fa871125f050c2a4ab94d5d6d9ba5,019010d64fe47d89c81bfaedafd458f1d886025bb34292c0c32eafcfa4392657,DS-000279,未限定,无法判定,未提供正式频率合同,无已证明字段,无法判定,无法判定,事件时间语义、时区或预期频率未形成可验证合同,冻结事件时间字段、时区、边界规则和预期频率后创建新审计批次
audit-20260728T233014+0800,dq-rules-1.0,0785f82072926b5a6d997122eb58cc200a6fa871125f050c2a4ab94d5d6d9ba5,019010d64fe47d89c81bfaedafd458f1d886025bb34292c0c32eafcfa4392657,DS-000280,未限定,无法判定,未提供正式频率合同,无已证明字段,无法判定,无法判定,事件时间语义、时区或预期频率未形成可验证合同,冻结事件时间字段、时区、边界规则和预期频率后创建新审计批次
audit-20260728T233014+0800,dq-rules-1.0,0785f82072926b5a6d997122eb58cc200a6fa871125f050c2a4ab94d5d6d9ba5,019010d64fe47d89c81bfaedafd458f1d886025bb34292c0c32eafcfa4392657,DS-000281,未限定,无法判定,未提供正式频率合同,无已证明字段,无法判定,无法判定,事件时间语义、时区或预期频率未形成可验证合同,冻结事件时间字段、时区、边界规则和预期频率后创建新审计批次
audit-20260728T233014+0800,dq-rules-1.0,0785f82072926b5a6d997122eb58cc200a6fa871125f050c2a4ab94d5d6d9ba5,019010d64fe47d89c81bfaedafd458f1d886025bb34292c0c32eafcfa4392657,DS-000282,未限定,无法判定,未提供正式频率合同,无已证明字段,无法判定,无法判定,事件时间语义、时区或预期频率未形成可验证合同,冻结事件时间字段、时区、边界规则和预期频率后创建新审计批次
audit-20260728T233014+0800,dq-rules-1.0,0785f82072926b5a6d997122eb58cc200a6fa871125f050c2a4ab94d5d6d9ba5,019010d64fe47d89c81bfaedafd458f1d886025bb34292c0c32eafcfa4392657,DS-000283,未限定,无法判定,未提供正式频率合同,无已证明字段,无法判定,无法判定,事件时间语义、时区或预期频率未形成可验证合同,冻结事件时间字段、时区、边界规则和预期频率后创建新审计批次
audit-20260728T233014+0800,dq-rules-1.0,0785f82072926b5a6d997122eb58cc200a6fa871125f050c2a4ab94d5d6d9ba5,019010d64fe47d89c81bfaedafd458f1d886025bb34292c0c32eafcfa4392657,DS-000284,未限定,无法判定,未提供正式频率合同,无已证明字段,无法判定,无法判定,事件时间语义、时区或预期频率未形成可验证合同,冻结事件时间字段、时区、边界规则和预期频率后创建新审计批次
audit-20260728T233014+0800,dq-rules-1.0,0785f82072926b5a6d997122eb58cc200a6fa871125f050c2a4ab94d5d6d9ba5,019010d64fe47d89c81bfaedafd458f1d886025bb34292c0c32eafcfa4392657,DS-000285,未限定,无法判定,未提供正式频率合同,无已证明字段,无法判定,无法判定,事件时间语义、时区或预期频率未形成可验证合同,冻结事件时间字段、时区、边界规则和预期频率后创建新审计批次
audit-20260728T233014+0800,dq-rules-1.0,0785f82072926b5a6d997122eb58cc200a6fa871125f050c2a4ab94d5d6d9ba5,019010d64fe47d89c81bfaedafd458f1d886025bb34292c0c32eafcfa4392657,DS-000286,未限定,无法判定,未提供正式频率合同,无已证明字段,无法判定,无法判定,事件时间语义、时区或预期频率未形成可验证合同,冻结事件时间字段、时区、边界规则和预期频率后创建新审计批次
audit-20260728T233014+0800,dq-rules-1.0,0785f82072926b5a6d997122eb58cc200a6fa871125f050c2a4ab94d5d6d9ba5,019010d64fe47d89c81bfaedafd458f1d886025bb34292c0c32eafcfa4392657,DS-000287,未限定,无法判定,未提供正式频率合同,无已证明字段,无法判定,无法判定,事件时间语义、时区或预期频率未形成可验证合同,冻结事件时间字段、时区、边界规则和预期频率后创建新审计批次
audit-20260728T233014+0800,dq-rules-1.0,0785f82072926b5a6d997122eb58cc200a6fa871125f050c2a4ab94d5d6d9ba5,019010d64fe47d89c81bfaedafd458f1d886025bb34292c0c32eafcfa4392657,DS-000288,未限定,无法判定,未提供正式频率合同,无已证明字段,无法判定,无法判定,事件时间语义、时区或预期频率未形成可验证合同,冻结事件时间字段、时区、边界规则和预期频率后创建新审计批次
audit-20260728T233014+0800,dq-rules-1.0,0785f82072926b5a6d997122eb58cc200a6fa871125f050c2a4ab94d5d6d9ba5,019010d64fe47d89c81bfaedafd458f1d886025bb34292c0c32eafcfa4392657,DS-000289,未限定,无法判定,未提供正式频率合同,无已证明字段,无法判定,无法判定,事件时间语义、时区或预期频率未形成可验证合同,冻结事件时间字段、时区、边界规则和预期频率后创建新审计批次
audit-20260728T233014+0800,dq-rules-1.0,0785f82072926b5a6d997122eb58cc200a6fa871125f050c2a4ab94d5d6d9ba5,019010d64fe47d89c81bfaedafd458f1d886025bb34292c0c32eafcfa4392657,DS-000290,未限定,无法判定,未提供正式频率合同,无已证明字段,无法判定,无法判定,事件时间语义、时区或预期频率未形成可验证合同,冻结事件时间字段、时区、边界规则和预期频率后创建新审计批次
audit-20260728T233014+0800,dq-rules-1.0,0785f82072926b5a6d997122eb58cc200a6fa871125f050c2a4ab94d5d6d9ba5,019010d64fe47d89c81bfaedafd458f1d886025bb34292c0c32eafcfa4392657,DS-000291,未限定,无法判定,未提供正式频率合同,无已证明字段,无法判定,无法判定,事件时间语义、时区或预期频率未形成可验证合同,冻结事件时间字段、时区、边界规则和预期频率后创建新审计批次
audit-20260728T233014+0800,dq-rules-1.0,0785f82072926b5a6d997122eb58cc200a6fa871125f050c2a4ab94d5d6d9ba5,019010d64fe47d89c81bfaedafd458f1d886025bb34292c0c32eafcfa4392657,DS-000292,未限定,无法判定,未提供正式频率合同,无已证明字段,无法判定,无法判定,事件时间语义、时区或预期频率未形成可验证合同,冻结事件时间字段、时区、边界规则和预期频率后创建新审计批次
audit-20260728T233014+0800,dq-rules-1.0,0785f82072926b5a6d997122eb58cc200a6fa871125f050c2a4ab94d5d6d9ba5,019010d64fe47d89c81bfaedafd458f1d886025bb34292c0c32eafcfa4392657,DS-000293,未限定,无法判定,未提供正式频率合同,无已证明字段,无法判定,无法判定,事件时间语义、时区或预期频率未形成可验证合同,冻结事件时间字段、时区、边界规则和预期频率后创建新审计批次
audit-20260728T233014+0800,dq-rules-1.0,0785f82072926b5a6d997122eb58cc200a6fa871125f050c2a4ab94d5d6d9ba5,019010d64fe47d89c81bfaedafd458f1d886025bb34292c0c32eafcfa4392657,DS-000294,未限定,无法判定,未提供正式频率合同,无已证明字段,无法判定,无法判定,事件时间语义、时区或预期频率未形成可验证合同,冻结事件时间字段、时区、边界规则和预期频率后创建新审计批次
audit-20260728T233014+0800,dq-rules-1.0,0785f82072926b5a6d997122eb58cc200a6fa871125f050c2a4ab94d5d6d9ba5,019010d64fe47d89c81bfaedafd458f1d886025bb34292c0c32eafcfa4392657,DS-000295,未限定,无法判定,未提供正式频率合同,无已证明字段,无法判定,无法判定,事件时间语义、时区或预期频率未形成可验证合同,冻结事件时间字段、时区、边界规则和预期频率后创建新审计批次
audit-20260728T233014+0800,dq-rules-1.0,0785f82072926b5a6d997122eb58cc200a6fa871125f050c2a4ab94d5d6d9ba5,019010d64fe47d89c81bfaedafd458f1d886025bb34292c0c32eafcfa4392657,DS-000296,未限定,无法判定,未提供正式频率合同,无已证明字段,无法判定,无法判定,事件时间语义、时区或预期频率未形成可验证合同,冻结事件时间字段、时区、边界规则和预期频率后创建新审计批次
audit-20260728T233014+0800,dq-rules-1.0,0785f82072926b5a6d997122eb58cc200a6fa871125f050c2a4ab94d5d6d9ba5,019010d64fe47d89c81bfaedafd458f1d886025bb34292c0c32eafcfa4392657,DS-000297,未限定,无法判定,未提供正式频率合同,无已证明字段,无法判定,无法判定,事件时间语义、时区或预期频率未形成可验证合同,冻结事件时间字段、时区、边界规则和预期频率后创建新审计批次
audit-20260728T233014+0800,dq-rules-1.0,0785f82072926b5a6d997122eb58cc200a6fa871125f050c2a4ab94d5d6d9ba5,019010d64fe47d89c81bfaedafd458f1d886025bb34292c0c32eafcfa4392657,DS-000298,未限定,无法判定,未提供正式频率合同,无已证明字段,无法判定,无法判定,事件时间语义、时区或预期频率未形成可验证合同,冻结事件时间字段、时区、边界规则和预期频率后创建新审计批次
audit-20260728T233014+0800,dq-rules-1.0,0785f82072926b5a6d997122eb58cc200a6fa871125f050c2a4ab94d5d6d9ba5,019010d64fe47d89c81bfaedafd458f1d886025bb34292c0c32eafcfa4392657,DS-000299,未限定,无法判定,未提供正式频率合同,无已证明字段,无法判定,无法判定,事件时间语义、时区或预期频率未形成可验证合同,冻结事件时间字段、时区、边界规则和预期频率后创建新审计批次
audit-20260728T233014+0800,dq-rules-1.0,0785f82072926b5a6d997122eb58cc200a6fa871125f050c2a4ab94d5d6d9ba5,019010d64fe47d89c81bfaedafd458f1d886025bb34292c0c32eafcfa4392657,DS-000300,未限定,无法判定,未提供正式频率合同,无已证明字段,无法判定,无法判定,事件时间语义、时区或预期频率未形成可验证合同,冻结事件时间字段、时区、边界规则和预期频率后创建新审计批次
audit-20260728T233014+0800,dq-rules-1.0,0785f82072926b5a6d997122eb58cc200a6fa871125f050c2a4ab94d5d6d9ba5,019010d64fe47d89c81bfaedafd458f1d886025bb34292c0c32eafcfa4392657,DS-000301,未限定,无法判定,未提供正式频率合同,无已证明字段,无法判定,无法判定,事件时间语义、时区或预期频率未形成可验证合同,冻结事件时间字段、时区、边界规则和预期频率后创建新审计批次
audit-20260728T233014+0800,dq-rules-1.0,0785f82072926b5a6d997122eb58cc200a6fa871125f050c2a4ab94d5d6d9ba5,019010d64fe47d89c81bfaedafd458f1d886025bb34292c0c32eafcfa4392657,DS-000302,未限定,无法判定,未提供正式频率合同,无已证明字段,无法判定,无法判定,事件时间语义、时区或预期频率未形成可验证合同,冻结事件时间字段、时区、边界规则和预期频率后创建新审计批次
audit-20260728T233014+0800,dq-rules-1.0,0785f82072926b5a6d997122eb58cc200a6fa871125f050c2a4ab94d5d6d9ba5,019010d64fe47d89c81bfaedafd458f1d886025bb34292c0c32eafcfa4392657,DS-000303,未限定,无法判定,未提供正式频率合同,无已证明字段,无法判定,无法判定,事件时间语义、时区或预期频率未形成可验证合同,冻结事件时间字段、时区、边界规则和预期频率后创建新审计批次
audit-20260728T233014+0800,dq-rules-1.0,0785f82072926b5a6d997122eb58cc200a6fa871125f050c2a4ab94d5d6d9ba5,019010d64fe47d89c81bfaedafd458f1d886025bb34292c0c32eafcfa4392657,DS-000304,未限定,无法判定,未提供正式频率合同,无已证明字段,无法判定,无法判定,事件时间语义、时区或预期频率未形成可验证合同,冻结事件时间字段、时区、边界规则和预期频率后创建新审计批次
audit-20260728T233014+0800,dq-rules-1.0,0785f82072926b5a6d997122eb58cc200a6fa871125f050c2a4ab94d5d6d9ba5,019010d64fe47d89c81bfaedafd458f1d886025bb34292c0c32eafcfa4392657,DS-000305,未限定,无法判定,未提供正式频率合同,无已证明字段,无法判定,无法判定,事件时间语义、时区或预期频率未形成可验证合同,冻结事件时间字段、时区、边界规则和预期频率后创建新审计批次
audit-20260728T233014+0800,dq-rules-1.0,0785f82072926b5a6d997122eb58cc200a6fa871125f050c2a4ab94d5d6d9ba5,019010d64fe47d89c81bfaedafd458f1d886025bb34292c0c32eafcfa4392657,DS-000306,未限定,无法判定,未提供正式频率合同,无已证明字段,无法判定,无法判定,事件时间语义、时区或预期频率未形成可验证合同,冻结事件时间字段、时区、边界规则和预期频率后创建新审计批次
audit-20260728T233014+0800,dq-rules-1.0,0785f82072926b5a6d997122eb58cc200a6fa871125f050c2a4ab94d5d6d9ba5,019010d64fe47d89c81bfaedafd458f1d886025bb34292c0c32eafcfa4392657,DS-000307,未限定,无法判定,未提供正式频率合同,无已证明字段,无法判定,无法判定,事件时间语义、时区或预期频率未形成可验证合同,冻结事件时间字段、时区、边界规则和预期频率后创建新审计批次
audit-20260728T233014+0800,dq-rules-1.0,0785f82072926b5a6d997122eb58cc200a6fa871125f050c2a4ab94d5d6d9ba5,019010d64fe47d89c81bfaedafd458f1d886025bb34292c0c32eafcfa4392657,DS-000308,未限定,无法判定,未提供正式频率合同,无已证明字段,无法判定,无法判定,事件时间语义、时区或预期频率未形成可验证合同,冻结事件时间字段、时区、边界规则和预期频率后创建新审计批次
audit-20260728T233014+0800,dq-rules-1.0,0785f82072926b5a6d997122eb58cc200a6fa871125f050c2a4ab94d5d6d9ba5,019010d64fe47d89c81bfaedafd458f1d886025bb34292c0c32eafcfa4392657,DS-000309,未限定,无法判定,未提供正式频率合同,无已证明字段,无法判定,无法判定,事件时间语义、时区或预期频率未形成可验证合同,冻结事件时间字段、时区、边界规则和预期频率后创建新审计批次
audit-20260728T233014+0800,dq-rules-1.0,0785f82072926b5a6d997122eb58cc200a6fa871125f050c2a4ab94d5d6d9ba5,019010d64fe47d89c81bfaedafd458f1d886025bb34292c0c32eafcfa4392657,DS-000310,未限定,无法判定,未提供正式频率合同,无已证明字段,无法判定,无法判定,事件时间语义、时区或预期频率未形成可验证合同,冻结事件时间字段、时区、边界规则和预期频率后创建新审计批次
audit-20260728T233014+0800,dq-rules-1.0,0785f82072926b5a6d997122eb58cc200a6fa871125f050c2a4ab94d5d6d9ba5,019010d64fe47d89c81bfaedafd458f1d886025bb34292c0c32eafcfa4392657,DS-000311,未限定,无法判定,未提供正式频率合同,无已证明字段,无法判定,无法判定,事件时间语义、时区或预期频率未形成可验证合同,冻结事件时间字段、时区、边界规则和预期频率后创建新审计批次
audit-20260728T233014+0800,dq-rules-1.0,0785f82072926b5a6d997122eb58cc200a6fa871125f050c2a4ab94d5d6d9ba5,019010d64fe47d89c81bfaedafd458f1d886025bb34292c0c32eafcfa4392657,DS-000312,未限定,无法判定,未提供正式频率合同,无已证明字段,无法判定,无法判定,事件时间语义、时区或预期频率未形成可验证合同,冻结事件时间字段、时区、边界规则和预期频率后创建新审计批次
audit-20260728T233014+0800,dq-rules-1.0,0785f82072926b5a6d997122eb58cc200a6fa871125f050c2a4ab94d5d6d9ba5,019010d64fe47d89c81bfaedafd458f1d886025bb34292c0c32eafcfa4392657,DS-000313,未限定,无法判定,未提供正式频率合同,无已证明字段,无法判定,无法判定,事件时间语义、时区或预期频率未形成可验证合同,冻结事件时间字段、时区、边界规则和预期频率后创建新审计批次
audit-20260728T233014+0800,dq-rules-1.0,0785f82072926b5a6d997122eb58cc200a6fa871125f050c2a4ab94d5d6d9ba5,019010d64fe47d89c81bfaedafd458f1d886025bb34292c0c32eafcfa4392657,DS-000314,未限定,无法判定,未提供正式频率合同,无已证明字段,无法判定,无法判定,事件时间语义、时区或预期频率未形成可验证合同,冻结事件时间字段、时区、边界规则和预期频率后创建新审计批次
audit-20260728T233014+0800,dq-rules-1.0,0785f82072926b5a6d997122eb58cc200a6fa871125f050c2a4ab94d5d6d9ba5,019010d64fe47d89c81bfaedafd458f1d886025bb34292c0c32eafcfa4392657,DS-000315,未限定,无法判定,未提供正式频率合同,无已证明字段,无法判定,无法判定,事件时间语义、时区或预期频率未形成可验证合同,冻结事件时间字段、时区、边界规则和预期频率后创建新审计批次
audit-20260728T233014+0800,dq-rules-1.0,0785f82072926b5a6d997122eb58cc200a6fa871125f050c2a4ab94d5d6d9ba5,019010d64fe47d89c81bfaedafd458f1d886025bb34292c0c32eafcfa4392657,DS-000316,未限定,无法判定,未提供正式频率合同,无已证明字段,无法判定,无法判定,事件时间语义、时区或预期频率未形成可验证合同,冻结事件时间字段、时区、边界规则和预期频率后创建新审计批次
