发现批次,资产编号,资产类型,逻辑主机,服务或项目,资源名称,位置,格式,标的范围,时间范围,字节数,最后修改时间,访问状态,发现证据,限制,后续任务
discovery-20260728T092404+0800,DS-000001,候选数据文件,ubuntu,binance-event,contracts.sqlite3,/opt/binance-event/data/contracts.sqlite3,SQLite,未限定,未知,3094261760,2026-07-28T09:23:54.032020+08:00,元数据可访问,白名单目录内候选文件stat元数据,未读取文件内容；时间范围、完整性和质量未知,任务-000004
discovery-20260728T092404+0800,DS-000002,候选数据文件,ubuntu,binance-event,contracts_hand.csv,/opt/binance-event/data/contracts_hand.csv,CSV,未限定,未知,371,2026-06-11T00:39:19+08:00,元数据可访问,白名单目录内候选文件stat元数据,未读取文件内容；时间范围、完整性和质量未知,任务-000004
discovery-20260728T092404+0800,DS-000003,候选数据文件,ubuntu,binance-event,observation_curves-2026-06-07.jsonl,/opt/binance-event/data/observation_curves-2026-06-07.jsonl,JSONL,未限定,未知,12549952,2026-06-07T22:32:33+08:00,元数据可访问,白名单目录内候选文件stat元数据,未读取文件内容；时间范围、完整性和质量未知,任务-000004
discovery-20260728T092404+0800,DS-000004,候选数据文件,ubuntu,binance-event,observation_curves-2026-06-08.jsonl,/opt/binance-event/data/observation_curves-2026-06-08.jsonl,JSONL,未限定,未知,15322542,2026-06-08T22:57:55+08:00,元数据可访问,白名单目录内候选文件stat元数据,未读取文件内容；时间范围、完整性和质量未知,任务-000004
discovery-20260728T092404+0800,DS-000005,候选数据文件,ubuntu,binance-event,observation_curves-2026-06-09.jsonl,/opt/binance-event/data/observation_curves-2026-06-09.jsonl,JSONL,未限定,未知,2224277,2026-06-09T23:58:00+08:00,元数据可访问,白名单目录内候选文件stat元数据,未读取文件内容；时间范围、完整性和质量未知,任务-000004
discovery-20260728T092404+0800,DS-000006,候选数据文件,ubuntu,binance-event,observation_curves-2026-06-10.jsonl,/opt/binance-event/data/observation_curves-2026-06-10.jsonl,JSONL,未限定,未知,1152482,2026-06-10T22:16:25+08:00,元数据可访问,白名单目录内候选文件stat元数据,未读取文件内容；时间范围、完整性和质量未知,任务-000004
discovery-20260728T092404+0800,DS-000007,候选数据文件,ubuntu,binance-event,observation_curves-2026-06-11.jsonl,/opt/binance-event/data/observation_curves-2026-06-11.jsonl,JSONL,未限定,未知,331640,2026-06-11T23:02:06+08:00,元数据可访问,白名单目录内候选文件stat元数据,未读取文件内容；时间范围、完整性和质量未知,任务-000004
discovery-20260728T092404+0800,DS-000008,候选数据文件,ubuntu,binance-event,observation_curves-2026-06-12.jsonl,/opt/binance-event/data/observation_curves-2026-06-12.jsonl,JSONL,未限定,未知,369468,2026-06-12T23:15:16+08:00,元数据可访问,白名单目录内候选文件stat元数据,未读取文件内容；时间范围、完整性和质量未知,任务-000004
discovery-20260728T092404+0800,DS-000009,候选数据文件,ubuntu,binance-event,observation_curves-2026-06-13.jsonl,/opt/binance-event/data/observation_curves-2026-06-13.jsonl,JSONL,未限定,未知,174082,2026-06-13T16:11:11+08:00,元数据可访问,白名单目录内候选文件stat元数据,未读取文件内容；时间范围、完整性和质量未知,任务-000004
discovery-20260728T092404+0800,DS-000010,候选数据文件,ubuntu,binance-event,observation_curves-2026-06-14.jsonl,/opt/binance-event/data/observation_curves-2026-06-14.jsonl,JSONL,未限定,未知,373061,2026-06-14T22:36:23+08:00,元数据可访问,白名单目录内候选文件stat元数据,未读取文件内容；时间范围、完整性和质量未知,任务-000004
discovery-20260728T092404+0800,DS-000011,候选数据文件,ubuntu,binance-event,observation_curves-2026-06-15.jsonl,/opt/binance-event/data/observation_curves-2026-06-15.jsonl,JSONL,未限定,未知,715388,2026-06-15T21:20:04+08:00,元数据可访问,白名单目录内候选文件stat元数据,未读取文件内容；时间范围、完整性和质量未知,任务-000004
discovery-20260728T092404+0800,DS-000012,候选数据文件,ubuntu,binance-event,observation_curves-2026-06-16.jsonl,/opt/binance-event/data/observation_curves-2026-06-16.jsonl,JSONL,未限定,未知,464772,2026-06-16T21:13:53+08:00,元数据可访问,白名单目录内候选文件stat元数据,未读取文件内容；时间范围、完整性和质量未知,任务-000004
discovery-20260728T092404+0800,DS-000013,候选数据文件,ubuntu,binance-event,observation_curves-2026-06-17.jsonl,/opt/binance-event/data/observation_curves-2026-06-17.jsonl,JSONL,未限定,未知,283901,2026-06-17T16:51:38+08:00,元数据可访问,白名单目录内候选文件stat元数据,未读取文件内容；时间范围、完整性和质量未知,任务-000004
discovery-20260728T092404+0800,DS-000014,候选数据文件,ubuntu,binance-event,observation_curves-2026-06-20.jsonl,/opt/binance-event/data/observation_curves-2026-06-20.jsonl,JSONL,未限定,未知,39095,2026-06-20T09:33:32.971223+08:00,元数据可访问,白名单目录内候选文件stat元数据,未读取文件内容；时间范围、完整性和质量未知,任务-000004
discovery-20260728T092404+0800,DS-000015,候选数据文件,ubuntu,binance-event,observation_curves-2026-06-21.jsonl,/opt/binance-event/data/observation_curves-2026-06-21.jsonl,JSONL,未限定,未知,205736,2026-06-21T19:19:05.972261+08:00,元数据可访问,白名单目录内候选文件stat元数据,未读取文件内容；时间范围、完整性和质量未知,任务-000004
discovery-20260728T092404+0800,DS-000016,候选数据文件,ubuntu,binance-event,observation_curves-2026-06-22.jsonl,/opt/binance-event/data/observation_curves-2026-06-22.jsonl,JSONL,未限定,未知,440523,2026-06-22T21:45:32.925528+08:00,元数据可访问,白名单目录内候选文件stat元数据,未读取文件内容；时间范围、完整性和质量未知,任务-000004
discovery-20260728T092404+0800,DS-000017,候选数据文件,ubuntu,binance-event,observation_curves-2026-06-23.jsonl,/opt/binance-event/data/observation_curves-2026-06-23.jsonl,JSONL,未限定,未知,415638,2026-06-23T21:33:09.833586+08:00,元数据可访问,白名单目录内候选文件stat元数据,未读取文件内容；时间范围、完整性和质量未知,任务-000004
discovery-20260728T092404+0800,DS-000018,候选数据文件,ubuntu,binance-event,observation_curves-2026-06-24.jsonl,/opt/binance-event/data/observation_curves-2026-06-24.jsonl,JSONL,未限定,未知,232085,2026-06-24T23:45:57.089161+08:00,元数据可访问,白名单目录内候选文件stat元数据,未读取文件内容；时间范围、完整性和质量未知,任务-000004
discovery-20260728T092404+0800,DS-000019,候选数据文件,ubuntu,binance-event,observation_curves-2026-06-25.jsonl,/opt/binance-event/data/observation_curves-2026-06-25.jsonl,JSONL,未限定,未知,648968,2026-06-25T22:35:46.443248+08:00,元数据可访问,白名单目录内候选文件stat元数据,未读取文件内容；时间范围、完整性和质量未知,任务-000004
discovery-20260728T092404+0800,DS-000020,候选数据文件,ubuntu,binance-event,observation_curves-2026-06-26.jsonl,/opt/binance-event/data/observation_curves-2026-06-26.jsonl,JSONL,未限定,未知,482185,2026-06-26T21:57:48.081230+08:00,元数据可访问,白名单目录内候选文件stat元数据,未读取文件内容；时间范围、完整性和质量未知,任务-000004
discovery-20260728T092404+0800,DS-000021,候选数据文件,ubuntu,binance-event,observation_curves-2026-06-27.jsonl,/opt/binance-event/data/observation_curves-2026-06-27.jsonl,JSONL,未限定,未知,218376,2026-06-27T23:12:31.073283+08:00,元数据可访问,白名单目录内候选文件stat元数据,未读取文件内容；时间范围、完整性和质量未知,任务-000004
discovery-20260728T092404+0800,DS-000022,候选数据文件,ubuntu,binance-event,observation_curves-2026-06-28.jsonl,/opt/binance-event/data/observation_curves-2026-06-28.jsonl,JSONL,未限定,未知,284083,2026-06-28T23:55:53.633316+08:00,元数据可访问,白名单目录内候选文件stat元数据,未读取文件内容；时间范围、完整性和质量未知,任务-000004
discovery-20260728T092404+0800,DS-000023,候选数据文件,ubuntu,binance-event,observation_curves-2026-06-29.jsonl,/opt/binance-event/data/observation_curves-2026-06-29.jsonl,JSONL,未限定,未知,561878,2026-06-29T23:55:54.151804+08:00,元数据可访问,白名单目录内候选文件stat元数据,未读取文件内容；时间范围、完整性和质量未知,任务-000004
discovery-20260728T092404+0800,DS-000024,候选数据文件,ubuntu,binance-event,observation_curves-2026-06-30.jsonl,/opt/binance-event/data/observation_curves-2026-06-30.jsonl,JSONL,未限定,未知,180059,2026-06-30T21:32:00.026181+08:00,元数据可访问,白名单目录内候选文件stat元数据,未读取文件内容；时间范围、完整性和质量未知,任务-000004
discovery-20260728T092404+0800,DS-000025,候选数据文件,ubuntu,binance-event,observation_curves-2026-07-01.jsonl,/opt/binance-event/data/observation_curves-2026-07-01.jsonl,JSONL,未限定,未知,108898,2026-07-01T23:25:36.596394+08:00,元数据可访问,白名单目录内候选文件stat元数据,未读取文件内容；时间范围、完整性和质量未知,任务-000004
discovery-20260728T092404+0800,DS-000026,候选数据文件,ubuntu,binance-event,observation_curves-2026-07-02.jsonl,/opt/binance-event/data/observation_curves-2026-07-02.jsonl,JSONL,未限定,未知,432029,2026-07-02T22:14:34.941440+08:00,元数据可访问,白名单目录内候选文件stat元数据,未读取文件内容；时间范围、完整性和质量未知,任务-000004
discovery-20260728T092404+0800,DS-000027,候选数据文件,ubuntu,binance-event,observation_curves-2026-07-03.jsonl,/opt/binance-event/data/observation_curves-2026-07-03.jsonl,JSONL,未限定,未知,265338,2026-07-03T23:09:27.606091+08:00,元数据可访问,白名单目录内候选文件stat元数据,未读取文件内容；时间范围、完整性和质量未知,任务-000004
discovery-20260728T092404+0800,DS-000028,候选数据文件,ubuntu,binance-event,observation_curves-2026-07-04.jsonl,/opt/binance-event/data/observation_curves-2026-07-04.jsonl,JSONL,未限定,未知,198176,2026-07-04T09:10:56.828823+08:00,元数据可访问,白名单目录内候选文件stat元数据,未读取文件内容；时间范围、完整性和质量未知,任务-000004
discovery-20260728T092404+0800,DS-000029,候选数据文件,ubuntu,binance-event,observation_curves-2026-07-06.jsonl,/opt/binance-event/data/observation_curves-2026-07-06.jsonl,JSONL,未限定,未知,475552,2026-07-06T23:53:12.885665+08:00,元数据可访问,白名单目录内候选文件stat元数据,未读取文件内容；时间范围、完整性和质量未知,任务-000004
discovery-20260728T092404+0800,DS-000030,候选数据文件,ubuntu,binance-event,observation_curves-2026-07-07.jsonl,/opt/binance-event/data/observation_curves-2026-07-07.jsonl,JSONL,未限定,未知,314673,2026-07-07T22:37:04.303189+08:00,元数据可访问,白名单目录内候选文件stat元数据,未读取文件内容；时间范围、完整性和质量未知,任务-000004
discovery-20260728T092404+0800,DS-000031,候选数据文件,ubuntu,binance-event,observation_curves-2026-07-08.jsonl,/opt/binance-event/data/observation_curves-2026-07-08.jsonl,JSONL,未限定,未知,294391,2026-07-08T21:50:32.151567+08:00,元数据可访问,白名单目录内候选文件stat元数据,未读取文件内容；时间范围、完整性和质量未知,任务-000004
discovery-20260728T092404+0800,DS-000032,候选数据文件,ubuntu,binance-event,observation_curves-2026-07-09.jsonl,/opt/binance-event/data/observation_curves-2026-07-09.jsonl,JSONL,未限定,未知,269671,2026-07-09T15:48:26.858701+08:00,元数据可访问,白名单目录内候选文件stat元数据,未读取文件内容；时间范围、完整性和质量未知,任务-000004
discovery-20260728T092404+0800,DS-000033,候选数据文件,ubuntu,binance-event,observation_curves-2026-07-10.jsonl,/opt/binance-event/data/observation_curves-2026-07-10.jsonl,JSONL,未限定,未知,457069,2026-07-10T22:22:55.852122+08:00,元数据可访问,白名单目录内候选文件stat元数据,未读取文件内容；时间范围、完整性和质量未知,任务-000004
discovery-20260728T092404+0800,DS-000034,候选数据文件,ubuntu,binance-event,observation_curves-2026-07-11.jsonl,/opt/binance-event/data/observation_curves-2026-07-11.jsonl,JSONL,未限定,未知,130854,2026-07-11T23:39:32.328423+08:00,元数据可访问,白名单目录内候选文件stat元数据,未读取文件内容；时间范围、完整性和质量未知,任务-000004
discovery-20260728T092404+0800,DS-000035,候选数据文件,ubuntu,binance-event,observation_curves-2026-07-12.jsonl,/opt/binance-event/data/observation_curves-2026-07-12.jsonl,JSONL,未限定,未知,419948,2026-07-12T23:32:42.694330+08:00,元数据可访问,白名单目录内候选文件stat元数据,未读取文件内容；时间范围、完整性和质量未知,任务-000004
discovery-20260728T092404+0800,DS-000036,候选数据文件,ubuntu,binance-event,observation_curves-2026-07-13.jsonl,/opt/binance-event/data/observation_curves-2026-07-13.jsonl,JSONL,未限定,未知,149412,2026-07-13T21:44:09.811834+08:00,元数据可访问,白名单目录内候选文件stat元数据,未读取文件内容；时间范围、完整性和质量未知,任务-000004
discovery-20260728T092404+0800,DS-000037,候选数据文件,ubuntu,binance-event,observation_curves-2026-07-14.jsonl,/opt/binance-event/data/observation_curves-2026-07-14.jsonl,JSONL,未限定,未知,302722,2026-07-14T23:32:26.244903+08:00,元数据可访问,白名单目录内候选文件stat元数据,未读取文件内容；时间范围、完整性和质量未知,任务-000004
discovery-20260728T092404+0800,DS-000038,候选数据文件,ubuntu,binance-event,observation_curves-2026-07-15.jsonl,/opt/binance-event/data/observation_curves-2026-07-15.jsonl,JSONL,未限定,未知,407902,2026-07-15T21:18:53.253088+08:00,元数据可访问,白名单目录内候选文件stat元数据,未读取文件内容；时间范围、完整性和质量未知,任务-000004
discovery-20260728T092404+0800,DS-000039,候选数据文件,ubuntu,binance-event,observation_curves-2026-07-16.jsonl,/opt/binance-event/data/observation_curves-2026-07-16.jsonl,JSONL,未限定,未知,252378,2026-07-16T23:32:08.040951+08:00,元数据可访问,白名单目录内候选文件stat元数据,未读取文件内容；时间范围、完整性和质量未知,任务-000004
discovery-20260728T092404+0800,DS-000040,候选数据文件,ubuntu,binance-event,observation_curves-2026-07-17.jsonl,/opt/binance-event/data/observation_curves-2026-07-17.jsonl,JSONL,未限定,未知,225838,2026-07-17T14:21:01.442117+08:00,元数据可访问,白名单目录内候选文件stat元数据,未读取文件内容；时间范围、完整性和质量未知,任务-000004
discovery-20260728T092404+0800,DS-000041,候选数据文件,ubuntu,binance-event,observation_curves-2026-07-27.jsonl,/opt/binance-event/data/observation_curves-2026-07-27.jsonl,JSONL,未限定,未知,62832,2026-07-27T22:42:35.250885+08:00,元数据可访问,白名单目录内候选文件stat元数据,未读取文件内容；时间范围、完整性和质量未知,任务-000004
discovery-20260728T092404+0800,DS-000042,候选数据文件,ubuntu,binance-event,observation_curves-2026-07-28.jsonl,/opt/binance-event/data/observation_curves-2026-07-28.jsonl,JSONL,未限定,未知,178523,2026-07-28T09:12:39.256250+08:00,元数据可访问,白名单目录内候选文件stat元数据,未读取文件内容；时间范围、完整性和质量未知,任务-000004
discovery-20260728T092404+0800,DS-000043,候选数据文件,ubuntu,binance-event,BTCUSDT_seconds_2026-05-24_2026-06-09.csv,/opt/binance-event/data/replay_cache/session_adaptive_reversal/BTCUSDT_seconds_2026-05-24_2026-06-09.csv,CSV,BTC,未知,63734098,2026-06-11T23:30:13+08:00,元数据可访问,白名单目录内候选文件stat元数据,未读取文件内容；时间范围、完整性和质量未知,任务-000004
discovery-20260728T092404+0800,DS-000044,候选数据文件,ubuntu,binance-event,BTCUSDT_seconds_2026-05-26_2026-06-10.csv,/opt/binance-event/data/replay_cache/session_adaptive_reversal/BTCUSDT_seconds_2026-05-26_2026-06-10.csv,CSV,BTC,未知,60464328,2026-06-12T08:07:54+08:00,元数据可访问,白名单目录内候选文件stat元数据,未读取文件内容；时间范围、完整性和质量未知,任务-000004
discovery-20260728T092404+0800,DS-000045,候选数据文件,ubuntu,binance-event,BTCUSDT_seconds_2026-05-27_2026-06-11.csv,/opt/binance-event/data/replay_cache/session_adaptive_reversal/BTCUSDT_seconds_2026-05-27_2026-06-11.csv,CSV,BTC,未知,60710354,2026-06-12T09:22:02+08:00,元数据可访问,白名单目录内候选文件stat元数据,未读取文件内容；时间范围、完整性和质量未知,任务-000004
discovery-20260728T092404+0800,DS-000046,候选数据文件,ubuntu,binance-event,BTCUSDT_seconds_2026-05-27_2026-06-12.csv,/opt/binance-event/data/replay_cache/session_adaptive_reversal/BTCUSDT_seconds_2026-05-27_2026-06-12.csv,CSV,BTC,未知,53,2026-06-12T00:05:02+08:00,元数据可访问,白名单目录内候选文件stat元数据,未读取文件内容；时间范围、完整性和质量未知,任务-000004
discovery-20260728T092404+0800,DS-000047,候选数据文件,ubuntu,binance-event,BTCUSDT_seconds_2026-05-28_2026-06-12.csv,/opt/binance-event/data/replay_cache/session_adaptive_reversal/BTCUSDT_seconds_2026-05-28_2026-06-12.csv,CSV,BTC,未知,60807995,2026-06-13T00:05:08+08:00,元数据可访问,白名单目录内候选文件stat元数据,未读取文件内容；时间范围、完整性和质量未知,任务-000004
discovery-20260728T092404+0800,DS-000048,候选数据文件,ubuntu,binance-event,BTCUSDT_seconds_2026-05-29_2026-06-13.csv,/opt/binance-event/data/replay_cache/session_adaptive_reversal/BTCUSDT_seconds_2026-05-29_2026-06-13.csv,CSV,BTC,未知,60529169,2026-06-14T00:05:05+08:00,元数据可访问,白名单目录内候选文件stat元数据,未读取文件内容；时间范围、完整性和质量未知,任务-000004
discovery-20260728T092404+0800,DS-000049,候选数据文件,ubuntu,binance-event,BTCUSDT_seconds_2026-05-30_2026-06-14.csv,/opt/binance-event/data/replay_cache/session_adaptive_reversal/BTCUSDT_seconds_2026-05-30_2026-06-14.csv,CSV,BTC,未知,60423250,2026-06-15T00:05:11+08:00,元数据可访问,白名单目录内候选文件stat元数据,未读取文件内容；时间范围、完整性和质量未知,任务-000004
discovery-20260728T092404+0800,DS-000050,候选数据文件,ubuntu,binance-event,BTCUSDT_seconds_2026-05-31_2026-06-15.csv,/opt/binance-event/data/replay_cache/session_adaptive_reversal/BTCUSDT_seconds_2026-05-31_2026-06-15.csv,CSV,BTC,未知,60927902,2026-06-16T00:05:11+08:00,元数据可访问,白名单目录内候选文件stat元数据,未读取文件内容；时间范围、完整性和质量未知,任务-000004
discovery-20260728T092404+0800,DS-000051,候选数据文件,ubuntu,binance-event,BTCUSDT_seconds_2026-06-01_2026-06-16.csv,/opt/binance-event/data/replay_cache/session_adaptive_reversal/BTCUSDT_seconds_2026-06-01_2026-06-16.csv,CSV,BTC,未知,61610066,2026-06-17T00:05:11+08:00,元数据可访问,白名单目录内候选文件stat元数据,未读取文件内容；时间范围、完整性和质量未知,任务-000004
discovery-20260728T092404+0800,DS-000052,候选数据文件,ubuntu,binance-event,BTCUSDT_seconds_2026-06-02_2026-06-17.csv,/opt/binance-event/data/replay_cache/session_adaptive_reversal/BTCUSDT_seconds_2026-06-02_2026-06-17.csv,CSV,BTC,未知,60839340,2026-06-18T00:05:14+08:00,元数据可访问,白名单目录内候选文件stat元数据,未读取文件内容；时间范围、完整性和质量未知,任务-000004
discovery-20260728T092404+0800,DS-000053,候选数据文件,ubuntu,binance-event,BTCUSDT_seconds_2026-06-03_2026-06-18.csv,/opt/binance-event/data/replay_cache/session_adaptive_reversal/BTCUSDT_seconds_2026-06-03_2026-06-18.csv,CSV,BTC,未知,53,2026-06-19T00:05:01+08:00,元数据可访问,白名单目录内候选文件stat元数据,未读取文件内容；时间范围、完整性和质量未知,任务-000004
discovery-20260728T092404+0800,DS-000054,候选数据文件,ubuntu,binance-event,BTCUSDT_seconds_2026-06-04_2026-06-19.csv,/opt/binance-event/data/replay_cache/session_adaptive_reversal/BTCUSDT_seconds_2026-06-04_2026-06-19.csv,CSV,BTC,未知,53,2026-06-20T00:05:00.277249+08:00,元数据可访问,白名单目录内候选文件stat元数据,未读取文件内容；时间范围、完整性和质量未知,任务-000004
discovery-20260728T092404+0800,DS-000055,候选数据文件,ubuntu,binance-event,BTCUSDT_seconds_2026-06-05_2026-06-20.csv,/opt/binance-event/data/replay_cache/session_adaptive_reversal/BTCUSDT_seconds_2026-06-05_2026-06-20.csv,CSV,BTC,未知,58608269,2026-06-21T06:01:36.057282+08:00,元数据可访问,白名单目录内候选文件stat元数据,未读取文件内容；时间范围、完整性和质量未知,任务-000004
discovery-20260728T092404+0800,DS-000056,候选数据文件,ubuntu,binance-event,BTCUSDT_seconds_2026-06-06_2026-06-21.csv,/opt/binance-event/data/replay_cache/session_adaptive_reversal/BTCUSDT_seconds_2026-06-06_2026-06-21.csv,CSV,BTC,未知,57342512,2026-06-22T00:05:06.316399+08:00,元数据可访问,白名单目录内候选文件stat元数据,未读取文件内容；时间范围、完整性和质量未知,任务-000004
discovery-20260728T092404+0800,DS-000057,候选数据文件,ubuntu,binance-event,BTCUSDT_seconds_2026-06-07_2026-06-22.csv,/opt/binance-event/data/replay_cache/session_adaptive_reversal/BTCUSDT_seconds_2026-06-07_2026-06-22.csv,CSV,BTC,未知,56961967,2026-06-23T00:05:10.381983+08:00,元数据可访问,白名单目录内候选文件stat元数据,未读取文件内容；时间范围、完整性和质量未知,任务-000004
discovery-20260728T092404+0800,DS-000058,候选数据文件,ubuntu,binance-event,BTCUSDT_seconds_2026-06-08_2026-06-23.csv,/opt/binance-event/data/replay_cache/session_adaptive_reversal/BTCUSDT_seconds_2026-06-08_2026-06-23.csv,CSV,BTC,未知,56928896,2026-06-24T00:05:07.485477+08:00,元数据可访问,白名单目录内候选文件stat元数据,未读取文件内容；时间范围、完整性和质量未知,任务-000004
discovery-20260728T092404+0800,DS-000059,候选数据文件,ubuntu,binance-event,BTCUSDT_seconds_2026-06-09_2026-06-24.csv,/opt/binance-event/data/replay_cache/session_adaptive_reversal/BTCUSDT_seconds_2026-06-09_2026-06-24.csv,CSV,BTC,未知,56729147,2026-06-25T00:05:15.682075+08:00,元数据可访问,白名单目录内候选文件stat元数据,未读取文件内容；时间范围、完整性和质量未知,任务-000004
discovery-20260728T092404+0800,DS-000060,候选数据文件,ubuntu,binance-event,BTCUSDT_seconds_2026-06-10_2026-06-10.csv,/opt/binance-event/data/replay_cache/session_adaptive_reversal/BTCUSDT_seconds_2026-06-10_2026-06-10.csv,CSV,BTC,未知,3900690,2026-06-12T08:02:24+08:00,元数据可访问,白名单目录内候选文件stat元数据,未读取文件内容；时间范围、完整性和质量未知,任务-000004
discovery-20260728T092404+0800,DS-000061,候选数据文件,ubuntu,binance-event,BTCUSDT_seconds_2026-06-10_2026-06-25.csv,/opt/binance-event/data/replay_cache/session_adaptive_reversal/BTCUSDT_seconds_2026-06-10_2026-06-25.csv,CSV,BTC,未知,56733755,2026-06-26T00:05:17.589969+08:00,元数据可访问,白名单目录内候选文件stat元数据,未读取文件内容；时间范围、完整性和质量未知,任务-000004
discovery-20260728T092404+0800,DS-000062,候选数据文件,ubuntu,binance-event,BTCUSDT_seconds_2026-06-11_2026-06-11.csv,/opt/binance-event/data/replay_cache/session_adaptive_reversal/BTCUSDT_seconds_2026-06-11_2026-06-11.csv,CSV,BTC,未知,3773951,2026-06-12T09:21:16+08:00,元数据可访问,白名单目录内候选文件stat元数据,未读取文件内容；时间范围、完整性和质量未知,任务-000004
discovery-20260728T092404+0800,DS-000063,候选数据文件,ubuntu,binance-event,BTCUSDT_seconds_2026-06-11_2026-06-26.csv,/opt/binance-event/data/replay_cache/session_adaptive_reversal/BTCUSDT_seconds_2026-06-11_2026-06-26.csv,CSV,BTC,未知,56771339,2026-06-27T00:05:25.799783+08:00,元数据可访问,白名单目录内候选文件stat元数据,未读取文件内容；时间范围、完整性和质量未知,任务-000004
discovery-20260728T092404+0800,DS-000064,候选数据文件,ubuntu,binance-event,BTCUSDT_seconds_2026-06-12_2026-06-27.csv,/opt/binance-event/data/replay_cache/session_adaptive_reversal/BTCUSDT_seconds_2026-06-12_2026-06-27.csv,CSV,BTC,未知,56607726,2026-06-28T00:05:19.524819+08:00,元数据可访问,白名单目录内候选文件stat元数据,未读取文件内容；时间范围、完整性和质量未知,任务-000004
discovery-20260728T092404+0800,DS-000065,候选数据文件,ubuntu,binance-event,BTCUSDT_seconds_2026-06-13_2026-06-28.csv,/opt/binance-event/data/replay_cache/session_adaptive_reversal/BTCUSDT_seconds_2026-06-13_2026-06-28.csv,CSV,BTC,未知,56377172,2026-06-29T00:05:14.375198+08:00,元数据可访问,白名单目录内候选文件stat元数据,未读取文件内容；时间范围、完整性和质量未知,任务-000004
discovery-20260728T092404+0800,DS-000066,候选数据文件,ubuntu,binance-event,BTCUSDT_seconds_2026-06-14_2026-06-29.csv,/opt/binance-event/data/replay_cache/session_adaptive_reversal/BTCUSDT_seconds_2026-06-14_2026-06-29.csv,CSV,BTC,未知,56595955,2026-06-30T00:05:16.102836+08:00,元数据可访问,白名单目录内候选文件stat元数据,未读取文件内容；时间范围、完整性和质量未知,任务-000004
discovery-20260728T092404+0800,DS-000067,候选数据文件,ubuntu,binance-event,BTCUSDT_seconds_2026-06-15_2026-06-30.csv,/opt/binance-event/data/replay_cache/session_adaptive_reversal/BTCUSDT_seconds_2026-06-15_2026-06-30.csv,CSV,BTC,未知,56482834,2026-07-01T00:05:05.314755+08:00,元数据可访问,白名单目录内候选文件stat元数据,未读取文件内容；时间范围、完整性和质量未知,任务-000004
discovery-20260728T092404+0800,DS-000068,候选数据文件,ubuntu,binance-event,BTCUSDT_seconds_2026-06-16_2026-07-01.csv,/opt/binance-event/data/replay_cache/session_adaptive_reversal/BTCUSDT_seconds_2026-06-16_2026-07-01.csv,CSV,BTC,未知,53,2026-07-02T00:05:00.048646+08:00,元数据可访问,白名单目录内候选文件stat元数据,未读取文件内容；时间范围、完整性和质量未知,任务-000004
discovery-20260728T092404+0800,DS-000069,候选数据文件,ubuntu,binance-event,BTCUSDT_seconds_2026-06-18_2026-06-18.csv,/opt/binance-event/data/replay_cache/session_adaptive_reversal/BTCUSDT_seconds_2026-06-18_2026-06-18.csv,CSV,BTC,未知,3804082,2026-06-21T05:54:19.603559+08:00,元数据可访问,白名单目录内候选文件stat元数据,未读取文件内容；时间范围、完整性和质量未知,任务-000004
discovery-20260728T092404+0800,DS-000070,候选数据文件,ubuntu,binance-event,BTCUSDT_seconds_2026-06-18_2026-07-03.csv,/opt/binance-event/data/replay_cache/session_adaptive_reversal/BTCUSDT_seconds_2026-06-18_2026-07-03.csv,CSV,BTC,未知,7414174,2026-07-04T00:05:14.350970+08:00,元数据可访问,白名单目录内候选文件stat元数据,未读取文件内容；时间范围、完整性和质量未知,任务-000004
discovery-20260728T092404+0800,DS-000071,候选数据文件,ubuntu,binance-event,BTCUSDT_seconds_2026-06-19_2026-06-19.csv,/opt/binance-event/data/replay_cache/session_adaptive_reversal/BTCUSDT_seconds_2026-06-19_2026-06-19.csv,CSV,BTC,未知,3610145,2026-06-21T05:54:26.483045+08:00,元数据可访问,白名单目录内候选文件stat元数据,未读取文件内容；时间范围、完整性和质量未知,任务-000004
discovery-20260728T092404+0800,DS-000072,候选数据文件,ubuntu,binance-event,BTCUSDT_seconds_2026-06-20_2026-07-05.csv,/opt/binance-event/data/replay_cache/session_adaptive_reversal/BTCUSDT_seconds_2026-06-20_2026-07-05.csv,CSV,BTC,未知,53,2026-07-06T00:05:07.749493+08:00,元数据可访问,白名单目录内候选文件stat元数据,未读取文件内容；时间范围、完整性和质量未知,任务-000004
discovery-20260728T092404+0800,DS-000073,候选数据文件,ubuntu,binance-event,BTCUSDT_seconds_2026-06-21_2026-07-06.csv,/opt/binance-event/data/replay_cache/session_adaptive_reversal/BTCUSDT_seconds_2026-06-21_2026-07-06.csv,CSV,BTC,未知,53,2026-07-07T00:05:00.042516+08:00,元数据可访问,白名单目录内候选文件stat元数据,未读取文件内容；时间范围、完整性和质量未知,任务-000004
discovery-20260728T092404+0800,DS-000074,候选数据文件,ubuntu,binance-event,BTCUSDT_seconds_2026-06-22_2026-07-07.csv,/opt/binance-event/data/replay_cache/session_adaptive_reversal/BTCUSDT_seconds_2026-06-22_2026-07-07.csv,CSV,BTC,未知,53,2026-07-08T00:05:00.833797+08:00,元数据可访问,白名单目录内候选文件stat元数据,未读取文件内容；时间范围、完整性和质量未知,任务-000004
discovery-20260728T092404+0800,DS-000075,候选数据文件,ubuntu,binance-event,BTCUSDT_seconds_2026-06-23_2026-07-08.csv,/opt/binance-event/data/replay_cache/session_adaptive_reversal/BTCUSDT_seconds_2026-06-23_2026-07-08.csv,CSV,BTC,未知,53,2026-07-09T00:05:00.853906+08:00,元数据可访问,白名单目录内候选文件stat元数据,未读取文件内容；时间范围、完整性和质量未知,任务-000004
discovery-20260728T092404+0800,DS-000076,候选数据文件,ubuntu,binance-event,BTCUSDT_seconds_2026-06-24_2026-07-09.csv,/opt/binance-event/data/replay_cache/session_adaptive_reversal/BTCUSDT_seconds_2026-06-24_2026-07-09.csv,CSV,BTC,未知,53,2026-07-10T00:05:00.057986+08:00,元数据可访问,白名单目录内候选文件stat元数据,未读取文件内容；时间范围、完整性和质量未知,任务-000004
discovery-20260728T092404+0800,DS-000077,候选数据文件,ubuntu,binance-event,BTCUSDT_seconds_2026-06-25_2026-07-10.csv,/opt/binance-event/data/replay_cache/session_adaptive_reversal/BTCUSDT_seconds_2026-06-25_2026-07-10.csv,CSV,BTC,未知,53,2026-07-11T00:05:00.602777+08:00,元数据可访问,白名单目录内候选文件stat元数据,未读取文件内容；时间范围、完整性和质量未知,任务-000004
discovery-20260728T092404+0800,DS-000078,候选数据文件,ubuntu,binance-event,BTCUSDT_seconds_2026-06-26_2026-07-11.csv,/opt/binance-event/data/replay_cache/session_adaptive_reversal/BTCUSDT_seconds_2026-06-26_2026-07-11.csv,CSV,BTC,未知,53,2026-07-12T00:05:00.028780+08:00,元数据可访问,白名单目录内候选文件stat元数据,未读取文件内容；时间范围、完整性和质量未知,任务-000004
discovery-20260728T092404+0800,DS-000079,候选数据文件,ubuntu,binance-event,BTCUSDT_seconds_2026-06-27_2026-07-12.csv,/opt/binance-event/data/replay_cache/session_adaptive_reversal/BTCUSDT_seconds_2026-06-27_2026-07-12.csv,CSV,BTC,未知,53,2026-07-13T00:05:00.103404+08:00,元数据可访问,白名单目录内候选文件stat元数据,未读取文件内容；时间范围、完整性和质量未知,任务-000004
discovery-20260728T092404+0800,DS-000080,候选数据文件,ubuntu,binance-event,session_adaptive_reversal.sqlite3,/opt/binance-event/data/session_adaptive_reversal.sqlite3,SQLite,未限定,未知,1114583040,2026-07-27T21:35:09.653243+08:00,元数据可访问,白名单目录内候选文件stat元数据,未读取文件内容；时间范围、完整性和质量未知,任务-000004
discovery-20260728T092404+0800,DS-000081,候选数据文件,ubuntu,binance-event,signal_events-2026-06-07.jsonl,/opt/binance-event/data/signal_events-2026-06-07.jsonl,JSONL,未限定,未知,481256,2026-06-08T06:20:51+08:00,元数据可访问,白名单目录内候选文件stat元数据,未读取文件内容；时间范围、完整性和质量未知,任务-000004
discovery-20260728T092404+0800,DS-000082,候选数据文件,ubuntu,binance-event,signal_events-2026-06-08.jsonl,/opt/binance-event/data/signal_events-2026-06-08.jsonl,JSONL,未限定,未知,209819,2026-06-09T05:10:29+08:00,元数据可访问,白名单目录内候选文件stat元数据,未读取文件内容；时间范围、完整性和质量未知,任务-000004
discovery-20260728T092404+0800,DS-000083,候选数据文件,ubuntu,binance-event,signal_events-2026-06-09.jsonl,/opt/binance-event/data/signal_events-2026-06-09.jsonl,JSONL,未限定,未知,9052794,2026-06-10T07:36:23+08:00,元数据可访问,白名单目录内候选文件stat元数据,未读取文件内容；时间范围、完整性和质量未知,任务-000004
discovery-20260728T092404+0800,DS-000084,候选数据文件,ubuntu,binance-event,signal_events-2026-06-10.jsonl,/opt/binance-event/data/signal_events-2026-06-10.jsonl,JSONL,未限定,未知,4269141,2026-06-11T05:50:31+08:00,元数据可访问,白名单目录内候选文件stat元数据,未读取文件内容；时间范围、完整性和质量未知,任务-000004
discovery-20260728T092404+0800,DS-000085,候选数据文件,ubuntu,binance-event,signal_events-2026-06-11.jsonl,/opt/binance-event/data/signal_events-2026-06-11.jsonl,JSONL,未限定,未知,2465240,2026-06-12T03:33:04+08:00,元数据可访问,白名单目录内候选文件stat元数据,未读取文件内容；时间范围、完整性和质量未知,任务-000004
discovery-20260728T092404+0800,DS-000086,候选数据文件,ubuntu,binance-event,signal_events-2026-06-12.jsonl,/opt/binance-event/data/signal_events-2026-06-12.jsonl,JSONL,未限定,未知,1203797,2026-06-12T23:15:16+08:00,元数据可访问,白名单目录内候选文件stat元数据,未读取文件内容；时间范围、完整性和质量未知,任务-000004
discovery-20260728T092404+0800,DS-000087,候选数据文件,ubuntu,binance-event,signal_events-2026-06-13.jsonl,/opt/binance-event/data/signal_events-2026-06-13.jsonl,JSONL,未限定,未知,1817536,2026-06-14T05:43:37+08:00,元数据可访问,白名单目录内候选文件stat元数据,未读取文件内容；时间范围、完整性和质量未知,任务-000004
discovery-20260728T092404+0800,DS-000088,候选数据文件,ubuntu,binance-event,signal_events-2026-06-14.jsonl,/opt/binance-event/data/signal_events-2026-06-14.jsonl,JSONL,未限定,未知,3730867,2026-06-15T07:28:01+08:00,元数据可访问,白名单目录内候选文件stat元数据,未读取文件内容；时间范围、完整性和质量未知,任务-000004
discovery-20260728T092404+0800,DS-000089,候选数据文件,ubuntu,binance-event,signal_events-2026-06-15.jsonl,/opt/binance-event/data/signal_events-2026-06-15.jsonl,JSONL,未限定,未知,3103365,2026-06-16T03:21:07+08:00,元数据可访问,白名单目录内候选文件stat元数据,未读取文件内容；时间范围、完整性和质量未知,任务-000004
discovery-20260728T092404+0800,DS-000090,候选数据文件,ubuntu,binance-event,signal_events-2026-06-16.jsonl,/opt/binance-event/data/signal_events-2026-06-16.jsonl,JSONL,未限定,未知,2284128,2026-06-16T22:11:14+08:00,元数据可访问,白名单目录内候选文件stat元数据,未读取文件内容；时间范围、完整性和质量未知,任务-000004
discovery-20260728T092404+0800,DS-000091,候选数据文件,ubuntu,binance-event,signal_events-2026-06-17.jsonl,/opt/binance-event/data/signal_events-2026-06-17.jsonl,JSONL,未限定,未知,1543931,2026-06-17T16:51:38+08:00,元数据可访问,白名单目录内候选文件stat元数据,未读取文件内容；时间范围、完整性和质量未知,任务-000004
discovery-20260728T092404+0800,DS-000092,候选数据文件,ubuntu,binance-event,signal_events-2026-06-19.jsonl,/opt/binance-event/data/signal_events-2026-06-19.jsonl,JSONL,未限定,未知,756596,2026-06-20T07:58:16.792512+08:00,元数据可访问,白名单目录内候选文件stat元数据,未读取文件内容；时间范围、完整性和质量未知,任务-000004
discovery-20260728T092404+0800,DS-000093,候选数据文件,ubuntu,binance-event,signal_events-2026-06-20.jsonl,/opt/binance-event/data/signal_events-2026-06-20.jsonl,JSONL,未限定,未知,84031,2026-06-20T09:33:32.959224+08:00,元数据可访问,白名单目录内候选文件stat元数据,未读取文件内容；时间范围、完整性和质量未知,任务-000004
discovery-20260728T092404+0800,DS-000094,候选数据文件,ubuntu,binance-event,signal_events-2026-06-21.jsonl,/opt/binance-event/data/signal_events-2026-06-21.jsonl,JSONL,未限定,未知,2596740,2026-06-22T07:34:05.378639+08:00,元数据可访问,白名单目录内候选文件stat元数据,未读取文件内容；时间范围、完整性和质量未知,任务-000004
discovery-20260728T092404+0800,DS-000095,候选数据文件,ubuntu,binance-event,signal_events-2026-06-22.jsonl,/opt/binance-event/data/signal_events-2026-06-22.jsonl,JSONL,未限定,未知,2143994,2026-06-23T06:30:44.991187+08:00,元数据可访问,白名单目录内候选文件stat元数据,未读取文件内容；时间范围、完整性和质量未知,任务-000004
discovery-20260728T092404+0800,DS-000096,候选数据文件,ubuntu,binance-event,signal_events-2026-06-23.jsonl,/opt/binance-event/data/signal_events-2026-06-23.jsonl,JSONL,未限定,未知,2423129,2026-06-24T00:12:57.782396+08:00,元数据可访问,白名单目录内候选文件stat元数据,未读取文件内容；时间范围、完整性和质量未知,任务-000004
discovery-20260728T092404+0800,DS-000097,候选数据文件,ubuntu,binance-event,signal_events-2026-06-24.jsonl,/opt/binance-event/data/signal_events-2026-06-24.jsonl,JSONL,未限定,未知,2305276,2026-06-25T04:52:11.977426+08:00,元数据可访问,白名单目录内候选文件stat元数据,未读取文件内容；时间范围、完整性和质量未知,任务-000004
discovery-20260728T092404+0800,DS-000098,候选数据文件,ubuntu,binance-event,signal_events-2026-06-25.jsonl,/opt/binance-event/data/signal_events-2026-06-25.jsonl,JSONL,未限定,未知,2629107,2026-06-26T04:01:58.013986+08:00,元数据可访问,白名单目录内候选文件stat元数据,未读取文件内容；时间范围、完整性和质量未知,任务-000004
discovery-20260728T092404+0800,DS-000099,候选数据文件,ubuntu,binance-event,signal_events-2026-06-26.jsonl,/opt/binance-event/data/signal_events-2026-06-26.jsonl,JSONL,未限定,未知,3159732,2026-06-27T04:00:45.430890+08:00,元数据可访问,白名单目录内候选文件stat元数据,未读取文件内容；时间范围、完整性和质量未知,任务-000004
discovery-20260728T092404+0800,DS-000100,候选数据文件,ubuntu,binance-event,signal_events-2026-06-27.jsonl,/opt/binance-event/data/signal_events-2026-06-27.jsonl,JSONL,未限定,未知,2143560,2026-06-28T06:18:39.511984+08:00,元数据可访问,白名单目录内候选文件stat元数据,未读取文件内容；时间范围、完整性和质量未知,任务-000004
discovery-20260728T092404+0800,DS-000101,候选数据文件,ubuntu,binance-event,signal_events-2026-06-28.jsonl,/opt/binance-event/data/signal_events-2026-06-28.jsonl,JSONL,未限定,未知,2227774,2026-06-29T06:55:35.717797+08:00,元数据可访问,白名单目录内候选文件stat元数据,未读取文件内容；时间范围、完整性和质量未知,任务-000004
discovery-20260728T092404+0800,DS-000102,候选数据文件,ubuntu,binance-event,signal_events-2026-06-29.jsonl,/opt/binance-event/data/signal_events-2026-06-29.jsonl,JSONL,未限定,未知,2079016,2026-06-30T01:15:38.873532+08:00,元数据可访问,白名单目录内候选文件stat元数据,未读取文件内容；时间范围、完整性和质量未知,任务-000004
discovery-20260728T092404+0800,DS-000103,候选数据文件,ubuntu,binance-event,signal_events-2026-06-30.jsonl,/opt/binance-event/data/signal_events-2026-06-30.jsonl,JSONL,未限定,未知,978311,2026-06-30T21:35:19.715695+08:00,元数据可访问,白名单目录内候选文件stat元数据,未读取文件内容；时间范围、完整性和质量未知,任务-000004
discovery-20260728T092404+0800,DS-000104,候选数据文件,ubuntu,binance-event,signal_events-2026-07-01.jsonl,/opt/binance-event/data/signal_events-2026-07-01.jsonl,JSONL,未限定,未知,1073019,2026-07-02T06:30:34.713329+08:00,元数据可访问,白名单目录内候选文件stat元数据,未读取文件内容；时间范围、完整性和质量未知,任务-000004
discovery-20260728T092404+0800,DS-000105,候选数据文件,ubuntu,binance-event,signal_events-2026-07-02.jsonl,/opt/binance-event/data/signal_events-2026-07-02.jsonl,JSONL,未限定,未知,2454317,2026-07-03T06:54:07.922041+08:00,元数据可访问,白名单目录内候选文件stat元数据,未读取文件内容；时间范围、完整性和质量未知,任务-000004
discovery-20260728T092404+0800,DS-000106,候选数据文件,ubuntu,binance-event,signal_events-2026-07-03.jsonl,/opt/binance-event/data/signal_events-2026-07-03.jsonl,JSONL,未限定,未知,2242068,2026-07-04T04:38:29.441304+08:00,元数据可访问,白名单目录内候选文件stat元数据,未读取文件内容；时间范围、完整性和质量未知,任务-000004
discovery-20260728T092404+0800,DS-000107,候选数据文件,ubuntu,binance-event,signal_events-2026-07-04.jsonl,/opt/binance-event/data/signal_events-2026-07-04.jsonl,JSONL,未限定,未知,427908,2026-07-04T09:10:57.112809+08:00,元数据可访问,白名单目录内候选文件stat元数据,未读取文件内容；时间范围、完整性和质量未知,任务-000004
discovery-20260728T092404+0800,DS-000108,候选数据文件,ubuntu,binance-event,signal_events-2026-07-05.jsonl,/opt/binance-event/data/signal_events-2026-07-05.jsonl,JSONL,未限定,未知,1053996,2026-07-06T07:26:04.711905+08:00,元数据可访问,白名单目录内候选文件stat元数据,未读取文件内容；时间范围、完整性和质量未知,任务-000004
discovery-20260728T092404+0800,DS-000109,候选数据文件,ubuntu,binance-event,signal_events-2026-07-06.jsonl,/opt/binance-event/data/signal_events-2026-07-06.jsonl,JSONL,未限定,未知,2386917,2026-07-07T05:11:40.388056+08:00,元数据可访问,白名单目录内候选文件stat元数据,未读取文件内容；时间范围、完整性和质量未知,任务-000004
discovery-20260728T092404+0800,DS-000110,候选数据文件,ubuntu,binance-event,signal_events-2026-07-07.jsonl,/opt/binance-event/data/signal_events-2026-07-07.jsonl,JSONL,未限定,未知,1575062,2026-07-08T00:52:54.590561+08:00,元数据可访问,白名单目录内候选文件stat元数据,未读取文件内容；时间范围、完整性和质量未知,任务-000004
discovery-20260728T092404+0800,DS-000111,候选数据文件,ubuntu,binance-event,signal_events-2026-07-08.jsonl,/opt/binance-event/data/signal_events-2026-07-08.jsonl,JSONL,未限定,未知,1804162,2026-07-08T22:46:07.771283+08:00,元数据可访问,白名单目录内候选文件stat元数据,未读取文件内容；时间范围、完整性和质量未知,任务-000004
discovery-20260728T092404+0800,DS-000112,候选数据文件,ubuntu,binance-event,signal_events-2026-07-09.jsonl,/opt/binance-event/data/signal_events-2026-07-09.jsonl,JSONL,未限定,未知,2322965,2026-07-10T02:10:01.374935+08:00,元数据可访问,白名单目录内候选文件stat元数据,未读取文件内容；时间范围、完整性和质量未知,任务-000004
discovery-20260728T092404+0800,DS-000113,候选数据文件,ubuntu,binance-event,signal_events-2026-07-10.jsonl,/opt/binance-event/data/signal_events-2026-07-10.jsonl,JSONL,未限定,未知,2340673,2026-07-10T22:33:17.883356+08:00,元数据可访问,白名单目录内候选文件stat元数据,未读取文件内容；时间范围、完整性和质量未知,任务-000004
discovery-20260728T092404+0800,DS-000114,候选数据文件,ubuntu,binance-event,signal_events-2026-07-11.jsonl,/opt/binance-event/data/signal_events-2026-07-11.jsonl,JSONL,未限定,未知,1081940,2026-07-12T07:23:34.291637+08:00,元数据可访问,白名单目录内候选文件stat元数据,未读取文件内容；时间范围、完整性和质量未知,任务-000004
discovery-20260728T092404+0800,DS-000115,候选数据文件,ubuntu,binance-event,signal_events-2026-07-12.jsonl,/opt/binance-event/data/signal_events-2026-07-12.jsonl,JSONL,未限定,未知,2433826,2026-07-13T06:04:03.110073+08:00,元数据可访问,白名单目录内候选文件stat元数据,未读取文件内容；时间范围、完整性和质量未知,任务-000004
discovery-20260728T092404+0800,DS-000116,候选数据文件,ubuntu,binance-event,signal_events-2026-07-13.jsonl,/opt/binance-event/data/signal_events-2026-07-13.jsonl,JSONL,未限定,未知,947174,2026-07-14T02:00:17.471940+08:00,元数据可访问,白名单目录内候选文件stat元数据,未读取文件内容；时间范围、完整性和质量未知,任务-000004
discovery-20260728T092404+0800,DS-000117,候选数据文件,ubuntu,binance-event,signal_events-2026-07-14.jsonl,/opt/binance-event/data/signal_events-2026-07-14.jsonl,JSONL,未限定,未知,2074320,2026-07-15T06:35:11.486694+08:00,元数据可访问,白名单目录内候选文件stat元数据,未读取文件内容；时间范围、完整性和质量未知,任务-000004
discovery-20260728T092404+0800,DS-000118,候选数据文件,ubuntu,binance-event,signal_events-2026-07-15.jsonl,/opt/binance-event/data/signal_events-2026-07-15.jsonl,JSONL,未限定,未知,2005125,2026-07-16T01:49:49.096915+08:00,元数据可访问,白名单目录内候选文件stat元数据,未读取文件内容；时间范围、完整性和质量未知,任务-000004
discovery-20260728T092404+0800,DS-000119,候选数据文件,ubuntu,binance-event,signal_events-2026-07-16.jsonl,/opt/binance-event/data/signal_events-2026-07-16.jsonl,JSONL,未限定,未知,2263287,2026-07-17T07:25:23.240852+08:00,元数据可访问,白名单目录内候选文件stat元数据,未读取文件内容；时间范围、完整性和质量未知,任务-000004
discovery-20260728T092404+0800,DS-000120,候选数据文件,ubuntu,binance-event,signal_events-2026-07-17.jsonl,/opt/binance-event/data/signal_events-2026-07-17.jsonl,JSONL,未限定,未知,1496052,2026-07-17T14:21:01.630103+08:00,元数据可访问,白名单目录内候选文件stat元数据,未读取文件内容；时间范围、完整性和质量未知,任务-000004
discovery-20260728T092404+0800,DS-000121,候选数据文件,ubuntu,binance-event,signal_events-2026-07-27.jsonl,/opt/binance-event/data/signal_events-2026-07-27.jsonl,JSONL,未限定,未知,1977613,2026-07-28T07:02:43.267424+08:00,元数据可访问,白名单目录内候选文件stat元数据,未读取文件内容；时间范围、完整性和质量未知,任务-000004
discovery-20260728T092404+0800,DS-000122,候选数据文件,ubuntu,binance-event,signal_events-2026-07-28.jsonl,/opt/binance-event/data/signal_events-2026-07-28.jsonl,JSONL,未限定,未知,537475,2026-07-28T09:16:23.019519+08:00,元数据可访问,白名单目录内候选文件stat元数据,未读取文件内容；时间范围、完整性和质量未知,任务-000004
discovery-20260728T092404+0800,DS-000123,候选数据文件,ubuntu,binance-event,threshold_hits-1970-01-01.csv,/opt/binance-event/data/threshold_hits-1970-01-01.csv,CSV,未限定,未知,28119,2026-07-16T12:39:30.158402+08:00,元数据可访问,白名单目录内候选文件stat元数据,未读取文件内容；时间范围、完整性和质量未知,任务-000004
discovery-20260728T092404+0800,DS-000124,候选数据文件,ubuntu,binance-event,threshold_hits-2026-06-07.csv,/opt/binance-event/data/threshold_hits-2026-06-07.csv,CSV,未限定,未知,2300,2026-06-07T22:31:58+08:00,元数据可访问,白名单目录内候选文件stat元数据,未读取文件内容；时间范围、完整性和质量未知,任务-000004
discovery-20260728T092404+0800,DS-000125,候选数据文件,ubuntu,binance-event,threshold_hits-2026-06-08.csv,/opt/binance-event/data/threshold_hits-2026-06-08.csv,CSV,未限定,未知,3711,2026-06-08T22:57:26+08:00,元数据可访问,白名单目录内候选文件stat元数据,未读取文件内容；时间范围、完整性和质量未知,任务-000004
discovery-20260728T092404+0800,DS-000126,候选数据文件,ubuntu,binance-event,threshold_hits-2026-06-09.csv,/opt/binance-event/data/threshold_hits-2026-06-09.csv,CSV,未限定,未知,41952,2026-06-09T23:57:20+08:00,元数据可访问,白名单目录内候选文件stat元数据,未读取文件内容；时间范围、完整性和质量未知,任务-000004
discovery-20260728T092404+0800,DS-000127,候选数据文件,ubuntu,binance-event,threshold_hits-2026-06-10.csv,/opt/binance-event/data/threshold_hits-2026-06-10.csv,CSV,未限定,未知,35170,2026-06-10T22:15:34+08:00,元数据可访问,白名单目录内候选文件stat元数据,未读取文件内容；时间范围、完整性和质量未知,任务-000004
discovery-20260728T092404+0800,DS-000128,候选数据文件,ubuntu,binance-event,threshold_hits-2026-06-11.csv,/opt/binance-event/data/threshold_hits-2026-06-11.csv,CSV,未限定,未知,12601,2026-06-11T23:01:27+08:00,元数据可访问,白名单目录内候选文件stat元数据,未读取文件内容；时间范围、完整性和质量未知,任务-000004
discovery-20260728T092404+0800,DS-000129,候选数据文件,ubuntu,binance-event,threshold_hits-2026-06-12.csv,/opt/binance-event/data/threshold_hits-2026-06-12.csv,CSV,未限定,未知,13839,2026-06-12T23:14:01+08:00,元数据可访问,白名单目录内候选文件stat元数据,未读取文件内容；时间范围、完整性和质量未知,任务-000004
discovery-20260728T092404+0800,DS-000130,候选数据文件,ubuntu,binance-event,threshold_hits-2026-06-13.csv,/opt/binance-event/data/threshold_hits-2026-06-13.csv,CSV,未限定,未知,5531,2026-06-13T16:09:51+08:00,元数据可访问,白名单目录内候选文件stat元数据,未读取文件内容；时间范围、完整性和质量未知,任务-000004
discovery-20260728T092404+0800,DS-000131,候选数据文件,ubuntu,binance-event,threshold_hits-2026-06-14.csv,/opt/binance-event/data/threshold_hits-2026-06-14.csv,CSV,未限定,未知,13897,2026-06-14T22:35:50+08:00,元数据可访问,白名单目录内候选文件stat元数据,未读取文件内容；时间范围、完整性和质量未知,任务-000004
discovery-20260728T092404+0800,DS-000132,候选数据文件,ubuntu,binance-event,threshold_hits-2026-06-15.csv,/opt/binance-event/data/threshold_hits-2026-06-15.csv,CSV,未限定,未知,25717,2026-06-15T21:19:34+08:00,元数据可访问,白名单目录内候选文件stat元数据,未读取文件内容；时间范围、完整性和质量未知,任务-000004
discovery-20260728T092404+0800,DS-000133,候选数据文件,ubuntu,binance-event,threshold_hits-2026-06-16.csv,/opt/binance-event/data/threshold_hits-2026-06-16.csv,CSV,未限定,未知,18530,2026-06-16T21:11:52+08:00,元数据可访问,白名单目录内候选文件stat元数据,未读取文件内容；时间范围、完整性和质量未知,任务-000004
discovery-20260728T092404+0800,DS-000134,候选数据文件,ubuntu,binance-event,threshold_hits-2026-06-17.csv,/opt/binance-event/data/threshold_hits-2026-06-17.csv,CSV,未限定,未知,9638,2026-06-17T16:50:38+08:00,元数据可访问,白名单目录内候选文件stat元数据,未读取文件内容；时间范围、完整性和质量未知,任务-000004
discovery-20260728T092404+0800,DS-000135,候选数据文件,ubuntu,binance-event,threshold_hits-2026-06-20.csv,/opt/binance-event/data/threshold_hits-2026-06-20.csv,CSV,未限定,未知,5637,2026-06-20T09:33:32.959224+08:00,元数据可访问,白名单目录内候选文件stat元数据,未读取文件内容；时间范围、完整性和质量未知,任务-000004
discovery-20260728T092404+0800,DS-000136,候选数据文件,ubuntu,binance-event,threshold_hits-2026-06-21.csv,/opt/binance-event/data/threshold_hits-2026-06-21.csv,CSV,未限定,未知,17277,2026-06-21T19:18:36.941692+08:00,元数据可访问,白名单目录内候选文件stat元数据,未读取文件内容；时间范围、完整性和质量未知,任务-000004
discovery-20260728T092404+0800,DS-000137,候选数据文件,ubuntu,binance-event,threshold_hits-2026-06-22.csv,/opt/binance-event/data/threshold_hits-2026-06-22.csv,CSV,未限定,未知,20841,2026-06-22T22:38:34.352954+08:00,元数据可访问,白名单目录内候选文件stat元数据,未读取文件内容；时间范围、完整性和质量未知,任务-000004
discovery-20260728T092404+0800,DS-000138,候选数据文件,ubuntu,binance-event,threshold_hits-2026-06-23.csv,/opt/binance-event/data/threshold_hits-2026-06-23.csv,CSV,未限定,未知,25922,2026-06-23T23:00:14.879304+08:00,元数据可访问,白名单目录内候选文件stat元数据,未读取文件内容；时间范围、完整性和质量未知,任务-000004
discovery-20260728T092404+0800,DS-000139,候选数据文件,ubuntu,binance-event,threshold_hits-2026-06-24.csv,/opt/binance-event/data/threshold_hits-2026-06-24.csv,CSV,未限定,未知,10990,2026-06-24T23:45:28.538700+08:00,元数据可访问,白名单目录内候选文件stat元数据,未读取文件内容；时间范围、完整性和质量未知,任务-000004
discovery-20260728T092404+0800,DS-000140,候选数据文件,ubuntu,binance-event,threshold_hits-2026-06-25.csv,/opt/binance-event/data/threshold_hits-2026-06-25.csv,CSV,未限定,未知,47320,2026-06-25T23:19:31.592898+08:00,元数据可访问,白名单目录内候选文件stat元数据,未读取文件内容；时间范围、完整性和质量未知,任务-000004
discovery-20260728T092404+0800,DS-000141,候选数据文件,ubuntu,binance-event,threshold_hits-2026-06-26.csv,/opt/binance-event/data/threshold_hits-2026-06-26.csv,CSV,未限定,未知,25745,2026-06-26T22:03:27.640531+08:00,元数据可访问,白名单目录内候选文件stat元数据,未读取文件内容；时间范围、完整性和质量未知,任务-000004
discovery-20260728T092404+0800,DS-000142,候选数据文件,ubuntu,binance-event,threshold_hits-2026-06-27.csv,/opt/binance-event/data/threshold_hits-2026-06-27.csv,CSV,未限定,未知,9043,2026-06-27T23:11:12.553449+08:00,元数据可访问,白名单目录内候选文件stat元数据,未读取文件内容；时间范围、完整性和质量未知,任务-000004
discovery-20260728T092404+0800,DS-000143,候选数据文件,ubuntu,binance-event,threshold_hits-2026-06-28.csv,/opt/binance-event/data/threshold_hits-2026-06-28.csv,CSV,未限定,未知,12561,2026-06-28T23:54:16.346331+08:00,元数据可访问,白名单目录内候选文件stat元数据,未读取文件内容；时间范围、完整性和质量未知,任务-000004
discovery-20260728T092404+0800,DS-000144,候选数据文件,ubuntu,binance-event,threshold_hits-2026-06-29.csv,/opt/binance-event/data/threshold_hits-2026-06-29.csv,CSV,未限定,未知,28275,2026-06-29T23:53:45.782682+08:00,元数据可访问,白名单目录内候选文件stat元数据,未读取文件内容；时间范围、完整性和质量未知,任务-000004
discovery-20260728T092404+0800,DS-000145,候选数据文件,ubuntu,binance-event,threshold_hits-2026-06-30.csv,/opt/binance-event/data/threshold_hits-2026-06-30.csv,CSV,未限定,未知,11068,2026-06-30T21:35:19.715695+08:00,元数据可访问,白名单目录内候选文件stat元数据,未读取文件内容；时间范围、完整性和质量未知,任务-000004
discovery-20260728T092404+0800,DS-000146,候选数据文件,ubuntu,binance-event,threshold_hits-2026-07-01.csv,/opt/binance-event/data/threshold_hits-2026-07-01.csv,CSV,未限定,未知,6612,2026-07-01T23:23:28.406559+08:00,元数据可访问,白名单目录内候选文件stat元数据,未读取文件内容；时间范围、完整性和质量未知,任务-000004
discovery-20260728T092404+0800,DS-000147,候选数据文件,ubuntu,binance-event,threshold_hits-2026-07-02.csv,/opt/binance-event/data/threshold_hits-2026-07-02.csv,CSV,未限定,未知,26751,2026-07-02T22:14:09.126754+08:00,元数据可访问,白名单目录内候选文件stat元数据,未读取文件内容；时间范围、完整性和质量未知,任务-000004
discovery-20260728T092404+0800,DS-000148,候选数据文件,ubuntu,binance-event,threshold_hits-2026-07-03.csv,/opt/binance-event/data/threshold_hits-2026-07-03.csv,CSV,未限定,未知,11569,2026-07-03T23:07:29.699235+08:00,元数据可访问,白名单目录内候选文件stat元数据,未读取文件内容；时间范围、完整性和质量未知,任务-000004
discovery-20260728T092404+0800,DS-000149,候选数据文件,ubuntu,binance-event,threshold_hits-2026-07-04.csv,/opt/binance-event/data/threshold_hits-2026-07-04.csv,CSV,未限定,未知,8813,2026-07-04T09:10:13.686849+08:00,元数据可访问,白名单目录内候选文件stat元数据,未读取文件内容；时间范围、完整性和质量未知,任务-000004
discovery-20260728T092404+0800,DS-000150,候选数据文件,ubuntu,binance-event,threshold_hits-2026-07-05.csv,/opt/binance-event/data/threshold_hits-2026-07-05.csv,CSV,未限定,未知,1694,2026-07-05T23:04:01.418216+08:00,元数据可访问,白名单目录内候选文件stat元数据,未读取文件内容；时间范围、完整性和质量未知,任务-000004
discovery-20260728T092404+0800,DS-000151,候选数据文件,ubuntu,binance-event,threshold_hits-2026-07-06.csv,/opt/binance-event/data/threshold_hits-2026-07-06.csv,CSV,未限定,未知,23061,2026-07-06T23:50:58.151961+08:00,元数据可访问,白名单目录内候选文件stat元数据,未读取文件内容；时间范围、完整性和质量未知,任务-000004
discovery-20260728T092404+0800,DS-000152,候选数据文件,ubuntu,binance-event,threshold_hits-2026-07-07.csv,/opt/binance-event/data/threshold_hits-2026-07-07.csv,CSV,未限定,未知,16553,2026-07-07T23:45:49.311664+08:00,元数据可访问,白名单目录内候选文件stat元数据,未读取文件内容；时间范围、完整性和质量未知,任务-000004
discovery-20260728T092404+0800,DS-000153,候选数据文件,ubuntu,binance-event,threshold_hits-2026-07-08.csv,/opt/binance-event/data/threshold_hits-2026-07-08.csv,CSV,未限定,未知,16736,2026-07-08T22:46:07.767283+08:00,元数据可访问,白名单目录内候选文件stat元数据,未读取文件内容；时间范围、完整性和质量未知,任务-000004
discovery-20260728T092404+0800,DS-000154,候选数据文件,ubuntu,binance-event,threshold_hits-2026-07-09.csv,/opt/binance-event/data/threshold_hits-2026-07-09.csv,CSV,未限定,未知,13852,2026-07-09T20:33:41.101891+08:00,元数据可访问,白名单目录内候选文件stat元数据,未读取文件内容；时间范围、完整性和质量未知,任务-000004
discovery-20260728T092404+0800,DS-000155,候选数据文件,ubuntu,binance-event,threshold_hits-2026-07-10.csv,/opt/binance-event/data/threshold_hits-2026-07-10.csv,CSV,未限定,未知,22668,2026-07-10T22:33:17.883356+08:00,元数据可访问,白名单目录内候选文件stat元数据,未读取文件内容；时间范围、完整性和质量未知,任务-000004
discovery-20260728T092404+0800,DS-000156,候选数据文件,ubuntu,binance-event,threshold_hits-2026-07-11.csv,/opt/binance-event/data/threshold_hits-2026-07-11.csv,CSV,未限定,未知,7687,2026-07-11T23:37:20.402258+08:00,元数据可访问,白名单目录内候选文件stat元数据,未读取文件内容；时间范围、完整性和质量未知,任务-000004
discovery-20260728T092404+0800,DS-000157,候选数据文件,ubuntu,binance-event,threshold_hits-2026-07-12.csv,/opt/binance-event/data/threshold_hits-2026-07-12.csv,CSV,未限定,未知,16197,2026-07-12T23:30:19.744925+08:00,元数据可访问,白名单目录内候选文件stat元数据,未读取文件内容；时间范围、完整性和质量未知,任务-000004
discovery-20260728T092404+0800,DS-000158,候选数据文件,ubuntu,binance-event,threshold_hits-2026-07-13.csv,/opt/binance-event/data/threshold_hits-2026-07-13.csv,CSV,未限定,未知,7279,2026-07-13T21:43:18.144985+08:00,元数据可访问,白名单目录内候选文件stat元数据,未读取文件内容；时间范围、完整性和质量未知,任务-000004
discovery-20260728T092404+0800,DS-000159,候选数据文件,ubuntu,binance-event,threshold_hits-2026-07-14.csv,/opt/binance-event/data/threshold_hits-2026-07-14.csv,CSV,未限定,未知,21152,2026-07-14T23:32:05.325851+08:00,元数据可访问,白名单目录内候选文件stat元数据,未读取文件内容；时间范围、完整性和质量未知,任务-000004
discovery-20260728T092404+0800,DS-000160,候选数据文件,ubuntu,binance-event,threshold_hits-2026-07-15.csv,/opt/binance-event/data/threshold_hits-2026-07-15.csv,CSV,未限定,未知,18976,2026-07-15T23:53:14.487401+08:00,元数据可访问,白名单目录内候选文件stat元数据,未读取文件内容；时间范围、完整性和质量未知,任务-000004
discovery-20260728T092404+0800,DS-000161,候选数据文件,ubuntu,binance-event,threshold_hits-2026-07-16.csv,/opt/binance-event/data/threshold_hits-2026-07-16.csv,CSV,未限定,未知,13780,2026-07-16T23:27:04.908895+08:00,元数据可访问,白名单目录内候选文件stat元数据,未读取文件内容；时间范围、完整性和质量未知,任务-000004
discovery-20260728T092404+0800,DS-000162,候选数据文件,ubuntu,binance-event,threshold_hits-2026-07-17.csv,/opt/binance-event/data/threshold_hits-2026-07-17.csv,CSV,未限定,未知,12309,2026-07-17T14:16:28.784522+08:00,元数据可访问,白名单目录内候选文件stat元数据,未读取文件内容；时间范围、完整性和质量未知,任务-000004
discovery-20260728T092404+0800,DS-000163,候选数据文件,ubuntu,binance-event,threshold_hits-2026-07-27.csv,/opt/binance-event/data/threshold_hits-2026-07-27.csv,CSV,未限定,未知,4948,2026-07-27T22:45:14.522604+08:00,元数据可访问,白名单目录内候选文件stat元数据,未读取文件内容；时间范围、完整性和质量未知,任务-000004
discovery-20260728T092404+0800,DS-000164,候选数据文件,ubuntu,binance-event,threshold_hits-2026-07-28.csv,/opt/binance-event/data/threshold_hits-2026-07-28.csv,CSV,未限定,未知,10661,2026-07-28T09:16:23.019519+08:00,元数据可访问,白名单目录内候选文件stat元数据,未读取文件内容；时间范围、完整性和质量未知,任务-000004
discovery-20260728T092404+0800,DS-000165,候选数据文件,ubuntu,celueqing,daily_coverage.csv,/opt/celueqing/analysis_outputs/backtests/daily-signal-orderbook-liquidation-search-coverage-first/daily_coverage.csv,CSV,未限定,未知,13987,2026-06-18T18:07:28+08:00,元数据可访问,白名单目录内候选文件stat元数据,未读取文件内容；时间范围、完整性和质量未知,任务-000004
discovery-20260728T092404+0800,DS-000166,候选数据文件,ubuntu,celueqing,selected_components_by_day.csv,/opt/celueqing/analysis_outputs/backtests/daily-signal-orderbook-liquidation-search-coverage-first/selected_components_by_day.csv,CSV,未限定,未知,308776,2026-06-18T18:07:28+08:00,元数据可访问,白名单目录内候选文件stat元数据,未读取文件内容；时间范围、完整性和质量未知,任务-000004
discovery-20260728T092404+0800,DS-000167,候选数据文件,ubuntu,celueqing,selected_orders.csv,/opt/celueqing/analysis_outputs/backtests/daily-signal-orderbook-liquidation-search-coverage-first/selected_orders.csv,CSV,未限定,未知,37775,2026-06-18T18:07:28+08:00,元数据可访问,白名单目录内候选文件stat元数据,未读取文件内容；时间范围、完整性和质量未知,任务-000004
discovery-20260728T092404+0800,DS-000168,候选数据文件,ubuntu,celueqing,daily_coverage.csv,/opt/celueqing/analysis_outputs/backtests/daily-signal-orderbook-liquidation-search-filter1-safety/daily_coverage.csv,CSV,未限定,未知,13924,2026-06-18T19:10:33+08:00,元数据可访问,白名单目录内候选文件stat元数据,未读取文件内容；时间范围、完整性和质量未知,任务-000004
discovery-20260728T092404+0800,DS-000169,候选数据文件,ubuntu,celueqing,selected_components_by_day.csv,/opt/celueqing/analysis_outputs/backtests/daily-signal-orderbook-liquidation-search-filter1-safety/selected_components_by_day.csv,CSV,未限定,未知,1201917,2026-06-18T19:10:33+08:00,元数据可访问,白名单目录内候选文件stat元数据,未读取文件内容；时间范围、完整性和质量未知,任务-000004
discovery-20260728T092404+0800,DS-000170,候选数据文件,ubuntu,celueqing,selected_orders.csv,/opt/celueqing/analysis_outputs/backtests/daily-signal-orderbook-liquidation-search-filter1-safety/selected_orders.csv,CSV,未限定,未知,37943,2026-06-18T19:10:33+08:00,元数据可访问,白名单目录内候选文件stat元数据,未读取文件内容；时间范围、完整性和质量未知,任务-000004
discovery-20260728T092404+0800,DS-000171,候选数据文件,ubuntu,celueqing,daily_coverage.csv,/opt/celueqing/analysis_outputs/backtests/daily-signal-orderbook-liquidation-search-safety-floor-v2/daily_coverage.csv,CSV,未限定,未知,13987,2026-06-18T18:46:45+08:00,元数据可访问,白名单目录内候选文件stat元数据,未读取文件内容；时间范围、完整性和质量未知,任务-000004
discovery-20260728T092404+0800,DS-000172,候选数据文件,ubuntu,celueqing,selected_components_by_day.csv,/opt/celueqing/analysis_outputs/backtests/daily-signal-orderbook-liquidation-search-safety-floor-v2/selected_components_by_day.csv,CSV,未限定,未知,404424,2026-06-18T18:46:45+08:00,元数据可访问,白名单目录内候选文件stat元数据,未读取文件内容；时间范围、完整性和质量未知,任务-000004
discovery-20260728T092404+0800,DS-000173,候选数据文件,ubuntu,celueqing,selected_orders.csv,/opt/celueqing/analysis_outputs/backtests/daily-signal-orderbook-liquidation-search-safety-floor-v2/selected_orders.csv,CSV,未限定,未知,37935,2026-06-18T18:46:45+08:00,元数据可访问,白名单目录内候选文件stat元数据,未读取文件内容；时间范围、完整性和质量未知,任务-000004
discovery-20260728T092404+0800,DS-000174,候选数据文件,ubuntu,celueqing,daily_coverage.csv,/opt/celueqing/analysis_outputs/backtests/daily-signal-orderbook-liquidation-search-safety-floor/daily_coverage.csv,CSV,未限定,未知,13987,2026-06-18T18:27:29+08:00,元数据可访问,白名单目录内候选文件stat元数据,未读取文件内容；时间范围、完整性和质量未知,任务-000004
discovery-20260728T092404+0800,DS-000175,候选数据文件,ubuntu,celueqing,selected_components_by_day.csv,/opt/celueqing/analysis_outputs/backtests/daily-signal-orderbook-liquidation-search-safety-floor/selected_components_by_day.csv,CSV,未限定,未知,404424,2026-06-18T18:27:29+08:00,元数据可访问,白名单目录内候选文件stat元数据,未读取文件内容；时间范围、完整性和质量未知,任务-000004
discovery-20260728T092404+0800,DS-000176,候选数据文件,ubuntu,celueqing,selected_orders.csv,/opt/celueqing/analysis_outputs/backtests/daily-signal-orderbook-liquidation-search-safety-floor/selected_orders.csv,CSV,未限定,未知,37944,2026-06-18T18:27:29+08:00,元数据可访问,白名单目录内候选文件stat元数据,未读取文件内容；时间范围、完整性和质量未知,任务-000004
discovery-20260728T092404+0800,DS-000177,候选数据文件,ubuntu,celueqing,daily_coverage.csv,/opt/celueqing/analysis_outputs/backtests/daily-signal-orderbook-liquidation-search-smoke/daily_coverage.csv,CSV,未限定,未知,2066,2026-06-18T17:47:58+08:00,元数据可访问,白名单目录内候选文件stat元数据,未读取文件内容；时间范围、完整性和质量未知,任务-000004
discovery-20260728T092404+0800,DS-000178,候选数据文件,ubuntu,celueqing,selected_components_by_day.csv,/opt/celueqing/analysis_outputs/backtests/daily-signal-orderbook-liquidation-search-smoke/selected_components_by_day.csv,CSV,未限定,未知,64253,2026-06-18T17:47:58+08:00,元数据可访问,白名单目录内候选文件stat元数据,未读取文件内容；时间范围、完整性和质量未知,任务-000004
discovery-20260728T092404+0800,DS-000179,候选数据文件,ubuntu,celueqing,selected_orders.csv,/opt/celueqing/analysis_outputs/backtests/daily-signal-orderbook-liquidation-search-smoke/selected_orders.csv,CSV,未限定,未知,5340,2026-06-18T17:47:58+08:00,元数据可访问,白名单目录内候选文件stat元数据,未读取文件内容；时间范围、完整性和质量未知,任务-000004
discovery-20260728T092404+0800,DS-000180,候选数据文件,ubuntu,celueqing,daily_coverage.csv,/opt/celueqing/analysis_outputs/backtests/daily-signal-orderbook-liquidation-search/daily_coverage.csv,CSV,未限定,未知,13938,2026-06-18T17:54:26+08:00,元数据可访问,白名单目录内候选文件stat元数据,未读取文件内容；时间范围、完整性和质量未知,任务-000004
discovery-20260728T092404+0800,DS-000181,候选数据文件,ubuntu,celueqing,selected_components_by_day.csv,/opt/celueqing/analysis_outputs/backtests/daily-signal-orderbook-liquidation-search/selected_components_by_day.csv,CSV,未限定,未知,684245,2026-06-18T17:54:26+08:00,元数据可访问,白名单目录内候选文件stat元数据,未读取文件内容；时间范围、完整性和质量未知,任务-000004
discovery-20260728T092404+0800,DS-000182,候选数据文件,ubuntu,celueqing,selected_orders.csv,/opt/celueqing/analysis_outputs/backtests/daily-signal-orderbook-liquidation-search/selected_orders.csv,CSV,未限定,未知,37602,2026-06-18T17:54:26+08:00,元数据可访问,白名单目录内候选文件stat元数据,未读取文件内容；时间范围、完整性和质量未知,任务-000004
discovery-20260728T092404+0800,DS-000183,候选数据文件,ubuntu,celueqing,all_threshold_candidate_feature_orders.csv,/opt/celueqing/analysis_outputs/backtests/orderbook_base_threshold_strict_walkforward_1y/all_threshold_candidate_feature_orders.csv,CSV,未限定,未知,371964604,2026-06-17T13:26:08+08:00,元数据可访问,白名单目录内候选文件stat元数据,未读取文件内容；时间范围、完整性和质量未知,任务-000004
discovery-20260728T092404+0800,DS-000184,候选数据文件,ubuntu,celueqing,best_wf_daily_choices.csv,/opt/celueqing/analysis_outputs/backtests/orderbook_base_threshold_strict_walkforward_1y/best_wf_daily_choices.csv,CSV,未限定,未知,49308,2026-06-17T14:23:49+08:00,元数据可访问,白名单目录内候选文件stat元数据,未读取文件内容；时间范围、完整性和质量未知,任务-000004
discovery-20260728T092404+0800,DS-000185,候选数据文件,ubuntu,celueqing,strict_replay_feature_orders.csv,/opt/celueqing/analysis_outputs/backtests/orderbook_strict_walkforward_btc_volume_reverse_1y/strict_replay_feature_orders.csv,CSV,BTC,未知,9456703,2026-06-17T10:57:54+08:00,元数据可访问,白名单目录内候选文件stat元数据,未读取文件内容；时间范围、完整性和质量未知,任务-000004
discovery-20260728T092404+0800,DS-000186,候选数据文件,ubuntu,celueqing,cooldown_recommendations.csv,/opt/celueqing/analysis_outputs/backtests/score-rank-cooldown-sweep-2026-06-25/cooldown_recommendations.csv,CSV,未限定,未知,6414,2026-06-25T09:41:05.230414+08:00,元数据可访问,白名单目录内候选文件stat元数据,未读取文件内容；时间范围、完整性和质量未知,任务-000004
discovery-20260728T092404+0800,DS-000187,候选数据文件,ubuntu,celueqing,cooldown_sweep_summary.csv,/opt/celueqing/analysis_outputs/backtests/score-rank-cooldown-sweep-2026-06-25/cooldown_sweep_summary.csv,CSV,未限定,未知,58631,2026-06-25T09:41:05.230414+08:00,元数据可访问,白名单目录内候选文件stat元数据,未读取文件内容；时间范围、完整性和质量未知,任务-000004
discovery-20260728T092404+0800,DS-000188,候选数据文件,ubuntu,celueqing,portfolio_cooldown_sweep.csv,/opt/celueqing/analysis_outputs/backtests/score-rank-cooldown-sweep-2026-06-25/portfolio_cooldown_sweep.csv,CSV,未限定,未知,1213,2026-06-25T09:53:48.806387+08:00,元数据可访问,白名单目录内候选文件stat元数据,未读取文件内容；时间范围、完整性和质量未知,任务-000004
discovery-20260728T092404+0800,DS-000189,候选数据文件,ubuntu,celueqing,holdout_replay.csv,/opt/celueqing/analysis_outputs/backtests/threshold-reversal-macd-mean-2026-07-15/holdout_replay.csv,CSV,未限定,未知,7397,2026-07-16T01:19:55+08:00,元数据可访问,白名单目录内候选文件stat元数据,未读取文件内容；时间范围、完整性和质量未知,任务-000004
discovery-20260728T092404+0800,DS-000190,候选数据文件,ubuntu,celueqing,v21_gate_comparison.csv,/opt/celueqing/analysis_outputs/backtests/v21-gated-combo-2026-05-17/v21_gate_comparison.csv,CSV,未限定,未知,1359,2026-05-17T01:21:02+08:00,元数据可访问,白名单目录内候选文件stat元数据,未读取文件内容；时间范围、完整性和质量未知,任务-000004
discovery-20260728T092404+0800,DS-000191,候选数据文件,ubuntu,celueqing,v21_rolling_details.csv,/opt/celueqing/analysis_outputs/backtests/v21-gated-combo-2026-05-17/v21_rolling_details.csv,CSV,未限定,未知,5791,2026-05-17T01:21:02+08:00,元数据可访问,白名单目录内候选文件stat元数据,未读取文件内容；时间范围、完整性和质量未知,任务-000004
discovery-20260728T092404+0800,DS-000192,候选数据文件,ubuntu,celueqing,combined_candidate_feature_orders.csv,/opt/celueqing/analysis_outputs/live/score_rank_candidates/combined_candidate_feature_orders.csv,CSV,未限定,未知,666586811,2026-07-15T08:18:07.946848+08:00,元数据可访问,白名单目录内候选文件stat元数据,未读取文件内容；时间范围、完整性和质量未知,任务-000004
discovery-20260728T092404+0800,DS-000193,候选数据文件,ubuntu,celueqing,combined_candidate_feature_orders_base_with_kline_indicators.csv,/opt/celueqing/analysis_outputs/live/score_rank_candidates/combined_candidate_feature_orders_base_with_kline_indicators.csv,CSV,未限定,未知,660845110,2026-06-24T22:11:03.695744+08:00,元数据可访问,白名单目录内候选文件stat元数据,未读取文件内容；时间范围、完整性和质量未知,任务-000004
discovery-20260728T092404+0800,DS-000194,候选数据文件,ubuntu,celueqing,trading.sqlite3,/opt/celueqing/data/trading.sqlite3,SQLite,未限定,未知,225280,2026-07-13T05:01:18.161310+08:00,元数据可访问,白名单目录内候选文件stat元数据,未读取文件内容；时间范围、完整性和质量未知,任务-000004
discovery-20260728T092404+0800,DS-000195,候选数据文件,ubuntu,celueqing,holdout_replay.csv,/opt/celueqing/deploy-staging/threshold-macd-mean-20260715/analysis_outputs/backtests/threshold-reversal-macd-mean-2026-07-15/holdout_replay.csv,CSV,未限定,未知,7397,2026-07-16T01:19:55+08:00,元数据可访问,白名单目录内候选文件stat元数据,未读取文件内容；时间范围、完整性和质量未知,任务-000004
discovery-20260728T092404+0800,DS-000196,候选数据文件,ubuntu,celueqing,trading.sqlite3,/opt/celueqing/deploy-staging/threshold-macd-mean-20260715/data/trading.sqlite3,SQLite,未限定,未知,233472,2026-07-16T01:23:45.180338+08:00,元数据可访问,白名单目录内候选文件stat元数据,未读取文件内容；时间范围、完整性和质量未知,任务-000004
discovery-20260728T092404+0800,DS-000197,候选数据文件,ubuntu,celueqing,liquidation_forward_collector_run_phase322_sample.jsonl,/opt/celueqing/deploy-staging/threshold-macd-mean-20260715/event-contract-probability-lab/configs/liquidation_forward_collector_run_phase322_sample.jsonl,JSONL,未限定,未知,305,2026-06-14T06:17:23+08:00,元数据可访问,白名单目录内候选文件stat元数据,未读取文件内容；时间范围、完整性和质量未知,任务-000004
discovery-20260728T092404+0800,DS-000198,候选数据文件,ubuntu,celueqing,btc_eth_cross_asset_relative_dislocation_coverage_phase412_2026-06-15.csv,/opt/celueqing/deploy-staging/threshold-macd-mean-20260715/event-contract-probability-lab/experiments/runs/btc_eth_cross_asset_relative_dislocation_coverage_phase412_2026-06-15.csv,CSV,BTC、ETH,未知,3739,2026-06-15T03:02:28+08:00,元数据可访问,白名单目录内候选文件stat元数据,未读取文件内容；时间范围、完整性和质量未知,任务-000004
discovery-20260728T092404+0800,DS-000199,候选数据文件,ubuntu,celueqing,btc_volume_price_mechanism_coverage_phase385_2026-06-14.csv,/opt/celueqing/deploy-staging/threshold-macd-mean-20260715/event-contract-probability-lab/experiments/runs/btc_volume_price_mechanism_coverage_phase385_2026-06-14.csv,CSV,BTC,未知,2047,2026-06-14T20:18:38+08:00,元数据可访问,白名单目录内候选文件stat元数据,未读取文件内容；时间范围、完整性和质量未知,任务-000004
discovery-20260728T092404+0800,DS-000200,候选数据文件,ubuntu,celueqing,extreme_value_feature_coverage_phase376_2026-06-14.csv,/opt/celueqing/deploy-staging/threshold-macd-mean-20260715/event-contract-probability-lab/experiments/runs/extreme_value_feature_coverage_phase376_2026-06-14.csv,CSV,未限定,未知,138964,2026-06-14T18:44:08+08:00,元数据可访问,白名单目录内候选文件stat元数据,未读取文件内容；时间范围、完整性和质量未知,任务-000004
discovery-20260728T092404+0800,DS-000201,候选数据文件,ubuntu,celueqing,extreme_value_feature_outcome_phase377_2026-06-14.csv,/opt/celueqing/deploy-staging/threshold-macd-mean-20260715/event-contract-probability-lab/experiments/runs/extreme_value_feature_outcome_phase377_2026-06-14.csv,CSV,未限定,未知,89901,2026-06-14T18:50:13+08:00,元数据可访问,白名单目录内候选文件stat元数据,未读取文件内容；时间范围、完整性和质量未知,任务-000004
discovery-20260728T092404+0800,DS-000202,候选数据文件,ubuntu,celueqing,volatility_compression_liquidity_consensus_coverage_phase390_2026-06-14.csv,/opt/celueqing/deploy-staging/threshold-macd-mean-20260715/event-contract-probability-lab/experiments/runs/volatility_compression_liquidity_consensus_coverage_phase390_2026-06-14.csv,CSV,未限定,未知,2394,2026-06-14T22:08:37+08:00,元数据可访问,白名单目录内候选文件stat元数据,未读取文件内容；时间范围、完整性和质量未知,任务-000004
discovery-20260728T092404+0800,DS-000203,候选数据文件,ubuntu,celueqing,holdout_replay.csv,/opt/celueqing/deploy-staging/threshold-macd-mean-20260715T175725Z/analysis_outputs/backtests/threshold-reversal-macd-mean-2026-07-15/holdout_replay.csv,CSV,未限定,未知,7397,2026-07-16T01:19:55+08:00,元数据可访问,白名单目录内候选文件stat元数据,未读取文件内容；时间范围、完整性和质量未知,任务-000004
discovery-20260728T092404+0800,DS-000204,候选数据文件,ubuntu,celueqing,liquidation_forward_collector_run_phase322_sample.jsonl,/opt/celueqing/event-contract-probability-lab/configs/liquidation_forward_collector_run_phase322_sample.jsonl,JSONL,未限定,未知,305,2026-06-14T06:17:23+08:00,元数据可访问,白名单目录内候选文件stat元数据,未读取文件内容；时间范围、完整性和质量未知,任务-000004
discovery-20260728T092404+0800,DS-000205,候选数据文件,ubuntu,celueqing,btc_eth_cross_asset_relative_dislocation_coverage_phase412_2026-06-15.csv,/opt/celueqing/event-contract-probability-lab/experiments/runs/btc_eth_cross_asset_relative_dislocation_coverage_phase412_2026-06-15.csv,CSV,BTC、ETH,未知,3739,2026-06-15T03:02:28+08:00,元数据可访问,白名单目录内候选文件stat元数据,未读取文件内容；时间范围、完整性和质量未知,任务-000004
discovery-20260728T092404+0800,DS-000206,候选数据文件,ubuntu,celueqing,btc_volume_price_mechanism_coverage_phase385_2026-06-14.csv,/opt/celueqing/event-contract-probability-lab/experiments/runs/btc_volume_price_mechanism_coverage_phase385_2026-06-14.csv,CSV,BTC,未知,2047,2026-06-14T20:18:38+08:00,元数据可访问,白名单目录内候选文件stat元数据,未读取文件内容；时间范围、完整性和质量未知,任务-000004
discovery-20260728T092404+0800,DS-000207,候选数据文件,ubuntu,celueqing,extreme_value_feature_coverage_phase376_2026-06-14.csv,/opt/celueqing/event-contract-probability-lab/experiments/runs/extreme_value_feature_coverage_phase376_2026-06-14.csv,CSV,未限定,未知,138964,2026-06-14T18:44:08+08:00,元数据可访问,白名单目录内候选文件stat元数据,未读取文件内容；时间范围、完整性和质量未知,任务-000004
discovery-20260728T092404+0800,DS-000208,候选数据文件,ubuntu,celueqing,extreme_value_feature_outcome_phase377_2026-06-14.csv,/opt/celueqing/event-contract-probability-lab/experiments/runs/extreme_value_feature_outcome_phase377_2026-06-14.csv,CSV,未限定,未知,89901,2026-06-14T18:50:13+08:00,元数据可访问,白名单目录内候选文件stat元数据,未读取文件内容；时间范围、完整性和质量未知,任务-000004
discovery-20260728T092404+0800,DS-000209,候选数据文件,ubuntu,celueqing,volatility_compression_liquidity_consensus_coverage_phase390_2026-06-14.csv,/opt/celueqing/event-contract-probability-lab/experiments/runs/volatility_compression_liquidity_consensus_coverage_phase390_2026-06-14.csv,CSV,未限定,未知,2394,2026-06-14T22:08:37+08:00,元数据可访问,白名单目录内候选文件stat元数据,未读取文件内容；时间范围、完整性和质量未知,任务-000004
discovery-20260728T092404+0800,DS-000210,候选数据文件,ubuntu,crypto-radar,heavy_ad_intervention_opt_out.db,/opt/crypto-radar/storage/chrome-x-profile/Default/heavy_ad_intervention_opt_out.db,SQLite,未限定,未知,16384,2026-06-23T00:18:55+08:00,元数据可访问,白名单目录内候选文件stat元数据,未读取文件内容；时间范围、完整性和质量未知,任务-000004
discovery-20260728T092404+0800,DS-000211,候选数据文件,ubuntu,crypto-radar,first_party_sets.db,/opt/crypto-radar/storage/chrome-x-profile/first_party_sets.db,SQLite,未限定,未知,49152,2026-06-23T11:37:16+08:00,元数据可访问,白名单目录内候选文件stat元数据,未读取文件内容；时间范围、完整性和质量未知,任务-000004
discovery-20260728T092404+0800,DS-000212,候选数据文件,ubuntu,event-prob-lab,liquidation_forward_collector_run_phase322_sample.jsonl,/opt/event-prob-lab/configs/liquidation_forward_collector_run_phase322_sample.jsonl,JSONL,未限定,未知,305,2026-06-14T06:17:23+08:00,元数据可访问,白名单目录内候选文件stat元数据,未读取文件内容；时间范围、完整性和质量未知,任务-000004
discovery-20260728T092404+0800,DS-000213,候选数据文件,ubuntu,event-prob-lab,btcusdt_forward_condition_features_2026-06-12.csv,/opt/event-prob-lab/data/forward/btcusdt_forward_condition_features_2026-06-12.csv,CSV,BTC,未知,1557,2026-06-13T00:56:27+08:00,元数据可访问,白名单目录内候选文件stat元数据,未读取文件内容；时间范围、完整性和质量未知,任务-000004
discovery-20260728T092404+0800,DS-000214,候选数据文件,ubuntu,event-prob-lab,btcusdt_forward_condition_features_with_futures_metrics_2026-06-12.csv,/opt/event-prob-lab/data/forward/btcusdt_forward_condition_features_with_futures_metrics_2026-06-12.csv,CSV,BTC,未知,1826,2026-06-13T01:02:42+08:00,元数据可访问,白名单目录内候选文件stat元数据,未读取文件内容；时间范围、完整性和质量未知,任务-000004
discovery-20260728T092404+0800,DS-000215,候选数据文件,ubuntu,event-prob-lab,btcusdt_futures_metrics_1m_2026-06-12.csv,/opt/event-prob-lab/data/forward/btcusdt_futures_metrics_1m_2026-06-12.csv,CSV,BTC,未知,154328,2026-06-13T01:02:21+08:00,元数据可访问,白名单目录内候选文件stat元数据,未读取文件内容；时间范围、完整性和质量未知,任务-000004
discovery-20260728T092404+0800,DS-000216,候选数据文件,ubuntu,event-prob-lab,btcusdt_global_long_short_5m_2026-06-12.csv,/opt/event-prob-lab/data/forward/btcusdt_global_long_short_5m_2026-06-12.csv,CSV,BTC,未知,10456,2026-06-13T01:02:01+08:00,元数据可访问,白名单目录内候选文件stat元数据,未读取文件内容；时间范围、完整性和质量未知,任务-000004
discovery-20260728T092404+0800,DS-000217,候选数据文件,ubuntu,event-prob-lab,btcusdt_index_1m_2026-06-12_to_2026-06-12.csv,/opt/event-prob-lab/data/forward/btcusdt_index_1m_2026-06-12_to_2026-06-12.csv,CSV,BTC,未知,95554,2026-06-13T00:49:45+08:00,元数据可访问,白名单目录内候选文件stat元数据,未读取文件内容；时间范围、完整性和质量未知,任务-000004
discovery-20260728T092404+0800,DS-000218,候选数据文件,ubuntu,event-prob-lab,btcusdt_open_interest_5m_2026-06-12.csv,/opt/event-prob-lab/data/forward/btcusdt_open_interest_5m_2026-06-12.csv,CSV,BTC,未知,13518,2026-06-13T01:02:02+08:00,元数据可访问,白名单目录内候选文件stat元数据,未读取文件内容；时间范围、完整性和质量未知,任务-000004
discovery-20260728T092404+0800,DS-000219,候选数据文件,ubuntu,event-prob-lab,btcusdt_taker_5m_2026-06-12.csv,/opt/event-prob-lab/data/forward/btcusdt_taker_5m_2026-06-12.csv,CSV,BTC,未知,9099,2026-06-13T01:02:00+08:00,元数据可访问,白名单目录内候选文件stat元数据,未读取文件内容；时间范围、完整性和质量未知,任务-000004
discovery-20260728T092404+0800,DS-000220,候选数据文件,ubuntu,event-prob-lab,btcusdt_top_account_long_short_5m_2026-06-12.csv,/opt/event-prob-lab/data/forward/btcusdt_top_account_long_short_5m_2026-06-12.csv,CSV,BTC,未知,10435,2026-06-13T01:02:00+08:00,元数据可访问,白名单目录内候选文件stat元数据,未读取文件内容；时间范围、完整性和质量未知,任务-000004
discovery-20260728T092404+0800,DS-000221,候选数据文件,ubuntu,event-prob-lab,btcusdt_top_position_long_short_5m_2026-06-12.csv,/opt/event-prob-lab/data/forward/btcusdt_top_position_long_short_5m_2026-06-12.csv,CSV,BTC,未知,10445,2026-06-13T01:02:00+08:00,元数据可访问,白名单目录内候选文件stat元数据,未读取文件内容；时间范围、完整性和质量未知,任务-000004
discovery-20260728T092404+0800,DS-000222,候选数据文件,ubuntu,event-prob-lab,extreme_value_phase379_forward_observation_ledger.jsonl,/opt/event-prob-lab/data/forward_observation/extreme_value_phase379_forward_observation_ledger.jsonl,JSONL,未限定,未知,520,2026-06-14T19:03:31+08:00,元数据可访问,白名单目录内候选文件stat元数据,未读取文件内容；时间范围、完整性和质量未知,任务-000004
discovery-20260728T092404+0800,DS-000223,候选数据文件,ubuntu,event-prob-lab,extreme_value_phase380_forward_observation_ledger.jsonl,/opt/event-prob-lab/data/forward_observation/extreme_value_phase380_forward_observation_ledger.jsonl,JSONL,未限定,未知,520,2026-06-14T19:16:18+08:00,元数据可访问,白名单目录内候选文件stat元数据,未读取文件内容；时间范围、完整性和质量未知,任务-000004
discovery-20260728T092404+0800,DS-000224,候选数据文件,ubuntu,event-prob-lab,coverage_ledger.jsonl,/opt/event-prob-lab/data/liquidation_forward/BTCUSDT/coverage_ledger.jsonl,JSONL,BTC,未知,11140,2026-06-14T18:10:17+08:00,元数据可访问,白名单目录内候选文件stat元数据,未读取文件内容；时间范围、完整性和质量未知,任务-000004
discovery-20260728T092404+0800,DS-000225,候选数据文件,ubuntu,event-prob-lab,failure_issue_annotations.jsonl,/opt/event-prob-lab/data/liquidation_forward/BTCUSDT/failure_issue_annotations.jsonl,JSONL,BTC,未知,325,2026-06-14T06:44:25+08:00,元数据可访问,白名单目录内候选文件stat元数据,未读取文件内容；时间范围、完整性和质量未知,任务-000004
discovery-20260728T092404+0800,DS-000226,候选数据文件,ubuntu,event-prob-lab,2026-06-14T00.jsonl,/opt/event-prob-lab/data/liquidation_forward/BTCUSDT/raw/2026-06-14T00.jsonl,JSONL,BTC,未知,1148,2026-06-14T06:17:33+08:00,元数据可访问,白名单目录内候选文件stat元数据,未读取文件内容；时间范围、完整性和质量未知,任务-000004
discovery-20260728T092404+0800,DS-000227,候选数据文件,ubuntu,event-prob-lab,session_ledger.jsonl,/opt/event-prob-lab/data/liquidation_forward/BTCUSDT/session_ledger.jsonl,JSONL,BTC,未知,15057,2026-06-14T18:10:17+08:00,元数据可访问,白名单目录内候选文件stat元数据,未读取文件内容；时间范围、完整性和质量未知,任务-000004
discovery-20260728T092404+0800,DS-000228,候选数据文件,ubuntu,event-prob-lab,btc_eth_cross_asset_relative_dislocation_coverage_phase412_2026-06-15.csv,/opt/event-prob-lab/experiments/runs/btc_eth_cross_asset_relative_dislocation_coverage_phase412_2026-06-15.csv,CSV,BTC、ETH,未知,3739,2026-06-15T03:02:28+08:00,元数据可访问,白名单目录内候选文件stat元数据,未读取文件内容；时间范围、完整性和质量未知,任务-000004
discovery-20260728T092404+0800,DS-000229,候选数据文件,ubuntu,event-prob-lab,btc_volume_price_mechanism_coverage_phase385_2026-06-14.csv,/opt/event-prob-lab/experiments/runs/btc_volume_price_mechanism_coverage_phase385_2026-06-14.csv,CSV,BTC,未知,2047,2026-06-14T20:18:38+08:00,元数据可访问,白名单目录内候选文件stat元数据,未读取文件内容；时间范围、完整性和质量未知,任务-000004
discovery-20260728T092404+0800,DS-000230,候选数据文件,ubuntu,event-prob-lab,extreme_value_feature_coverage_phase376_2026-06-14.csv,/opt/event-prob-lab/experiments/runs/extreme_value_feature_coverage_phase376_2026-06-14.csv,CSV,未限定,未知,138964,2026-06-14T18:44:08+08:00,元数据可访问,白名单目录内候选文件stat元数据,未读取文件内容；时间范围、完整性和质量未知,任务-000004
discovery-20260728T092404+0800,DS-000231,候选数据文件,ubuntu,event-prob-lab,extreme_value_feature_outcome_phase377_2026-06-14.csv,/opt/event-prob-lab/experiments/runs/extreme_value_feature_outcome_phase377_2026-06-14.csv,CSV,未限定,未知,89901,2026-06-14T18:50:13+08:00,元数据可访问,白名单目录内候选文件stat元数据,未读取文件内容；时间范围、完整性和质量未知,任务-000004
discovery-20260728T092404+0800,DS-000232,候选数据文件,ubuntu,event-prob-lab,volatility_compression_liquidity_consensus_coverage_phase390_2026-06-14.csv,/opt/event-prob-lab/experiments/runs/volatility_compression_liquidity_consensus_coverage_phase390_2026-06-14.csv,CSV,未限定,未知,2394,2026-06-14T22:08:37+08:00,元数据可访问,白名单目录内候选文件stat元数据,未读取文件内容；时间范围、完整性和质量未知,任务-000004
discovery-20260728T092404+0800,DS-000233,候选数据文件,ubuntu,mysql,general_log.CSV,/var/lib/mysql/mysql/general_log.CSV,CSV,未限定,未知,0,2026-06-19T04:10:51.167667+08:00,元数据可访问,白名单目录内候选文件stat元数据,未读取文件内容；时间范围、完整性和质量未知,任务-000004
discovery-20260728T092404+0800,DS-000234,候选数据文件,ubuntu,mysql,slow_log.CSV,/var/lib/mysql/mysql/slow_log.CSV,CSV,未限定,未知,0,2026-06-19T04:10:51.171667+08:00,元数据可访问,白名单目录内候选文件stat元数据,未读取文件内容；时间范围、完整性和质量未知,任务-000004
discovery-20260728T092404+0800,DS-000235,数据库元数据,ubuntu,celueqing,orders,MySQL/celueqing/orders,InnoDB,未限定,未知,未知,未知,可访问,无默认配置的information_schema元数据查询,未读取数据库业务记录,任务-000004
discovery-20260728T092404+0800,DS-000236,数据库元数据,ubuntu,celueqing,research_config,MySQL/celueqing/research_config,InnoDB,未限定,未知,未知,未知,可访问,无默认配置的information_schema元数据查询,未读取数据库业务记录,任务-000004
discovery-20260728T092404+0800,DS-000237,数据库元数据,ubuntu,celueqing,research_orders,MySQL/celueqing/research_orders,InnoDB,未限定,未知,未知,未知,可访问,无默认配置的information_schema元数据查询,未读取数据库业务记录,任务-000004
discovery-20260728T092404+0800,DS-000238,数据库元数据,ubuntu,celueqing,research_signals,MySQL/celueqing/research_signals,InnoDB,未限定,未知,未知,未知,可访问,无默认配置的information_schema元数据查询,未读取数据库业务记录,任务-000004
discovery-20260728T092404+0800,DS-000239,数据库元数据,ubuntu,celueqing,score_rank_training_runs,MySQL/celueqing/score_rank_training_runs,InnoDB,未限定,未知,未知,未知,可访问,无默认配置的information_schema元数据查询,未读取数据库业务记录,任务-000004
discovery-20260728T092404+0800,DS-000240,数据库元数据,ubuntu,celueqing,simulation_orders,MySQL/celueqing/simulation_orders,InnoDB,未限定,未知,未知,未知,可访问,无默认配置的information_schema元数据查询,未读取数据库业务记录,任务-000004
discovery-20260728T092404+0800,DS-000241,数据库元数据,ubuntu,celueqing,simulation_signals,MySQL/celueqing/simulation_signals,InnoDB,未限定,未知,未知,未知,可访问,无默认配置的information_schema元数据查询,未读取数据库业务记录,任务-000004
discovery-20260728T092404+0800,DS-000242,数据库元数据,ubuntu,celueqing,simulation_strategies,MySQL/celueqing/simulation_strategies,InnoDB,未限定,未知,未知,未知,可访问,无默认配置的information_schema元数据查询,未读取数据库业务记录,任务-000004
discovery-20260728T092404+0800,DS-000243,数据库元数据,ubuntu,celueqing,simulation_strategy_unit_settings,MySQL/celueqing/simulation_strategy_unit_settings,InnoDB,未限定,未知,未知,未知,可访问,无默认配置的information_schema元数据查询,未读取数据库业务记录,任务-000004
discovery-20260728T092404+0800,DS-000244,数据库元数据,ubuntu,celueqing,strategies,MySQL/celueqing/strategies,InnoDB,未限定,未知,未知,未知,可访问,无默认配置的information_schema元数据查询,未读取数据库业务记录,任务-000004
discovery-20260728T092404+0800,DS-000245,数据库元数据,ubuntu,celueqing_recorder,processed_ledger,MySQL/celueqing_recorder/processed_ledger,InnoDB,未限定,未知,未知,未知,可访问,无默认配置的information_schema元数据查询,未读取数据库业务记录,任务-000004
discovery-20260728T092404+0800,DS-000246,数据库元数据,ubuntu,celueqing_recorder,raw_trades,MySQL/celueqing_recorder/raw_trades,InnoDB,未限定,未知,未知,未知,可访问,无默认配置的information_schema元数据查询,未读取数据库业务记录,任务-000004
discovery-20260728T092404+0800,DS-000247,数据库元数据,ubuntu,celueqing_recorder,recorder_status,MySQL/celueqing_recorder/recorder_status,InnoDB,未限定,未知,未知,未知,可访问,无默认配置的information_schema元数据查询,未读取数据库业务记录,任务-000004
discovery-20260728T092404+0800,DS-000248,数据库元数据,ubuntu,celueqing_recorder,second_bars,MySQL/celueqing_recorder/second_bars,InnoDB,未限定,未知,未知,未知,可访问,无默认配置的information_schema元数据查询,未读取数据库业务记录,任务-000004
discovery-20260728T092404+0800,DS-000249,数据库元数据,ubuntu,celueqing_recorder,shadow_agg_second_bars,MySQL/celueqing_recorder/shadow_agg_second_bars,InnoDB,未限定,未知,未知,未知,可访问,无默认配置的information_schema元数据查询,未读取数据库业务记录,任务-000004
discovery-20260728T092404+0800,DS-000250,数据库元数据,ubuntu,celueqing_recorder,shadow_agg_status,MySQL/celueqing_recorder/shadow_agg_status,InnoDB,未限定,未知,未知,未知,可访问,无默认配置的information_schema元数据查询,未读取数据库业务记录,任务-000004
discovery-20260728T092404+0800,DS-000251,数据库元数据,ubuntu,celueqing_recorder,shadow_agg_trades,MySQL/celueqing_recorder/shadow_agg_trades,InnoDB,未限定,未知,未知,未知,可访问,无默认配置的information_schema元数据查询,未读取数据库业务记录,任务-000004
discovery-20260728T092404+0800,DS-000252,数据库元数据,ubuntu,celueqing_recovery_test,orders,MySQL/celueqing_recovery_test/orders,InnoDB,未限定,未知,未知,未知,可访问,无默认配置的information_schema元数据查询,未读取数据库业务记录,任务-000004
discovery-20260728T092404+0800,DS-000253,数据库元数据,ubuntu,celueqing_recovery_test,research_config,MySQL/celueqing_recovery_test/research_config,InnoDB,未限定,未知,未知,未知,可访问,无默认配置的information_schema元数据查询,未读取数据库业务记录,任务-000004
discovery-20260728T092404+0800,DS-000254,数据库元数据,ubuntu,celueqing_recovery_test,research_orders,MySQL/celueqing_recovery_test/research_orders,InnoDB,未限定,未知,未知,未知,可访问,无默认配置的information_schema元数据查询,未读取数据库业务记录,任务-000004
discovery-20260728T092404+0800,DS-000255,数据库元数据,ubuntu,celueqing_recovery_test,research_signals,MySQL/celueqing_recovery_test/research_signals,InnoDB,未限定,未知,未知,未知,可访问,无默认配置的information_schema元数据查询,未读取数据库业务记录,任务-000004
discovery-20260728T092404+0800,DS-000256,数据库元数据,ubuntu,celueqing_recovery_test,score_rank_training_runs,MySQL/celueqing_recovery_test/score_rank_training_runs,InnoDB,未限定,未知,未知,未知,可访问,无默认配置的information_schema元数据查询,未读取数据库业务记录,任务-000004
discovery-20260728T092404+0800,DS-000257,数据库元数据,ubuntu,celueqing_recovery_test,simulation_orders,MySQL/celueqing_recovery_test/simulation_orders,InnoDB,未限定,未知,未知,未知,可访问,无默认配置的information_schema元数据查询,未读取数据库业务记录,任务-000004
discovery-20260728T092404+0800,DS-000258,数据库元数据,ubuntu,celueqing_recovery_test,simulation_signals,MySQL/celueqing_recovery_test/simulation_signals,InnoDB,未限定,未知,未知,未知,可访问,无默认配置的information_schema元数据查询,未读取数据库业务记录,任务-000004
discovery-20260728T092404+0800,DS-000259,数据库元数据,ubuntu,celueqing_recovery_test,simulation_strategies,MySQL/celueqing_recovery_test/simulation_strategies,InnoDB,未限定,未知,未知,未知,可访问,无默认配置的information_schema元数据查询,未读取数据库业务记录,任务-000004
discovery-20260728T092404+0800,DS-000260,数据库元数据,ubuntu,celueqing_recovery_test,simulation_strategy_unit_settings,MySQL/celueqing_recovery_test/simulation_strategy_unit_settings,InnoDB,未限定,未知,未知,未知,可访问,无默认配置的information_schema元数据查询,未读取数据库业务记录,任务-000004
discovery-20260728T092404+0800,DS-000261,数据库元数据,ubuntu,celueqing_recovery_test,strategies,MySQL/celueqing_recovery_test/strategies,InnoDB,未限定,未知,未知,未知,可访问,无默认配置的information_schema元数据查询,未读取数据库业务记录,任务-000004
discovery-20260728T092404+0800,DS-000262,数据库元数据,ubuntu,crypto_radar,action_items,MySQL/crypto_radar/action_items,InnoDB,未限定,未知,未知,未知,可访问,无默认配置的information_schema元数据查询,未读取数据库业务记录,任务-000004
discovery-20260728T092404+0800,DS-000263,数据库元数据,ubuntu,crypto_radar,alembic_version,MySQL/crypto_radar/alembic_version,InnoDB,未限定,未知,未知,未知,可访问,无默认配置的information_schema元数据查询,未读取数据库业务记录,任务-000004
discovery-20260728T092404+0800,DS-000264,数据库元数据,ubuntu,crypto_radar,analyses,MySQL/crypto_radar/analyses,InnoDB,未限定,未知,未知,未知,可访问,无默认配置的information_schema元数据查询,未读取数据库业务记录,任务-000004
discovery-20260728T092404+0800,DS-000265,数据库元数据,ubuntu,crypto_radar,evidence_items,MySQL/crypto_radar/evidence_items,InnoDB,未限定,未知,未知,未知,可访问,无默认配置的information_schema元数据查询,未读取数据库业务记录,任务-000004
discovery-20260728T092404+0800,DS-000266,数据库元数据,ubuntu,crypto_radar,mining_parameters,MySQL/crypto_radar/mining_parameters,InnoDB,未限定,未知,未知,未知,可访问,无默认配置的information_schema元数据查询,未读取数据库业务记录,任务-000004
discovery-20260728T092404+0800,DS-000267,数据库元数据,ubuntu,crypto_radar,opportunities,MySQL/crypto_radar/opportunities,InnoDB,未限定,未知,未知,未知,可访问,无默认配置的information_schema元数据查询,未读取数据库业务记录,任务-000004
discovery-20260728T092404+0800,DS-000268,数据库元数据,ubuntu,crypto_radar,opportunity_rules,MySQL/crypto_radar/opportunity_rules,InnoDB,未限定,未知,未知,未知,可访问,无默认配置的information_schema元数据查询,未读取数据库业务记录,任务-000004
discovery-20260728T092404+0800,DS-000269,数据库元数据,ubuntu,crypto_radar,project_assets,MySQL/crypto_radar/project_assets,InnoDB,未限定,未知,未知,未知,可访问,无默认配置的information_schema元数据查询,未读取数据库业务记录,任务-000004
discovery-20260728T092404+0800,DS-000270,数据库元数据,ubuntu,crypto_radar,project_candidates,MySQL/crypto_radar/project_candidates,InnoDB,未限定,未知,未知,未知,可访问,无默认配置的information_schema元数据查询,未读取数据库业务记录,任务-000004
discovery-20260728T092404+0800,DS-000271,数据库元数据,ubuntu,crypto_radar,project_change_events,MySQL/crypto_radar/project_change_events,InnoDB,未限定,未知,未知,未知,可访问,无默认配置的information_schema元数据查询,未读取数据库业务记录,任务-000004
discovery-20260728T092404+0800,DS-000272,数据库元数据,ubuntu,crypto_radar,project_fact_snapshots,MySQL/crypto_radar/project_fact_snapshots,InnoDB,未限定,未知,未知,未知,可访问,无默认配置的information_schema元数据查询,未读取数据库业务记录,任务-000004
discovery-20260728T092404+0800,DS-000273,数据库元数据,ubuntu,crypto_radar,project_funding_rounds,MySQL/crypto_radar/project_funding_rounds,InnoDB,未限定,未知,未知,未知,可访问,无默认配置的information_schema元数据查询,未读取数据库业务记录,任务-000004
discovery-20260728T092404+0800,DS-000274,数据库元数据,ubuntu,crypto_radar,project_social_links,MySQL/crypto_radar/project_social_links,InnoDB,未限定,未知,未知,未知,可访问,无默认配置的information_schema元数据查询,未读取数据库业务记录,任务-000004
discovery-20260728T092404+0800,DS-000275,数据库元数据,ubuntu,crypto_radar,project_sources,MySQL/crypto_radar/project_sources,InnoDB,未限定,未知,未知,未知,可访问,无默认配置的information_schema元数据查询,未读取数据库业务记录,任务-000004
discovery-20260728T092404+0800,DS-000276,数据库元数据,ubuntu,crypto_radar,project_team_members,MySQL/crypto_radar/project_team_members,InnoDB,未限定,未知,未知,未知,可访问,无默认配置的information_schema元数据查询,未读取数据库业务记录,任务-000004
discovery-20260728T092404+0800,DS-000277,数据库元数据,ubuntu,crypto_radar,projects,MySQL/crypto_radar/projects,InnoDB,未限定,未知,未知,未知,可访问,无默认配置的information_schema元数据查询,未读取数据库业务记录,任务-000004
discovery-20260728T092404+0800,DS-000278,数据库元数据,ubuntu,crypto_radar,risk_assessments,MySQL/crypto_radar/risk_assessments,InnoDB,未限定,未知,未知,未知,可访问,无默认配置的information_schema元数据查询,未读取数据库业务记录,任务-000004
discovery-20260728T092404+0800,DS-000279,数据库元数据,ubuntu,crypto_radar,roi_records,MySQL/crypto_radar/roi_records,InnoDB,未限定,未知,未知,未知,可访问,无默认配置的information_schema元数据查询,未读取数据库业务记录,任务-000004
discovery-20260728T092404+0800,DS-000280,数据库元数据,ubuntu,crypto_radar,scan_observations,MySQL/crypto_radar/scan_observations,InnoDB,未限定,未知,未知,未知,可访问,无默认配置的information_schema元数据查询,未读取数据库业务记录,任务-000004
discovery-20260728T092404+0800,DS-000281,数据库元数据,ubuntu,crypto_radar,scan_runs,MySQL/crypto_radar/scan_runs,InnoDB,未限定,未知,未知,未知,可访问,无默认配置的information_schema元数据查询,未读取数据库业务记录,任务-000004
discovery-20260728T092404+0800,DS-000282,数据库元数据,ubuntu,crypto_radar,score_components,MySQL/crypto_radar/score_components,InnoDB,未限定,未知,未知,未知,可访问,无默认配置的information_schema元数据查询,未读取数据库业务记录,任务-000004
discovery-20260728T092404+0800,DS-000283,数据库元数据,ubuntu,crypto_radar,scores,MySQL/crypto_radar/scores,InnoDB,未限定,未知,未知,未知,可访问,无默认配置的information_schema元数据查询,未读取数据库业务记录,任务-000004
discovery-20260728T092404+0800,DS-000284,数据库元数据,ubuntu,crypto_radar,sources,MySQL/crypto_radar/sources,InnoDB,未限定,未知,未知,未知,可访问,无默认配置的information_schema元数据查询,未读取数据库业务记录,任务-000004
discovery-20260728T092404+0800,DS-000285,数据库元数据,ubuntu,event_prob_lab,forward_events,MySQL/event_prob_lab/forward_events,InnoDB,未限定,未知,未知,未知,可访问,无默认配置的information_schema元数据查询,未读取数据库业务记录,任务-000004
discovery-20260728T092404+0800,DS-000286,数据库元数据,ubuntu,event_prob_lab,ledger_meta,MySQL/event_prob_lab/ledger_meta,InnoDB,未限定,未知,未知,未知,可访问,无默认配置的information_schema元数据查询,未读取数据库业务记录,任务-000004
discovery-20260728T092404+0800,DS-000287,数据库元数据,ubuntu,event_prob_lab,simulation_orders,MySQL/event_prob_lab/simulation_orders,InnoDB,未限定,未知,未知,未知,可访问,无默认配置的information_schema元数据查询,未读取数据库业务记录,任务-000004
discovery-20260728T092404+0800,DS-000288,数据库元数据,ubuntu,orderbook,historical_backfill_files,MySQL/orderbook/historical_backfill_files,InnoDB,未限定,未知,未知,未知,可访问,无默认配置的information_schema元数据查询,未读取数据库业务记录,任务-000004
discovery-20260728T092404+0800,DS-000289,数据库元数据,ubuntu,orderbook,order_book_decision_context_snapshots,MySQL/orderbook/order_book_decision_context_snapshots,InnoDB,未限定,未知,未知,未知,可访问,无默认配置的information_schema元数据查询,未读取数据库业务记录,任务-000004
discovery-20260728T092404+0800,DS-000290,数据库元数据,ubuntu,orderbook,order_book_feature_buckets,MySQL/orderbook/order_book_feature_buckets,InnoDB,未限定,未知,未知,未知,可访问,无默认配置的information_schema元数据查询,未读取数据库业务记录,任务-000004
discovery-20260728T092404+0800,DS-000291,数据库元数据,ubuntu,orderbook,order_book_health_events,MySQL/orderbook/order_book_health_events,InnoDB,未限定,未知,未知,未知,可访问,无默认配置的information_schema元数据查询,未读取数据库业务记录,任务-000004
discovery-20260728T092404+0800,DS-000292,数据库元数据,ubuntu,orderbook,order_book_liquidation_events,MySQL/orderbook/order_book_liquidation_events,InnoDB,未限定,未知,未知,未知,可访问,无默认配置的information_schema元数据查询,未读取数据库业务记录,任务-000004
discovery-20260728T092404+0800,DS-000293,数据库元数据,ubuntu,orderbook,order_book_liquidation_heatmap_buckets,MySQL/orderbook/order_book_liquidation_heatmap_buckets,InnoDB,未限定,未知,未知,未知,可访问,无默认配置的information_schema元数据查询,未读取数据库业务记录,任务-000004
discovery-20260728T092404+0800,DS-000294,数据库元数据,ubuntu,orderbook,order_book_market_structure_snapshots,MySQL/orderbook/order_book_market_structure_snapshots,InnoDB,未限定,未知,未知,未知,可访问,无默认配置的information_schema元数据查询,未读取数据库业务记录,任务-000004
discovery-20260728T092404+0800,DS-000295,数据库元数据,ubuntu,orderbook,order_book_micro_events,MySQL/orderbook/order_book_micro_events,InnoDB,未限定,未知,未知,未知,可访问,无默认配置的information_schema元数据查询,未读取数据库业务记录,任务-000004
discovery-20260728T092404+0800,DS-000296,数据库元数据,ubuntu,orderbook,order_book_open_interest,MySQL/orderbook/order_book_open_interest,InnoDB,未限定,未知,未知,未知,可访问,无默认配置的information_schema元数据查询,未读取数据库业务记录,任务-000004
discovery-20260728T092404+0800,DS-000297,数据库元数据,ubuntu,orderbook,order_book_public_context_snapshots,MySQL/orderbook/order_book_public_context_snapshots,InnoDB,未限定,未知,未知,未知,可访问,无默认配置的information_schema元数据查询,未读取数据库业务记录,任务-000004
discovery-20260728T092404+0800,DS-000298,数据库元数据,ubuntu,orderbook,order_book_raw_snapshots,MySQL/orderbook/order_book_raw_snapshots,InnoDB,未限定,未知,未知,未知,可访问,无默认配置的information_schema元数据查询,未读取数据库业务记录,任务-000004
discovery-20260728T092404+0800,DS-000299,数据库元数据,ubuntu,orderbook,order_book_risk_states,MySQL/orderbook/order_book_risk_states,InnoDB,未限定,未知,未知,未知,可访问,无默认配置的information_schema元数据查询,未读取数据库业务记录,任务-000004
discovery-20260728T092404+0800,DS-000300,数据库元数据,ubuntu,orderbook,order_book_signal_delivery_acks,MySQL/orderbook/order_book_signal_delivery_acks,InnoDB,未限定,未知,未知,未知,可访问,无默认配置的information_schema元数据查询,未读取数据库业务记录,任务-000004
discovery-20260728T092404+0800,DS-000301,数据库元数据,ubuntu,orderbook,order_book_signals,MySQL/orderbook/order_book_signals,InnoDB,未限定,未知,未知,未知,可访问,无默认配置的information_schema元数据查询,未读取数据库业务记录,任务-000004
discovery-20260728T092404+0800,DS-000302,数据库元数据,ubuntu,orderbook,raw_input_log,MySQL/orderbook/raw_input_log,InnoDB,未限定,未知,未知,未知,可访问,无默认配置的information_schema元数据查询,未读取数据库业务记录,任务-000004
discovery-20260728T092404+0800,DS-000303,数据库元数据,ubuntu,orderbook,symbol_metadata,MySQL/orderbook/symbol_metadata,InnoDB,未限定,未知,未知,未知,可访问,无默认配置的information_schema元数据查询,未读取数据库业务记录,任务-000004
discovery-20260728T092404+0800,DS-000304,数据库元数据,ubuntu,test_crypto_radar,action_items,MySQL/test_crypto_radar/action_items,InnoDB,未限定,未知,未知,未知,可访问,无默认配置的information_schema元数据查询,未读取数据库业务记录,任务-000004
discovery-20260728T092404+0800,DS-000305,数据库元数据,ubuntu,test_crypto_radar,alembic_version,MySQL/test_crypto_radar/alembic_version,InnoDB,未限定,未知,未知,未知,可访问,无默认配置的information_schema元数据查询,未读取数据库业务记录,任务-000004
discovery-20260728T092404+0800,DS-000306,数据库元数据,ubuntu,test_crypto_radar,analyses,MySQL/test_crypto_radar/analyses,InnoDB,未限定,未知,未知,未知,可访问,无默认配置的information_schema元数据查询,未读取数据库业务记录,任务-000004
discovery-20260728T092404+0800,DS-000307,数据库元数据,ubuntu,test_crypto_radar,evidence_items,MySQL/test_crypto_radar/evidence_items,InnoDB,未限定,未知,未知,未知,可访问,无默认配置的information_schema元数据查询,未读取数据库业务记录,任务-000004
discovery-20260728T092404+0800,DS-000308,数据库元数据,ubuntu,test_crypto_radar,mining_parameters,MySQL/test_crypto_radar/mining_parameters,InnoDB,未限定,未知,未知,未知,可访问,无默认配置的information_schema元数据查询,未读取数据库业务记录,任务-000004
discovery-20260728T092404+0800,DS-000309,数据库元数据,ubuntu,test_crypto_radar,opportunities,MySQL/test_crypto_radar/opportunities,InnoDB,未限定,未知,未知,未知,可访问,无默认配置的information_schema元数据查询,未读取数据库业务记录,任务-000004
discovery-20260728T092404+0800,DS-000310,数据库元数据,ubuntu,test_crypto_radar,opportunity_rules,MySQL/test_crypto_radar/opportunity_rules,InnoDB,未限定,未知,未知,未知,可访问,无默认配置的information_schema元数据查询,未读取数据库业务记录,任务-000004
discovery-20260728T092404+0800,DS-000311,数据库元数据,ubuntu,test_crypto_radar,project_assets,MySQL/test_crypto_radar/project_assets,InnoDB,未限定,未知,未知,未知,可访问,无默认配置的information_schema元数据查询,未读取数据库业务记录,任务-000004
discovery-20260728T092404+0800,DS-000312,数据库元数据,ubuntu,test_crypto_radar,project_candidates,MySQL/test_crypto_radar/project_candidates,InnoDB,未限定,未知,未知,未知,可访问,无默认配置的information_schema元数据查询,未读取数据库业务记录,任务-000004
discovery-20260728T092404+0800,DS-000313,数据库元数据,ubuntu,test_crypto_radar,project_change_events,MySQL/test_crypto_radar/project_change_events,InnoDB,未限定,未知,未知,未知,可访问,无默认配置的information_schema元数据查询,未读取数据库业务记录,任务-000004
discovery-20260728T092404+0800,DS-000314,数据库元数据,ubuntu,test_crypto_radar,project_fact_snapshots,MySQL/test_crypto_radar/project_fact_snapshots,InnoDB,未限定,未知,未知,未知,可访问,无默认配置的information_schema元数据查询,未读取数据库业务记录,任务-000004
discovery-20260728T092404+0800,DS-000315,数据库元数据,ubuntu,test_crypto_radar,project_funding_rounds,MySQL/test_crypto_radar/project_funding_rounds,InnoDB,未限定,未知,未知,未知,可访问,无默认配置的information_schema元数据查询,未读取数据库业务记录,任务-000004
discovery-20260728T092404+0800,DS-000316,数据库元数据,ubuntu,test_crypto_radar,project_social_links,MySQL/test_crypto_radar/project_social_links,InnoDB,未限定,未知,未知,未知,可访问,无默认配置的information_schema元数据查询,未读取数据库业务记录,任务-000004
discovery-20260728T092404+0800,DS-000317,数据库元数据,ubuntu,test_crypto_radar,project_sources,MySQL/test_crypto_radar/project_sources,InnoDB,未限定,未知,未知,未知,可访问,无默认配置的information_schema元数据查询,未读取数据库业务记录,任务-000004
discovery-20260728T092404+0800,DS-000318,数据库元数据,ubuntu,test_crypto_radar,project_team_members,MySQL/test_crypto_radar/project_team_members,InnoDB,未限定,未知,未知,未知,可访问,无默认配置的information_schema元数据查询,未读取数据库业务记录,任务-000004
discovery-20260728T092404+0800,DS-000319,数据库元数据,ubuntu,test_crypto_radar,projects,MySQL/test_crypto_radar/projects,InnoDB,未限定,未知,未知,未知,可访问,无默认配置的information_schema元数据查询,未读取数据库业务记录,任务-000004
discovery-20260728T092404+0800,DS-000320,数据库元数据,ubuntu,test_crypto_radar,risk_assessments,MySQL/test_crypto_radar/risk_assessments,InnoDB,未限定,未知,未知,未知,可访问,无默认配置的information_schema元数据查询,未读取数据库业务记录,任务-000004
discovery-20260728T092404+0800,DS-000321,数据库元数据,ubuntu,test_crypto_radar,roi_records,MySQL/test_crypto_radar/roi_records,InnoDB,未限定,未知,未知,未知,可访问,无默认配置的information_schema元数据查询,未读取数据库业务记录,任务-000004
discovery-20260728T092404+0800,DS-000322,数据库元数据,ubuntu,test_crypto_radar,scan_observations,MySQL/test_crypto_radar/scan_observations,InnoDB,未限定,未知,未知,未知,可访问,无默认配置的information_schema元数据查询,未读取数据库业务记录,任务-000004
discovery-20260728T092404+0800,DS-000323,数据库元数据,ubuntu,test_crypto_radar,scan_runs,MySQL/test_crypto_radar/scan_runs,InnoDB,未限定,未知,未知,未知,可访问,无默认配置的information_schema元数据查询,未读取数据库业务记录,任务-000004
discovery-20260728T092404+0800,DS-000324,数据库元数据,ubuntu,test_crypto_radar,score_components,MySQL/test_crypto_radar/score_components,InnoDB,未限定,未知,未知,未知,可访问,无默认配置的information_schema元数据查询,未读取数据库业务记录,任务-000004
discovery-20260728T092404+0800,DS-000325,数据库元数据,ubuntu,test_crypto_radar,scores,MySQL/test_crypto_radar/scores,InnoDB,未限定,未知,未知,未知,可访问,无默认配置的information_schema元数据查询,未读取数据库业务记录,任务-000004
discovery-20260728T092404+0800,DS-000326,数据库元数据,ubuntu,test_crypto_radar,sources,MySQL/test_crypto_radar/sources,InnoDB,未限定,未知,未知,未知,可访问,无默认配置的information_schema元数据查询,未读取数据库业务记录,任务-000004
discovery-20260728T092404+0800,DS-000327,数据库存储目录,ubuntu,mysql,mysql,/var/lib/mysql,不适用,未限定,未知,未知,2026-07-27T21:16:16.544364+08:00,可访问,白名单目录stat元数据,未读取目录内候选文件内容,任务-000004
discovery-20260728T092404+0800,DS-000328,文件系统挂载,ubuntu,操作系统,/,/,ext4,未限定,未知,未知,未知,可访问,findmnt固定只读命令返回的挂载元数据,仅记录挂载点、文件系统类型和读写模式,任务-000004
discovery-20260728T092404+0800,DS-000329,文件系统挂载,ubuntu,操作系统,/boot,/boot,ext4,未限定,未知,未知,未知,可访问,findmnt固定只读命令返回的挂载元数据,仅记录挂载点、文件系统类型和读写模式,任务-000004
discovery-20260728T092404+0800,DS-000330,文件系统挂载,ubuntu,操作系统,/boot/efi,/boot/efi,vfat,未限定,未知,未知,未知,可访问,findmnt固定只读命令返回的挂载元数据,仅记录挂载点、文件系统类型和读写模式,任务-000004
discovery-20260728T092404+0800,DS-000331,文件系统挂载,ubuntu,操作系统,/dev,/dev,devtmpfs,未限定,未知,未知,未知,可访问,findmnt固定只读命令返回的挂载元数据,仅记录挂载点、文件系统类型和读写模式,任务-000004
discovery-20260728T092404+0800,DS-000332,文件系统挂载,ubuntu,操作系统,/dev/hugepages,/dev/hugepages,hugetlbfs,未限定,未知,未知,未知,可访问,findmnt固定只读命令返回的挂载元数据,仅记录挂载点、文件系统类型和读写模式,任务-000004
discovery-20260728T092404+0800,DS-000333,文件系统挂载,ubuntu,操作系统,/dev/mqueue,/dev/mqueue,mqueue,未限定,未知,未知,未知,可访问,findmnt固定只读命令返回的挂载元数据,仅记录挂载点、文件系统类型和读写模式,任务-000004
discovery-20260728T092404+0800,DS-000334,文件系统挂载,ubuntu,操作系统,/dev/pts,/dev/pts,devpts,未限定,未知,未知,未知,可访问,findmnt固定只读命令返回的挂载元数据,仅记录挂载点、文件系统类型和读写模式,任务-000004
discovery-20260728T092404+0800,DS-000335,文件系统挂载,ubuntu,操作系统,/dev/shm,/dev/shm,tmpfs,未限定,未知,未知,未知,可访问,findmnt固定只读命令返回的挂载元数据,仅记录挂载点、文件系统类型和读写模式,任务-000004
discovery-20260728T092404+0800,DS-000336,文件系统挂载,ubuntu,操作系统,/proc,/proc,proc,未限定,未知,未知,未知,可访问,findmnt固定只读命令返回的挂载元数据,仅记录挂载点、文件系统类型和读写模式,任务-000004
discovery-20260728T092404+0800,DS-000337,文件系统挂载,ubuntu,操作系统,/proc/sys/fs/binfmt_misc,/proc/sys/fs/binfmt_misc,autofs,未限定,未知,未知,未知,可访问,findmnt固定只读命令返回的挂载元数据,仅记录挂载点、文件系统类型和读写模式,任务-000004
discovery-20260728T092404+0800,DS-000338,文件系统挂载,ubuntu,操作系统,/run,/run,tmpfs,未限定,未知,未知,未知,可访问,findmnt固定只读命令返回的挂载元数据,仅记录挂载点、文件系统类型和读写模式,任务-000004
discovery-20260728T092404+0800,DS-000339,文件系统挂载,ubuntu,操作系统,/run/credentials/systemd-sysusers.service,/run/credentials/systemd-sysusers.service,ramfs,未限定,未知,未知,未知,只读,findmnt固定只读命令返回的挂载元数据,仅记录挂载点、文件系统类型和读写模式,任务-000004
discovery-20260728T092404+0800,DS-000340,文件系统挂载,ubuntu,操作系统,/run/lock,/run/lock,tmpfs,未限定,未知,未知,未知,可访问,findmnt固定只读命令返回的挂载元数据,仅记录挂载点、文件系统类型和读写模式,任务-000004
discovery-20260728T092404+0800,DS-000341,文件系统挂载,ubuntu,操作系统,/run/snapd/ns,/run/snapd/ns,tmpfs,未限定,未知,未知,未知,可访问,findmnt固定只读命令返回的挂载元数据,仅记录挂载点、文件系统类型和读写模式,任务-000004
discovery-20260728T092404+0800,DS-000342,文件系统挂载,ubuntu,操作系统,/run/snapd/ns/lxd.mnt,/run/snapd/ns/lxd.mnt,nsfs,未限定,未知,未知,未知,可访问,findmnt固定只读命令返回的挂载元数据,仅记录挂载点、文件系统类型和读写模式,任务-000004
discovery-20260728T092404+0800,DS-000343,文件系统挂载,ubuntu,操作系统,/run/user/0,/run/user/0,tmpfs,未限定,未知,未知,未知,可访问,findmnt固定只读命令返回的挂载元数据,仅记录挂载点、文件系统类型和读写模式,任务-000004
discovery-20260728T092404+0800,DS-000344,文件系统挂载,ubuntu,操作系统,/snap/core20/2318,/snap/core20/2318,squashfs,未限定,未知,未知,未知,只读,findmnt固定只读命令返回的挂载元数据,仅记录挂载点、文件系统类型和读写模式,任务-000004
discovery-20260728T092404+0800,DS-000345,文件系统挂载,ubuntu,操作系统,/snap/core20/2866,/snap/core20/2866,squashfs,未限定,未知,未知,未知,只读,findmnt固定只读命令返回的挂载元数据,仅记录挂载点、文件系统类型和读写模式,任务-000004
discovery-20260728T092404+0800,DS-000346,文件系统挂载,ubuntu,操作系统,/snap/core22/2411,/snap/core22/2411,squashfs,未限定,未知,未知,未知,只读,findmnt固定只读命令返回的挂载元数据,仅记录挂载点、文件系统类型和读写模式,任务-000004
discovery-20260728T092404+0800,DS-000347,文件系统挂载,ubuntu,操作系统,/snap/lxd/38800,/snap/lxd/38800,squashfs,未限定,未知,未知,未知,只读,findmnt固定只读命令返回的挂载元数据,仅记录挂载点、文件系统类型和读写模式,任务-000004
discovery-20260728T092404+0800,DS-000348,文件系统挂载,ubuntu,操作系统,/snap/lxd/40115,/snap/lxd/40115,squashfs,未限定,未知,未知,未知,只读,findmnt固定只读命令返回的挂载元数据,仅记录挂载点、文件系统类型和读写模式,任务-000004
discovery-20260728T092404+0800,DS-000349,文件系统挂载,ubuntu,操作系统,/snap/snapd/26865,/snap/snapd/26865,squashfs,未限定,未知,未知,未知,只读,findmnt固定只读命令返回的挂载元数据,仅记录挂载点、文件系统类型和读写模式,任务-000004
discovery-20260728T092404+0800,DS-000350,文件系统挂载,ubuntu,操作系统,/snap/snapd/27406,/snap/snapd/27406,squashfs,未限定,未知,未知,未知,只读,findmnt固定只读命令返回的挂载元数据,仅记录挂载点、文件系统类型和读写模式,任务-000004
discovery-20260728T092404+0800,DS-000351,文件系统挂载,ubuntu,操作系统,/sys,/sys,sysfs,未限定,未知,未知,未知,可访问,findmnt固定只读命令返回的挂载元数据,仅记录挂载点、文件系统类型和读写模式,任务-000004
discovery-20260728T092404+0800,DS-000352,文件系统挂载,ubuntu,操作系统,/sys/firmware/efi/efivars,/sys/firmware/efi/efivars,efivarfs,未限定,未知,未知,未知,可访问,findmnt固定只读命令返回的挂载元数据,仅记录挂载点、文件系统类型和读写模式,任务-000004
discovery-20260728T092404+0800,DS-000353,文件系统挂载,ubuntu,操作系统,/sys/fs/bpf,/sys/fs/bpf,bpf,未限定,未知,未知,未知,可访问,findmnt固定只读命令返回的挂载元数据,仅记录挂载点、文件系统类型和读写模式,任务-000004
discovery-20260728T092404+0800,DS-000354,文件系统挂载,ubuntu,操作系统,/sys/fs/cgroup,/sys/fs/cgroup,cgroup2,未限定,未知,未知,未知,可访问,findmnt固定只读命令返回的挂载元数据,仅记录挂载点、文件系统类型和读写模式,任务-000004
discovery-20260728T092404+0800,DS-000355,文件系统挂载,ubuntu,操作系统,/sys/fs/fuse/connections,/sys/fs/fuse/connections,fusectl,未限定,未知,未知,未知,可访问,findmnt固定只读命令返回的挂载元数据,仅记录挂载点、文件系统类型和读写模式,任务-000004
discovery-20260728T092404+0800,DS-000356,文件系统挂载,ubuntu,操作系统,/sys/fs/pstore,/sys/fs/pstore,pstore,未限定,未知,未知,未知,可访问,findmnt固定只读命令返回的挂载元数据,仅记录挂载点、文件系统类型和读写模式,任务-000004
discovery-20260728T092404+0800,DS-000357,文件系统挂载,ubuntu,操作系统,/sys/kernel/config,/sys/kernel/config,configfs,未限定,未知,未知,未知,可访问,findmnt固定只读命令返回的挂载元数据,仅记录挂载点、文件系统类型和读写模式,任务-000004
discovery-20260728T092404+0800,DS-000358,文件系统挂载,ubuntu,操作系统,/sys/kernel/debug,/sys/kernel/debug,debugfs,未限定,未知,未知,未知,可访问,findmnt固定只读命令返回的挂载元数据,仅记录挂载点、文件系统类型和读写模式,任务-000004
discovery-20260728T092404+0800,DS-000359,文件系统挂载,ubuntu,操作系统,/sys/kernel/security,/sys/kernel/security,securityfs,未限定,未知,未知,未知,可访问,findmnt固定只读命令返回的挂载元数据,仅记录挂载点、文件系统类型和读写模式,任务-000004
discovery-20260728T092404+0800,DS-000360,文件系统挂载,ubuntu,操作系统,/sys/kernel/tracing,/sys/kernel/tracing,tracefs,未限定,未知,未知,未知,可访问,findmnt固定只读命令返回的挂载元数据,仅记录挂载点、文件系统类型和读写模式,任务-000004
discovery-20260728T092404+0800,DS-000361,文件系统挂载,ubuntu,操作系统,/var/snap/lxd/common/ns,/var/snap/lxd/common/ns,tmpfs,未限定,未知,未知,未知,可访问,findmnt固定只读命令返回的挂载元数据,仅记录挂载点、文件系统类型和读写模式,任务-000004
discovery-20260728T092404+0800,DS-000362,文件系统挂载,ubuntu,操作系统,/var/snap/lxd/common/ns/mntns,/var/snap/lxd/common/ns/mntns,nsfs,未限定,未知,未知,未知,可访问,findmnt固定只读命令返回的挂载元数据,仅记录挂载点、文件系统类型和读写模式,任务-000004
discovery-20260728T092404+0800,DS-000363,文件系统挂载,ubuntu,操作系统,/var/snap/lxd/common/ns/shmounts,/var/snap/lxd/common/ns/shmounts,nsfs,未限定,未知,未知,未知,可访问,findmnt固定只读命令返回的挂载元数据,仅记录挂载点、文件系统类型和读写模式,任务-000004
discovery-20260728T092404+0800,DS-000364,监听接口,ubuntu,containerd,tcp/32695,本机监听端口,网络接口元数据,未限定,未知,未知,未知,已发现,ss固定只读命令返回的协议、端口和进程名,不记录绑定地址、连接信息或报文内容,任务-000004
discovery-20260728T092404+0800,DS-000365,监听接口,ubuntu,gunicorn,tcp/8000,本机监听端口,网络接口元数据,未限定,未知,未知,未知,已发现,ss固定只读命令返回的协议、端口和进程名,不记录绑定地址、连接信息或报文内容,任务-000004
discovery-20260728T092404+0800,DS-000366,监听接口,ubuntu,mihomo,tcp/7897,本机监听端口,网络接口元数据,未限定,未知,未知,未知,已发现,ss固定只读命令返回的协议、端口和进程名,不记录绑定地址、连接信息或报文内容,任务-000004
discovery-20260728T092404+0800,DS-000367,监听接口,ubuntu,mihomo,tcp/9090,本机监听端口,网络接口元数据,未限定,未知,未知,未知,已发现,ss固定只读命令返回的协议、端口和进程名,不记录绑定地址、连接信息或报文内容,任务-000004
discovery-20260728T092404+0800,DS-000368,监听接口,ubuntu,mihomo,udp/7897,本机监听端口,网络接口元数据,未限定,未知,未知,未知,已发现,ss固定只读命令返回的协议、端口和进程名,不记录绑定地址、连接信息或报文内容,任务-000004
discovery-20260728T092404+0800,DS-000369,监听接口,ubuntu,mysqld,tcp/3306,本机监听端口,网络接口元数据,未限定,未知,未知,未知,已发现,ss固定只读命令返回的协议、端口和进程名,不记录绑定地址、连接信息或报文内容,任务-000004
discovery-20260728T092404+0800,DS-000370,监听接口,ubuntu,mysqld,tcp/33060,本机监听端口,网络接口元数据,未限定,未知,未知,未知,已发现,ss固定只读命令返回的协议、端口和进程名,不记录绑定地址、连接信息或报文内容,任务-000004
discovery-20260728T092404+0800,DS-000371,监听接口,ubuntu,next-server (v1,tcp/3000,本机监听端口,网络接口元数据,未限定,未知,未知,未知,已发现,ss固定只读命令返回的协议、端口和进程名,不记录绑定地址、连接信息或报文内容,任务-000004
discovery-20260728T092404+0800,DS-000372,监听接口,ubuntu,nginx,tcp/5173,本机监听端口,网络接口元数据,未限定,未知,未知,未知,已发现,ss固定只读命令返回的协议、端口和进程名,不记录绑定地址、连接信息或报文内容,任务-000004
discovery-20260728T092404+0800,DS-000373,监听接口,ubuntu,nginx,tcp/80,本机监听端口,网络接口元数据,未限定,未知,未知,未知,已发现,ss固定只读命令返回的协议、端口和进程名,不记录绑定地址、连接信息或报文内容,任务-000004
discovery-20260728T092404+0800,DS-000374,监听接口,ubuntu,python,tcp/8080,本机监听端口,网络接口元数据,未限定,未知,未知,未知,已发现,ss固定只读命令返回的协议、端口和进程名,不记录绑定地址、连接信息或报文内容,任务-000004
discovery-20260728T092404+0800,DS-000375,监听接口,ubuntu,python,tcp/8090,本机监听端口,网络接口元数据,未限定,未知,未知,未知,已发现,ss固定只读命令返回的协议、端口和进程名,不记录绑定地址、连接信息或报文内容,任务-000004
discovery-20260728T092404+0800,DS-000376,监听接口,ubuntu,python,tcp/8770,本机监听端口,网络接口元数据,未限定,未知,未知,未知,已发现,ss固定只读命令返回的协议、端口和进程名,不记录绑定地址、连接信息或报文内容,任务-000004
discovery-20260728T092404+0800,DS-000377,监听接口,ubuntu,sshd,tcp/17897,本机监听端口,网络接口元数据,未限定,未知,未知,未知,已发现,ss固定只读命令返回的协议、端口和进程名,不记录绑定地址、连接信息或报文内容,任务-000004
discovery-20260728T092404+0800,DS-000378,监听接口,ubuntu,sshd,tcp/22,本机监听端口,网络接口元数据,未限定,未知,未知,未知,已发现,ss固定只读命令返回的协议、端口和进程名,不记录绑定地址、连接信息或报文内容,任务-000004
discovery-20260728T092404+0800,DS-000379,监听接口,ubuntu,systemd-network,udp/546,本机监听端口,网络接口元数据,未限定,未知,未知,未知,已发现,ss固定只读命令返回的协议、端口和进程名,不记录绑定地址、连接信息或报文内容,任务-000004
discovery-20260728T092404+0800,DS-000380,监听接口,ubuntu,systemd-network,udp/68,本机监听端口,网络接口元数据,未限定,未知,未知,未知,已发现,ss固定只读命令返回的协议、端口和进程名,不记录绑定地址、连接信息或报文内容,任务-000004
discovery-20260728T092404+0800,DS-000381,监听接口,ubuntu,systemd-resolve,tcp/53,本机监听端口,网络接口元数据,未限定,未知,未知,未知,已发现,ss固定只读命令返回的协议、端口和进程名,不记录绑定地址、连接信息或报文内容,任务-000004
discovery-20260728T092404+0800,DS-000382,监听接口,ubuntu,systemd-resolve,udp/53,本机监听端口,网络接口元数据,未限定,未知,未知,未知,已发现,ss固定只读命令返回的协议、端口和进程名,不记录绑定地址、连接信息或报文内容,任务-000004
discovery-20260728T092404+0800,DS-000383,监听接口,ubuntu,uvicorn,tcp/8010,本机监听端口,网络接口元数据,未限定,未知,未知,未知,已发现,ss固定只读命令返回的协议、端口和进程名,不记录绑定地址、连接信息或报文内容,任务-000004
discovery-20260728T092404+0800,DS-000384,运行服务,ubuntu,binance-event-test.service,binance-event-test.service,/opt/binance-event,systemd,未限定,未知,未知,未知,active,systemctl固定只读命令返回的服务元数据,运行用户：lwm；未读取配置,任务-000004
discovery-20260728T092404+0800,DS-000385,运行服务,ubuntu,celueqing-trade-recorder.service,celueqing-trade-recorder.service,/opt/celueqing,systemd,未限定,未知,未知,未知,active,systemctl固定只读命令返回的服务元数据,运行用户：root；未读取配置,任务-000004
discovery-20260728T092404+0800,DS-000386,运行服务,ubuntu,celueqing.service,celueqing.service,/opt/celueqing,systemd,未限定,未知,未知,未知,active,systemctl固定只读命令返回的服务元数据,运行用户：root；未读取配置,任务-000004
discovery-20260728T092404+0800,DS-000387,运行服务,ubuntu,crypto-radar-api.service,crypto-radar-api.service,/opt/crypto-radar/services/api,systemd,未限定,未知,未知,未知,active,systemctl固定只读命令返回的服务元数据,运行用户：crypto-radar；未读取配置,任务-000004
discovery-20260728T092404+0800,DS-000388,运行服务,ubuntu,crypto-radar-web.service,crypto-radar-web.service,/opt/crypto-radar/apps/web,systemd,未限定,未知,未知,未知,active,systemctl固定只读命令返回的服务元数据,运行用户：crypto-radar；未读取配置,任务-000004
discovery-20260728T092404+0800,DS-000389,运行服务,ubuntu,event-prob-lab.service,event-prob-lab.service,/opt/event-prob-lab,systemd,未限定,未知,未知,未知,active,systemctl固定只读命令返回的服务元数据,运行用户：eventprob；未读取配置,任务-000004
discovery-20260728T092404+0800,DS-000390,运行服务,ubuntu,mysql.service,mysql.service,未知,systemd,未限定,未知,未知,未知,active,systemctl固定只读命令返回的服务元数据,运行用户：mysql；未读取配置,任务-000004
discovery-20260728T092404+0800,DS-000391,运行服务,ubuntu,nginx.service,nginx.service,未知,systemd,未限定,未知,未知,未知,active,systemctl固定只读命令返回的服务元数据,运行用户：system；未读取配置,任务-000004
discovery-20260728T092404+0800,DS-000392,运行服务,ubuntu,orderbook-intelligence.service,orderbook-intelligence.service,/opt/orderbook-intelligence-service,systemd,未限定,未知,未知,未知,active,systemctl固定只读命令返回的服务元数据,运行用户：system；未读取配置,任务-000004
discovery-20260728T092404+0800,DS-000393,运行服务,ubuntu,systemd-resolved.service,systemd-resolved.service,未知,systemd,未限定,未知,未知,未知,active,systemctl固定只读命令返回的服务元数据,运行用户：systemd-resolve；未读取配置,任务-000004
discovery-20260728T092404+0800,DS-000394,运行环境,ubuntu,操作系统,Ubuntu 22.04.5 LTS,目标环境,Linux 5.15.0-185-generic,未限定,未知,未知,未知,可访问,固定只读探针返回的系统元数据,时区：Asia/Shanghai,任务-000004
discovery-20260728T092404+0800,DS-000395,项目目录,ubuntu,binance-event,binance-event,/opt/binance-event,不适用,未限定,未知,未知,2026-07-27T21:33:33.412844+08:00,可访问,白名单目录stat元数据,未读取目录内候选文件内容,任务-000004
discovery-20260728T092404+0800,DS-000396,项目目录,ubuntu,celueqing,celueqing,/opt/celueqing,不适用,未限定,未知,未知,2026-07-15T22:33:02.136763+08:00,可访问,白名单目录stat元数据,未读取目录内候选文件内容,任务-000004
discovery-20260728T092404+0800,DS-000397,项目目录,ubuntu,crypto-radar,crypto-radar,/opt/crypto-radar,不适用,未限定,未知,未知,2026-07-17T09:55:28.551211+08:00,可访问,白名单目录stat元数据,未读取目录内候选文件内容,任务-000004
discovery-20260728T092404+0800,DS-000398,项目目录,ubuntu,event-prob-lab,event-prob-lab,/opt/event-prob-lab,不适用,未限定,未知,未知,2026-06-19T21:46:51+08:00,可访问,白名单目录stat元数据,未读取目录内候选文件内容,任务-000004
discovery-20260728T092404+0800,DS-000399,项目目录,ubuntu,orderbook-intelligence-service,orderbook-intelligence-service,/opt/orderbook-intelligence-service,不适用,未限定,未知,未知,2026-07-13T00:59:45.246026+08:00,可访问,白名单目录stat元数据,未读取目录内候选文件内容,任务-000004
