审计批次,规则版本,规则指纹,清单指纹,资产编号,候选标的范围,规则编号,异常类型,异常数量,异常比例,严重度,规则状态,证据,处置
audit-20260728T230058+0800,dq-rules-1.0,79579fff3c04192841d87515a8af667e4550ab6616088807a47e0eb0410433b7,019010d64fe47d89c81bfaedafd458f1d886025bb34292c0c32eafcfa4392657,DS-000001,未限定,DQ-STRUCT-001,结构解析异常汇总,0,0.000000,低,已执行,947d33abdd4fdae39242ef3fef4531bcbc4fbf400cf977ddf81e9a44d1502ee1,仅记录，不修改原始数据
audit-20260728T230058+0800,dq-rules-1.0,79579fff3c04192841d87515a8af667e4550ab6616088807a47e0eb0410433b7,019010d64fe47d89c81bfaedafd458f1d886025bb34292c0c32eafcfa4392657,DS-000002,未限定,DQ-STRUCT-001,结构解析异常汇总,0,0.000000,低,已执行,af2461f55fb7de1f15544887e4b1f22b4ec14250df1192e7848aa18739b3a950,仅记录，不修改原始数据
audit-20260728T230058+0800,dq-rules-1.0,79579fff3c04192841d87515a8af667e4550ab6616088807a47e0eb0410433b7,019010d64fe47d89c81bfaedafd458f1d886025bb34292c0c32eafcfa4392657,DS-000003,未限定,DQ-STRUCT-001,结构解析异常汇总,0,0.000000,低,已执行,1cafd0bba9ae59724f9fd02c5c30a49e8370a47db19faaf605008e7b75f9d8be,仅记录，不修改原始数据
audit-20260728T230058+0800,dq-rules-1.0,79579fff3c04192841d87515a8af667e4550ab6616088807a47e0eb0410433b7,019010d64fe47d89c81bfaedafd458f1d886025bb34292c0c32eafcfa4392657,DS-000004,未限定,DQ-STRUCT-001,结构解析异常汇总,0,0.000000,低,已执行,50ad40e84d1bcfed6b2985be01b95344190fbe6b347905e4cc5424491aea769e,仅记录，不修改原始数据
audit-20260728T230058+0800,dq-rules-1.0,79579fff3c04192841d87515a8af667e4550ab6616088807a47e0eb0410433b7,019010d64fe47d89c81bfaedafd458f1d886025bb34292c0c32eafcfa4392657,DS-000005,未限定,DQ-STRUCT-001,结构解析异常汇总,0,0.000000,低,已执行,e9ff35a2b1d7eca03169d57989cbb34305790193c50c8031a5ec2ef1cd389ba2,仅记录，不修改原始数据
audit-20260728T230058+0800,dq-rules-1.0,79579fff3c04192841d87515a8af667e4550ab6616088807a47e0eb0410433b7,019010d64fe47d89c81bfaedafd458f1d886025bb34292c0c32eafcfa4392657,DS-000006,未限定,DQ-STRUCT-001,结构解析异常汇总,0,0.000000,低,已执行,2aca5a32ac2c893458ae628f4dd62f6f7a125523fb9723e018118f38cc936b0e,仅记录，不修改原始数据
audit-20260728T230058+0800,dq-rules-1.0,79579fff3c04192841d87515a8af667e4550ab6616088807a47e0eb0410433b7,019010d64fe47d89c81bfaedafd458f1d886025bb34292c0c32eafcfa4392657,DS-000007,未限定,DQ-STRUCT-001,结构解析异常汇总,0,0.000000,低,已执行,f21598dae84ad874767d05a72d184cf4da09d024e5976d0b50416a109531fe82,仅记录，不修改原始数据
audit-20260728T230058+0800,dq-rules-1.0,79579fff3c04192841d87515a8af667e4550ab6616088807a47e0eb0410433b7,019010d64fe47d89c81bfaedafd458f1d886025bb34292c0c32eafcfa4392657,DS-000008,未限定,DQ-STRUCT-001,结构解析异常汇总,0,0.000000,低,已执行,b574845a790b2f73e29e5049420ccb83ce70e43a9c1a839f85226c58ac0f008e,仅记录，不修改原始数据
audit-20260728T230058+0800,dq-rules-1.0,79579fff3c04192841d87515a8af667e4550ab6616088807a47e0eb0410433b7,019010d64fe47d89c81bfaedafd458f1d886025bb34292c0c32eafcfa4392657,DS-000009,未限定,DQ-STRUCT-001,结构解析异常汇总,0,0.000000,低,已执行,83f2e667fe0540845d449fa559763c7f6fd3230099026f9b3fb05a220b0e95b4,仅记录，不修改原始数据
audit-20260728T230058+0800,dq-rules-1.0,79579fff3c04192841d87515a8af667e4550ab6616088807a47e0eb0410433b7,019010d64fe47d89c81bfaedafd458f1d886025bb34292c0c32eafcfa4392657,DS-000010,未限定,DQ-STRUCT-001,结构解析异常汇总,0,0.000000,低,已执行,d33e0797044662ca827c93b121cf1cd556ef55f4ccb32a4729d2639c1fba5816,仅记录，不修改原始数据
audit-20260728T230058+0800,dq-rules-1.0,79579fff3c04192841d87515a8af667e4550ab6616088807a47e0eb0410433b7,019010d64fe47d89c81bfaedafd458f1d886025bb34292c0c32eafcfa4392657,DS-000011,未限定,DQ-STRUCT-001,结构解析异常汇总,0,0.000000,低,已执行,1f1f97352c73ea2e61a42a9780854215306a38284a5d52dbee8f9c9a553dfdc0,仅记录，不修改原始数据
audit-20260728T230058+0800,dq-rules-1.0,79579fff3c04192841d87515a8af667e4550ab6616088807a47e0eb0410433b7,019010d64fe47d89c81bfaedafd458f1d886025bb34292c0c32eafcfa4392657,DS-000012,未限定,DQ-STRUCT-001,结构解析异常汇总,0,0.000000,低,已执行,10b3a335289e7c5aedaaef67e21110cc8f99c5485f6515c159c3d23c6b6c105b,仅记录，不修改原始数据
audit-20260728T230058+0800,dq-rules-1.0,79579fff3c04192841d87515a8af667e4550ab6616088807a47e0eb0410433b7,019010d64fe47d89c81bfaedafd458f1d886025bb34292c0c32eafcfa4392657,DS-000013,未限定,DQ-STRUCT-001,结构解析异常汇总,0,0.000000,低,已执行,3e74972030ed72f0f941cd803d92127e23b2f56ed9376c347430fefa767095af,仅记录，不修改原始数据
audit-20260728T230058+0800,dq-rules-1.0,79579fff3c04192841d87515a8af667e4550ab6616088807a47e0eb0410433b7,019010d64fe47d89c81bfaedafd458f1d886025bb34292c0c32eafcfa4392657,DS-000014,未限定,DQ-STRUCT-001,结构解析异常汇总,0,0.000000,低,已执行,da632780d6f28ce57d03075771b61d35ba08bd5f6f88ba0eb3c788e25cd80c31,仅记录，不修改原始数据
audit-20260728T230058+0800,dq-rules-1.0,79579fff3c04192841d87515a8af667e4550ab6616088807a47e0eb0410433b7,019010d64fe47d89c81bfaedafd458f1d886025bb34292c0c32eafcfa4392657,DS-000015,未限定,DQ-STRUCT-001,结构解析异常汇总,0,0.000000,低,已执行,0049e9b68c6a14d5e55ca5c71e5c481432f2b9ee703962bed9c32816ce0ee2e8,仅记录，不修改原始数据
audit-20260728T230058+0800,dq-rules-1.0,79579fff3c04192841d87515a8af667e4550ab6616088807a47e0eb0410433b7,019010d64fe47d89c81bfaedafd458f1d886025bb34292c0c32eafcfa4392657,DS-000016,未限定,DQ-STRUCT-001,结构解析异常汇总,0,0.000000,低,已执行,7424e735cfd1343d163f2acdd160f71be5baa0328fcc2abb6fd5ea4633ff41c4,仅记录，不修改原始数据
audit-20260728T230058+0800,dq-rules-1.0,79579fff3c04192841d87515a8af667e4550ab6616088807a47e0eb0410433b7,019010d64fe47d89c81bfaedafd458f1d886025bb34292c0c32eafcfa4392657,DS-000017,未限定,DQ-STRUCT-001,结构解析异常汇总,0,0.000000,低,已执行,e7ccd17b95cccc95cc9317323729d4d36f4b1dae90f72cfef81e0dd9bed4dc7b,仅记录，不修改原始数据
audit-20260728T230058+0800,dq-rules-1.0,79579fff3c04192841d87515a8af667e4550ab6616088807a47e0eb0410433b7,019010d64fe47d89c81bfaedafd458f1d886025bb34292c0c32eafcfa4392657,DS-000018,未限定,DQ-STRUCT-001,结构解析异常汇总,0,0.000000,低,已执行,fa108b775a15970da67769adba05a737f020a6be0953c53cea10c41d1b5268c3,仅记录，不修改原始数据
audit-20260728T230058+0800,dq-rules-1.0,79579fff3c04192841d87515a8af667e4550ab6616088807a47e0eb0410433b7,019010d64fe47d89c81bfaedafd458f1d886025bb34292c0c32eafcfa4392657,DS-000019,未限定,DQ-STRUCT-001,结构解析异常汇总,0,0.000000,低,已执行,40cd4ce26799e2e765120cfda26cfea0765172febb0467100b53c851946b3681,仅记录，不修改原始数据
audit-20260728T230058+0800,dq-rules-1.0,79579fff3c04192841d87515a8af667e4550ab6616088807a47e0eb0410433b7,019010d64fe47d89c81bfaedafd458f1d886025bb34292c0c32eafcfa4392657,DS-000020,未限定,DQ-STRUCT-001,结构解析异常汇总,0,0.000000,低,已执行,964208d849789cc85df5751c1e9d864841b5c3a28d76463a7f4788c3fc372002,仅记录，不修改原始数据
audit-20260728T230058+0800,dq-rules-1.0,79579fff3c04192841d87515a8af667e4550ab6616088807a47e0eb0410433b7,019010d64fe47d89c81bfaedafd458f1d886025bb34292c0c32eafcfa4392657,DS-000021,未限定,DQ-STRUCT-001,结构解析异常汇总,0,0.000000,低,已执行,8ddb0fd1378b4ff089bbc895818b9c78ca2bfc203b1c7406a145f6ac275896dd,仅记录，不修改原始数据
audit-20260728T230058+0800,dq-rules-1.0,79579fff3c04192841d87515a8af667e4550ab6616088807a47e0eb0410433b7,019010d64fe47d89c81bfaedafd458f1d886025bb34292c0c32eafcfa4392657,DS-000022,未限定,DQ-STRUCT-001,结构解析异常汇总,0,0.000000,低,已执行,12e89701d9278494ff682ea8bcdc5870971a20090ca6ca754cc442dc5d25acf3,仅记录，不修改原始数据
audit-20260728T230058+0800,dq-rules-1.0,79579fff3c04192841d87515a8af667e4550ab6616088807a47e0eb0410433b7,019010d64fe47d89c81bfaedafd458f1d886025bb34292c0c32eafcfa4392657,DS-000023,未限定,DQ-STRUCT-001,结构解析异常汇总,0,0.000000,低,已执行,b153d9cdd5a882a9ef581fd8ef94aa964d46cc7b3c1b535c1d8d470e63cf6794,仅记录，不修改原始数据
audit-20260728T230058+0800,dq-rules-1.0,79579fff3c04192841d87515a8af667e4550ab6616088807a47e0eb0410433b7,019010d64fe47d89c81bfaedafd458f1d886025bb34292c0c32eafcfa4392657,DS-000024,未限定,DQ-STRUCT-001,结构解析异常汇总,0,0.000000,低,已执行,03e304f14387d77a32e9e89d43e664fdebf8f49a0bf067af3e4c16b186fab2ec,仅记录，不修改原始数据
audit-20260728T230058+0800,dq-rules-1.0,79579fff3c04192841d87515a8af667e4550ab6616088807a47e0eb0410433b7,019010d64fe47d89c81bfaedafd458f1d886025bb34292c0c32eafcfa4392657,DS-000025,未限定,DQ-STRUCT-001,结构解析异常汇总,0,0.000000,低,已执行,7710b07314a9ca46c09ea70e4d315324e3c7acba190696ed85348564664ae5fb,仅记录，不修改原始数据
audit-20260728T230058+0800,dq-rules-1.0,79579fff3c04192841d87515a8af667e4550ab6616088807a47e0eb0410433b7,019010d64fe47d89c81bfaedafd458f1d886025bb34292c0c32eafcfa4392657,DS-000026,未限定,DQ-STRUCT-001,结构解析异常汇总,0,0.000000,低,已执行,415c01d83d9db171873bca8b10f87bbaf84621f8ed048724fafb72bb008ced60,仅记录，不修改原始数据
audit-20260728T230058+0800,dq-rules-1.0,79579fff3c04192841d87515a8af667e4550ab6616088807a47e0eb0410433b7,019010d64fe47d89c81bfaedafd458f1d886025bb34292c0c32eafcfa4392657,DS-000027,未限定,DQ-STRUCT-001,结构解析异常汇总,0,0.000000,低,已执行,4205333f1d8043f5611a0070a5f65878d0e7b6053bc55beffe0a2efb20c60fc0,仅记录，不修改原始数据
audit-20260728T230058+0800,dq-rules-1.0,79579fff3c04192841d87515a8af667e4550ab6616088807a47e0eb0410433b7,019010d64fe47d89c81bfaedafd458f1d886025bb34292c0c32eafcfa4392657,DS-000028,未限定,DQ-STRUCT-001,结构解析异常汇总,0,0.000000,低,已执行,dfde10ba6cd3ecffac21c4e3390f5a3e8285bee74ae5ecaf927139e69c2fb0e9,仅记录，不修改原始数据
audit-20260728T230058+0800,dq-rules-1.0,79579fff3c04192841d87515a8af667e4550ab6616088807a47e0eb0410433b7,019010d64fe47d89c81bfaedafd458f1d886025bb34292c0c32eafcfa4392657,DS-000029,未限定,DQ-STRUCT-001,结构解析异常汇总,0,0.000000,低,已执行,d70edbb15b7da3bc7d071a389876bb6aa4cd843e9fd0f7df331dc21ed1649ffd,仅记录，不修改原始数据
audit-20260728T230058+0800,dq-rules-1.0,79579fff3c04192841d87515a8af667e4550ab6616088807a47e0eb0410433b7,019010d64fe47d89c81bfaedafd458f1d886025bb34292c0c32eafcfa4392657,DS-000030,未限定,DQ-STRUCT-001,结构解析异常汇总,0,0.000000,低,已执行,3e2e9f9679bf42c6d088a4a634c68909bd4e4e861c6698bbd8614bd9d24f52f6,仅记录，不修改原始数据
audit-20260728T230058+0800,dq-rules-1.0,79579fff3c04192841d87515a8af667e4550ab6616088807a47e0eb0410433b7,019010d64fe47d89c81bfaedafd458f1d886025bb34292c0c32eafcfa4392657,DS-000031,未限定,DQ-STRUCT-001,结构解析异常汇总,0,0.000000,低,已执行,faf72aac96b70ed42072210a83dea599831e6e2b7dc38a6629cc4b950c43cf1f,仅记录，不修改原始数据
audit-20260728T230058+0800,dq-rules-1.0,79579fff3c04192841d87515a8af667e4550ab6616088807a47e0eb0410433b7,019010d64fe47d89c81bfaedafd458f1d886025bb34292c0c32eafcfa4392657,DS-000032,未限定,DQ-STRUCT-001,结构解析异常汇总,0,0.000000,低,已执行,ab289801a491f6ee89d376cbd5cf2e1d1d13b42b5574d36cf194215e62b3dc0f,仅记录，不修改原始数据
audit-20260728T230058+0800,dq-rules-1.0,79579fff3c04192841d87515a8af667e4550ab6616088807a47e0eb0410433b7,019010d64fe47d89c81bfaedafd458f1d886025bb34292c0c32eafcfa4392657,DS-000033,未限定,DQ-STRUCT-001,结构解析异常汇总,0,0.000000,低,已执行,f46e25c45f794e3efefea1712f235dbdf77594169ee4eafeb0ee472b719ed310,仅记录，不修改原始数据
audit-20260728T230058+0800,dq-rules-1.0,79579fff3c04192841d87515a8af667e4550ab6616088807a47e0eb0410433b7,019010d64fe47d89c81bfaedafd458f1d886025bb34292c0c32eafcfa4392657,DS-000034,未限定,DQ-STRUCT-001,结构解析异常汇总,0,0.000000,低,已执行,80dc3db89e4c6e5eb9f7c988c2100e65418cb96dce5984f16279f6d6a5b98261,仅记录，不修改原始数据
audit-20260728T230058+0800,dq-rules-1.0,79579fff3c04192841d87515a8af667e4550ab6616088807a47e0eb0410433b7,019010d64fe47d89c81bfaedafd458f1d886025bb34292c0c32eafcfa4392657,DS-000035,未限定,DQ-STRUCT-001,结构解析异常汇总,0,0.000000,低,已执行,97fad592a420f8a2c9fb71911dbcea033cbcafe67f3fd992bb72256a5928a799,仅记录，不修改原始数据
audit-20260728T230058+0800,dq-rules-1.0,79579fff3c04192841d87515a8af667e4550ab6616088807a47e0eb0410433b7,019010d64fe47d89c81bfaedafd458f1d886025bb34292c0c32eafcfa4392657,DS-000036,未限定,DQ-STRUCT-001,结构解析异常汇总,0,0.000000,低,已执行,b9604051e41e7f6c8c80a009f0642e442933f59e07695968686386e8d214e99f,仅记录，不修改原始数据
audit-20260728T230058+0800,dq-rules-1.0,79579fff3c04192841d87515a8af667e4550ab6616088807a47e0eb0410433b7,019010d64fe47d89c81bfaedafd458f1d886025bb34292c0c32eafcfa4392657,DS-000037,未限定,DQ-STRUCT-001,结构解析异常汇总,0,0.000000,低,已执行,e261964fa9cec0ed88502531c00e0a6230ef08ed6a2aecdb04e334f7491b9404,仅记录，不修改原始数据
audit-20260728T230058+0800,dq-rules-1.0,79579fff3c04192841d87515a8af667e4550ab6616088807a47e0eb0410433b7,019010d64fe47d89c81bfaedafd458f1d886025bb34292c0c32eafcfa4392657,DS-000038,未限定,DQ-STRUCT-001,结构解析异常汇总,0,0.000000,低,已执行,4d539fad55ac1104d06c607bb3435cc13faed1b909beb4ef7cfdc4b60d359da3,仅记录，不修改原始数据
audit-20260728T230058+0800,dq-rules-1.0,79579fff3c04192841d87515a8af667e4550ab6616088807a47e0eb0410433b7,019010d64fe47d89c81bfaedafd458f1d886025bb34292c0c32eafcfa4392657,DS-000039,未限定,DQ-STRUCT-001,结构解析异常汇总,0,0.000000,低,已执行,ac9cc8cc159d7eb0a3c58ba73baafe4b823cd1a37686aeaffc496ed14aa68c85,仅记录，不修改原始数据
audit-20260728T230058+0800,dq-rules-1.0,79579fff3c04192841d87515a8af667e4550ab6616088807a47e0eb0410433b7,019010d64fe47d89c81bfaedafd458f1d886025bb34292c0c32eafcfa4392657,DS-000040,未限定,DQ-STRUCT-001,结构解析异常汇总,0,0.000000,低,已执行,3ea85824157f28078d58329b1786b9cd64d8174017a1138b318f6177c3ac84aa,仅记录，不修改原始数据
audit-20260728T230058+0800,dq-rules-1.0,79579fff3c04192841d87515a8af667e4550ab6616088807a47e0eb0410433b7,019010d64fe47d89c81bfaedafd458f1d886025bb34292c0c32eafcfa4392657,DS-000041,未限定,DQ-STRUCT-001,结构解析异常汇总,0,0.000000,低,已执行,2b9f9a18d765961d3352c1f1394412231022f2e181bca138a6b0c90035da9b3a,仅记录，不修改原始数据
audit-20260728T230058+0800,dq-rules-1.0,79579fff3c04192841d87515a8af667e4550ab6616088807a47e0eb0410433b7,019010d64fe47d89c81bfaedafd458f1d886025bb34292c0c32eafcfa4392657,DS-000042,未限定,DQ-STRUCT-001,结构解析异常汇总,0,0.000000,低,已执行,6ecdab85624fbfffc6da12e9241d8c89850c689db9ffbc0be8b09630113b8194,仅记录，不修改原始数据
audit-20260728T230058+0800,dq-rules-1.0,79579fff3c04192841d87515a8af667e4550ab6616088807a47e0eb0410433b7,019010d64fe47d89c81bfaedafd458f1d886025bb34292c0c32eafcfa4392657,DS-000043,BTC,DQ-STRUCT-001,结构解析异常汇总,0,0.000000,低,已执行,a504afb369ac8d45656280fa452f7d7df4a6662b83d9e921fc0b4e06e6cdf958,仅记录，不修改原始数据
audit-20260728T230058+0800,dq-rules-1.0,79579fff3c04192841d87515a8af667e4550ab6616088807a47e0eb0410433b7,019010d64fe47d89c81bfaedafd458f1d886025bb34292c0c32eafcfa4392657,DS-000044,BTC,DQ-STRUCT-001,结构解析异常汇总,0,0.000000,低,已执行,42e812cbedb2560f9be381b90e45b0bb0f7e331bdc49914e2fb8bbe2e4d0f029,仅记录，不修改原始数据
audit-20260728T230058+0800,dq-rules-1.0,79579fff3c04192841d87515a8af667e4550ab6616088807a47e0eb0410433b7,019010d64fe47d89c81bfaedafd458f1d886025bb34292c0c32eafcfa4392657,DS-000045,BTC,DQ-STRUCT-001,结构解析异常汇总,0,0.000000,低,已执行,549271b7ba675b2cfdd11191248cadf7287d2477408e59884cf2852286f78c47,仅记录，不修改原始数据
audit-20260728T230058+0800,dq-rules-1.0,79579fff3c04192841d87515a8af667e4550ab6616088807a47e0eb0410433b7,019010d64fe47d89c81bfaedafd458f1d886025bb34292c0c32eafcfa4392657,DS-000046,BTC,DQ-STRUCT-001,结构解析异常汇总,0,0.000000,低,已执行,520764fcbb900763ad4b1a86fb88e48de96bd17640ca3a43358445089c5f881c,仅记录，不修改原始数据
audit-20260728T230058+0800,dq-rules-1.0,79579fff3c04192841d87515a8af667e4550ab6616088807a47e0eb0410433b7,019010d64fe47d89c81bfaedafd458f1d886025bb34292c0c32eafcfa4392657,DS-000047,BTC,DQ-STRUCT-001,结构解析异常汇总,0,0.000000,低,已执行,cc239ff94f23243c2148782051fc1c14eac0f73a5a5c04af4c7b4d63a53725a2,仅记录，不修改原始数据
audit-20260728T230058+0800,dq-rules-1.0,79579fff3c04192841d87515a8af667e4550ab6616088807a47e0eb0410433b7,019010d64fe47d89c81bfaedafd458f1d886025bb34292c0c32eafcfa4392657,DS-000048,BTC,DQ-STRUCT-001,结构解析异常汇总,0,0.000000,低,已执行,37439d6949b36f060612e2b65af15ded0da04bd144b0e9396d67ea135375a351,仅记录，不修改原始数据
audit-20260728T230058+0800,dq-rules-1.0,79579fff3c04192841d87515a8af667e4550ab6616088807a47e0eb0410433b7,019010d64fe47d89c81bfaedafd458f1d886025bb34292c0c32eafcfa4392657,DS-000049,BTC,DQ-STRUCT-001,结构解析异常汇总,0,0.000000,低,已执行,2c5401ec4a844df111632db13584ba3923bcae0f1e4eb91f24237c6201a72366,仅记录，不修改原始数据
audit-20260728T230058+0800,dq-rules-1.0,79579fff3c04192841d87515a8af667e4550ab6616088807a47e0eb0410433b7,019010d64fe47d89c81bfaedafd458f1d886025bb34292c0c32eafcfa4392657,DS-000050,BTC,DQ-STRUCT-001,结构解析异常汇总,0,0.000000,低,已执行,eff3c6cbf6610cef8bafb761065a89737da85e8f7667d6cffa34c3649b04dae5,仅记录，不修改原始数据
audit-20260728T230058+0800,dq-rules-1.0,79579fff3c04192841d87515a8af667e4550ab6616088807a47e0eb0410433b7,019010d64fe47d89c81bfaedafd458f1d886025bb34292c0c32eafcfa4392657,DS-000051,BTC,DQ-STRUCT-001,结构解析异常汇总,0,0.000000,低,已执行,ad61ffb64ba66e026e27f1766f87803c0561a9725d8adc291f45c78290aca971,仅记录，不修改原始数据
audit-20260728T230058+0800,dq-rules-1.0,79579fff3c04192841d87515a8af667e4550ab6616088807a47e0eb0410433b7,019010d64fe47d89c81bfaedafd458f1d886025bb34292c0c32eafcfa4392657,DS-000052,BTC,DQ-STRUCT-001,结构解析异常汇总,0,0.000000,低,已执行,9eb6a3ed3ec4470a8319cd8db65b00eb32e9e18308a8d2e77b5ebf8001e095d6,仅记录，不修改原始数据
audit-20260728T230058+0800,dq-rules-1.0,79579fff3c04192841d87515a8af667e4550ab6616088807a47e0eb0410433b7,019010d64fe47d89c81bfaedafd458f1d886025bb34292c0c32eafcfa4392657,DS-000053,BTC,DQ-STRUCT-001,结构解析异常汇总,0,0.000000,低,已执行,eea2afe532363a4304fdf582c756eedf305713fb468e0dd10b2d809bb4052fbb,仅记录，不修改原始数据
audit-20260728T230058+0800,dq-rules-1.0,79579fff3c04192841d87515a8af667e4550ab6616088807a47e0eb0410433b7,019010d64fe47d89c81bfaedafd458f1d886025bb34292c0c32eafcfa4392657,DS-000054,BTC,DQ-STRUCT-001,结构解析异常汇总,0,0.000000,低,已执行,479c8f02d5143b653cb0f31b91d52c1f557efc95f93f64a204acebf2997f65d0,仅记录，不修改原始数据
audit-20260728T230058+0800,dq-rules-1.0,79579fff3c04192841d87515a8af667e4550ab6616088807a47e0eb0410433b7,019010d64fe47d89c81bfaedafd458f1d886025bb34292c0c32eafcfa4392657,DS-000055,BTC,DQ-STRUCT-001,结构解析异常汇总,0,0.000000,低,已执行,80edbb22be36417213ecba1eed36e197e3e862dfbd9c774c56d32d3492b9b37c,仅记录，不修改原始数据
audit-20260728T230058+0800,dq-rules-1.0,79579fff3c04192841d87515a8af667e4550ab6616088807a47e0eb0410433b7,019010d64fe47d89c81bfaedafd458f1d886025bb34292c0c32eafcfa4392657,DS-000056,BTC,DQ-STRUCT-001,结构解析异常汇总,0,0.000000,低,已执行,b310a05159deb90c8dc22e7404f1bdf7b22f51a614c598c7a29d916c1653e699,仅记录，不修改原始数据
audit-20260728T230058+0800,dq-rules-1.0,79579fff3c04192841d87515a8af667e4550ab6616088807a47e0eb0410433b7,019010d64fe47d89c81bfaedafd458f1d886025bb34292c0c32eafcfa4392657,DS-000057,BTC,DQ-STRUCT-001,结构解析异常汇总,0,0.000000,低,已执行,47ba7020bf62885c8d735cea8e94775ecae29c7668f689e7c5360eb39a4c104a,仅记录，不修改原始数据
audit-20260728T230058+0800,dq-rules-1.0,79579fff3c04192841d87515a8af667e4550ab6616088807a47e0eb0410433b7,019010d64fe47d89c81bfaedafd458f1d886025bb34292c0c32eafcfa4392657,DS-000058,BTC,DQ-STRUCT-001,结构解析异常汇总,0,0.000000,低,已执行,bb7e92009a2ee058d6e0c5f93d328c33570352835208207258abb65ff182e0ad,仅记录，不修改原始数据
audit-20260728T230058+0800,dq-rules-1.0,79579fff3c04192841d87515a8af667e4550ab6616088807a47e0eb0410433b7,019010d64fe47d89c81bfaedafd458f1d886025bb34292c0c32eafcfa4392657,DS-000059,BTC,DQ-STRUCT-001,结构解析异常汇总,0,0.000000,低,已执行,87cdb65f014c974e44b9e9b5cca290e8a770d74a52f10e7e6228af07e99895fa,仅记录，不修改原始数据
audit-20260728T230058+0800,dq-rules-1.0,79579fff3c04192841d87515a8af667e4550ab6616088807a47e0eb0410433b7,019010d64fe47d89c81bfaedafd458f1d886025bb34292c0c32eafcfa4392657,DS-000060,BTC,DQ-STRUCT-001,结构解析异常汇总,0,0.000000,低,已执行,a26b63988e5dc99a8315d237d22462b881bd4dce41f2845ee7d6d9f61c6baa79,仅记录，不修改原始数据
audit-20260728T230058+0800,dq-rules-1.0,79579fff3c04192841d87515a8af667e4550ab6616088807a47e0eb0410433b7,019010d64fe47d89c81bfaedafd458f1d886025bb34292c0c32eafcfa4392657,DS-000061,BTC,DQ-STRUCT-001,结构解析异常汇总,0,0.000000,低,已执行,170225ebe6298b5f4221740467204878dc2f887f1e4092ad6bb5301c94f0780a,仅记录，不修改原始数据
audit-20260728T230058+0800,dq-rules-1.0,79579fff3c04192841d87515a8af667e4550ab6616088807a47e0eb0410433b7,019010d64fe47d89c81bfaedafd458f1d886025bb34292c0c32eafcfa4392657,DS-000062,BTC,DQ-STRUCT-001,结构解析异常汇总,0,0.000000,低,已执行,dcc87d7ef63c7ee3b4e101adbec87fcc306164e7bdce5f3960f9754fd68371bb,仅记录，不修改原始数据
audit-20260728T230058+0800,dq-rules-1.0,79579fff3c04192841d87515a8af667e4550ab6616088807a47e0eb0410433b7,019010d64fe47d89c81bfaedafd458f1d886025bb34292c0c32eafcfa4392657,DS-000063,BTC,DQ-STRUCT-001,结构解析异常汇总,0,0.000000,低,已执行,c72444a4cf5a5aaf80179f0fbd3088870ccddde24bb7d0abf78e29169d01f03c,仅记录，不修改原始数据
audit-20260728T230058+0800,dq-rules-1.0,79579fff3c04192841d87515a8af667e4550ab6616088807a47e0eb0410433b7,019010d64fe47d89c81bfaedafd458f1d886025bb34292c0c32eafcfa4392657,DS-000064,BTC,DQ-STRUCT-001,结构解析异常汇总,0,0.000000,低,已执行,f3321bc087dcde90caeadc1125d7018116159c28e5ca10e3025959859ff5d348,仅记录，不修改原始数据
audit-20260728T230058+0800,dq-rules-1.0,79579fff3c04192841d87515a8af667e4550ab6616088807a47e0eb0410433b7,019010d64fe47d89c81bfaedafd458f1d886025bb34292c0c32eafcfa4392657,DS-000065,BTC,DQ-STRUCT-001,结构解析异常汇总,0,0.000000,低,已执行,181261baa93019a74f507c83f0c6838136f75d2bc3080dae0df54f815d1d2768,仅记录，不修改原始数据
audit-20260728T230058+0800,dq-rules-1.0,79579fff3c04192841d87515a8af667e4550ab6616088807a47e0eb0410433b7,019010d64fe47d89c81bfaedafd458f1d886025bb34292c0c32eafcfa4392657,DS-000066,BTC,DQ-STRUCT-001,结构解析异常汇总,0,0.000000,低,已执行,02102d931b40676b8075af5829f0ffaa8fa2832a57fd1952387bd7afa116553a,仅记录，不修改原始数据
audit-20260728T230058+0800,dq-rules-1.0,79579fff3c04192841d87515a8af667e4550ab6616088807a47e0eb0410433b7,019010d64fe47d89c81bfaedafd458f1d886025bb34292c0c32eafcfa4392657,DS-000067,BTC,DQ-STRUCT-001,结构解析异常汇总,0,0.000000,低,已执行,d58b29a795518923367af5560ea3ccf836d0c032a40363a62c9637fd2a9713a5,仅记录，不修改原始数据
audit-20260728T230058+0800,dq-rules-1.0,79579fff3c04192841d87515a8af667e4550ab6616088807a47e0eb0410433b7,019010d64fe47d89c81bfaedafd458f1d886025bb34292c0c32eafcfa4392657,DS-000068,BTC,DQ-STRUCT-001,结构解析异常汇总,0,0.000000,低,已执行,81c701840169720edd0611eb8c5b527dfe9a24ed2b8e811279b5c2b56d17a530,仅记录，不修改原始数据
audit-20260728T230058+0800,dq-rules-1.0,79579fff3c04192841d87515a8af667e4550ab6616088807a47e0eb0410433b7,019010d64fe47d89c81bfaedafd458f1d886025bb34292c0c32eafcfa4392657,DS-000069,BTC,DQ-STRUCT-001,结构解析异常汇总,0,0.000000,低,已执行,c1d2bba1ced35b94af9f5e1932ad5eb77de215d3d5c8e7db40e2c8484e8e799a,仅记录，不修改原始数据
audit-20260728T230058+0800,dq-rules-1.0,79579fff3c04192841d87515a8af667e4550ab6616088807a47e0eb0410433b7,019010d64fe47d89c81bfaedafd458f1d886025bb34292c0c32eafcfa4392657,DS-000070,BTC,DQ-STRUCT-001,结构解析异常汇总,0,0.000000,低,已执行,f6d96cff28d7dc3eb277c59d2fbbe3d7d8451813cd42f366aabe45995a157703,仅记录，不修改原始数据
audit-20260728T230058+0800,dq-rules-1.0,79579fff3c04192841d87515a8af667e4550ab6616088807a47e0eb0410433b7,019010d64fe47d89c81bfaedafd458f1d886025bb34292c0c32eafcfa4392657,DS-000071,BTC,DQ-STRUCT-001,结构解析异常汇总,0,0.000000,低,已执行,bc0b9b56c78d47ab82fe930be208e9662662d74d47b8f9d4cdf6eb84a5f1e560,仅记录，不修改原始数据
audit-20260728T230058+0800,dq-rules-1.0,79579fff3c04192841d87515a8af667e4550ab6616088807a47e0eb0410433b7,019010d64fe47d89c81bfaedafd458f1d886025bb34292c0c32eafcfa4392657,DS-000072,BTC,DQ-STRUCT-001,结构解析异常汇总,0,0.000000,低,已执行,bbc5d8d8f3413c4adf7f84994217f8c1a287bf4e586b07e7959c852ae6a0e284,仅记录，不修改原始数据
audit-20260728T230058+0800,dq-rules-1.0,79579fff3c04192841d87515a8af667e4550ab6616088807a47e0eb0410433b7,019010d64fe47d89c81bfaedafd458f1d886025bb34292c0c32eafcfa4392657,DS-000073,BTC,DQ-STRUCT-001,结构解析异常汇总,0,0.000000,低,已执行,6c46621a0198d89906de33e436a0c0dd2b401b0620b0e8f1edabe6642a5d3236,仅记录，不修改原始数据
audit-20260728T230058+0800,dq-rules-1.0,79579fff3c04192841d87515a8af667e4550ab6616088807a47e0eb0410433b7,019010d64fe47d89c81bfaedafd458f1d886025bb34292c0c32eafcfa4392657,DS-000074,BTC,DQ-STRUCT-001,结构解析异常汇总,0,0.000000,低,已执行,9591632a3a9fc7003333168c783f6395116dcd2581322efcea654afb27964399,仅记录，不修改原始数据
audit-20260728T230058+0800,dq-rules-1.0,79579fff3c04192841d87515a8af667e4550ab6616088807a47e0eb0410433b7,019010d64fe47d89c81bfaedafd458f1d886025bb34292c0c32eafcfa4392657,DS-000075,BTC,DQ-STRUCT-001,结构解析异常汇总,0,0.000000,低,已执行,4064c89d77ec184626f4cee77b629e4b2d3c1e30ada8663ea6e24d499c1ba668,仅记录，不修改原始数据
audit-20260728T230058+0800,dq-rules-1.0,79579fff3c04192841d87515a8af667e4550ab6616088807a47e0eb0410433b7,019010d64fe47d89c81bfaedafd458f1d886025bb34292c0c32eafcfa4392657,DS-000076,BTC,DQ-STRUCT-001,结构解析异常汇总,0,0.000000,低,已执行,0a4c2da057d28ad5942a89c6ae7c8761a3fee9d03ad2d546a20e688222fc13c2,仅记录，不修改原始数据
audit-20260728T230058+0800,dq-rules-1.0,79579fff3c04192841d87515a8af667e4550ab6616088807a47e0eb0410433b7,019010d64fe47d89c81bfaedafd458f1d886025bb34292c0c32eafcfa4392657,DS-000077,BTC,DQ-STRUCT-001,结构解析异常汇总,0,0.000000,低,已执行,aaf4b0cbef4c77ecbeb7fd81456e9fbcbe7320bc5c228768afd81b891c17783f,仅记录，不修改原始数据
audit-20260728T230058+0800,dq-rules-1.0,79579fff3c04192841d87515a8af667e4550ab6616088807a47e0eb0410433b7,019010d64fe47d89c81bfaedafd458f1d886025bb34292c0c32eafcfa4392657,DS-000078,BTC,DQ-STRUCT-001,结构解析异常汇总,0,0.000000,低,已执行,0d105df728c0ca80c1d2b69461dae5d484a5efe960844b61a164abe5e07290db,仅记录，不修改原始数据
audit-20260728T230058+0800,dq-rules-1.0,79579fff3c04192841d87515a8af667e4550ab6616088807a47e0eb0410433b7,019010d64fe47d89c81bfaedafd458f1d886025bb34292c0c32eafcfa4392657,DS-000079,BTC,DQ-STRUCT-001,结构解析异常汇总,0,0.000000,低,已执行,7753e8c15511b9c6b7d642d394bd74122a015910ac82da7dde488ef518b6190d,仅记录，不修改原始数据
audit-20260728T230058+0800,dq-rules-1.0,79579fff3c04192841d87515a8af667e4550ab6616088807a47e0eb0410433b7,019010d64fe47d89c81bfaedafd458f1d886025bb34292c0c32eafcfa4392657,DS-000080,未限定,DQ-STRUCT-001,结构解析异常汇总,0,0.000000,低,已执行,83f1b76c8ac6646b84d1c4cd5e5830c449993cbbb931165a8d139df71e692bef,仅记录，不修改原始数据
audit-20260728T230058+0800,dq-rules-1.0,79579fff3c04192841d87515a8af667e4550ab6616088807a47e0eb0410433b7,019010d64fe47d89c81bfaedafd458f1d886025bb34292c0c32eafcfa4392657,DS-000081,未限定,DQ-STRUCT-001,结构解析异常汇总,0,0.000000,低,已执行,400b044a13cae5c40a438d2d1aa28a09707630aac3ffeb2feda268508021282d,仅记录，不修改原始数据
audit-20260728T230058+0800,dq-rules-1.0,79579fff3c04192841d87515a8af667e4550ab6616088807a47e0eb0410433b7,019010d64fe47d89c81bfaedafd458f1d886025bb34292c0c32eafcfa4392657,DS-000082,未限定,DQ-STRUCT-001,结构解析异常汇总,0,0.000000,低,已执行,3b43c626b0382b453b3fa97b8cedb34b957417710804c43695f8e86cf0382444,仅记录，不修改原始数据
audit-20260728T230058+0800,dq-rules-1.0,79579fff3c04192841d87515a8af667e4550ab6616088807a47e0eb0410433b7,019010d64fe47d89c81bfaedafd458f1d886025bb34292c0c32eafcfa4392657,DS-000083,未限定,DQ-STRUCT-001,结构解析异常汇总,0,0.000000,低,已执行,1ca3beb7e6ce50dbe838604a6cb882972c94210725ecf0fdf153faea5c529dec,仅记录，不修改原始数据
audit-20260728T230058+0800,dq-rules-1.0,79579fff3c04192841d87515a8af667e4550ab6616088807a47e0eb0410433b7,019010d64fe47d89c81bfaedafd458f1d886025bb34292c0c32eafcfa4392657,DS-000084,未限定,DQ-STRUCT-001,结构解析异常汇总,0,0.000000,低,已执行,4ba44736adf9c6814215b277b0d008ab03c033aed0960abc95310da80332c435,仅记录，不修改原始数据
audit-20260728T230058+0800,dq-rules-1.0,79579fff3c04192841d87515a8af667e4550ab6616088807a47e0eb0410433b7,019010d64fe47d89c81bfaedafd458f1d886025bb34292c0c32eafcfa4392657,DS-000085,未限定,DQ-STRUCT-001,结构解析异常汇总,0,0.000000,低,已执行,b2c2923ee85ba4751e3e4e6a44fae2c5add0dd40da1f819b21f84989bb59f45c,仅记录，不修改原始数据
audit-20260728T230058+0800,dq-rules-1.0,79579fff3c04192841d87515a8af667e4550ab6616088807a47e0eb0410433b7,019010d64fe47d89c81bfaedafd458f1d886025bb34292c0c32eafcfa4392657,DS-000086,未限定,DQ-STRUCT-001,结构解析异常汇总,0,0.000000,低,已执行,1289150d63cc6da56b158c353d04c8aa0445a68b131abb7b6c3bb71507a86857,仅记录，不修改原始数据
audit-20260728T230058+0800,dq-rules-1.0,79579fff3c04192841d87515a8af667e4550ab6616088807a47e0eb0410433b7,019010d64fe47d89c81bfaedafd458f1d886025bb34292c0c32eafcfa4392657,DS-000087,未限定,DQ-STRUCT-001,结构解析异常汇总,0,0.000000,低,已执行,bd1de82eb314d9cee7c0ec166babf6ce2e9b038d2f9915e4dd62a8a04c3cf210,仅记录，不修改原始数据
audit-20260728T230058+0800,dq-rules-1.0,79579fff3c04192841d87515a8af667e4550ab6616088807a47e0eb0410433b7,019010d64fe47d89c81bfaedafd458f1d886025bb34292c0c32eafcfa4392657,DS-000088,未限定,DQ-STRUCT-001,结构解析异常汇总,0,0.000000,低,已执行,6229c5d620da9d6fdc509028dede0d2e2b1333d84a0332226cb9c9cf6f121fd7,仅记录，不修改原始数据
audit-20260728T230058+0800,dq-rules-1.0,79579fff3c04192841d87515a8af667e4550ab6616088807a47e0eb0410433b7,019010d64fe47d89c81bfaedafd458f1d886025bb34292c0c32eafcfa4392657,DS-000089,未限定,DQ-STRUCT-001,结构解析异常汇总,0,0.000000,低,已执行,fb0384b36da75a161848ad9dff7add3302bb0b92848ca6ce22b40317a220b2b0,仅记录，不修改原始数据
audit-20260728T230058+0800,dq-rules-1.0,79579fff3c04192841d87515a8af667e4550ab6616088807a47e0eb0410433b7,019010d64fe47d89c81bfaedafd458f1d886025bb34292c0c32eafcfa4392657,DS-000090,未限定,DQ-STRUCT-001,结构解析异常汇总,0,0.000000,低,已执行,852d29b4e6be99c5340f4e3be0b49d0a620bfacd62954170b80d7bd4e13060a2,仅记录，不修改原始数据
audit-20260728T230058+0800,dq-rules-1.0,79579fff3c04192841d87515a8af667e4550ab6616088807a47e0eb0410433b7,019010d64fe47d89c81bfaedafd458f1d886025bb34292c0c32eafcfa4392657,DS-000091,未限定,DQ-STRUCT-001,结构解析异常汇总,0,0.000000,低,已执行,2e1ab3a89e552e747e2d156f3c88c591c41d444d8860bb94ffd2555e65b78f6c,仅记录，不修改原始数据
audit-20260728T230058+0800,dq-rules-1.0,79579fff3c04192841d87515a8af667e4550ab6616088807a47e0eb0410433b7,019010d64fe47d89c81bfaedafd458f1d886025bb34292c0c32eafcfa4392657,DS-000092,未限定,DQ-STRUCT-001,结构解析异常汇总,0,0.000000,低,已执行,a23be1daa19c33731e26303692fc417bda65e0516374bf1730a902ea8c378862,仅记录，不修改原始数据
audit-20260728T230058+0800,dq-rules-1.0,79579fff3c04192841d87515a8af667e4550ab6616088807a47e0eb0410433b7,019010d64fe47d89c81bfaedafd458f1d886025bb34292c0c32eafcfa4392657,DS-000093,未限定,DQ-STRUCT-001,结构解析异常汇总,0,0.000000,低,已执行,c0b9baa8dc82b602e01d964e62e03a4f2640ebc9998766f206dc16d1e8b00570,仅记录，不修改原始数据
audit-20260728T230058+0800,dq-rules-1.0,79579fff3c04192841d87515a8af667e4550ab6616088807a47e0eb0410433b7,019010d64fe47d89c81bfaedafd458f1d886025bb34292c0c32eafcfa4392657,DS-000094,未限定,DQ-STRUCT-001,结构解析异常汇总,0,0.000000,低,已执行,a02a712481f19b3df1e2b56a5defa616b21b5d321b006ba784d10896812a0aab,仅记录，不修改原始数据
audit-20260728T230058+0800,dq-rules-1.0,79579fff3c04192841d87515a8af667e4550ab6616088807a47e0eb0410433b7,019010d64fe47d89c81bfaedafd458f1d886025bb34292c0c32eafcfa4392657,DS-000095,未限定,DQ-STRUCT-001,结构解析异常汇总,0,0.000000,低,已执行,ccc0f60cc725f3fa5fb38c66aea3897c18a47785d5495d8b2b4ab14fcdf413ef,仅记录，不修改原始数据
audit-20260728T230058+0800,dq-rules-1.0,79579fff3c04192841d87515a8af667e4550ab6616088807a47e0eb0410433b7,019010d64fe47d89c81bfaedafd458f1d886025bb34292c0c32eafcfa4392657,DS-000096,未限定,DQ-STRUCT-001,结构解析异常汇总,0,0.000000,低,已执行,08fc6e9dd2a5b2999559a1b373e5749e50c384de6a5f6b6e509a5db786a42bd4,仅记录，不修改原始数据
audit-20260728T230058+0800,dq-rules-1.0,79579fff3c04192841d87515a8af667e4550ab6616088807a47e0eb0410433b7,019010d64fe47d89c81bfaedafd458f1d886025bb34292c0c32eafcfa4392657,DS-000097,未限定,DQ-STRUCT-001,结构解析异常汇总,0,0.000000,低,已执行,341d57c1d7324fe0faf17fc079083879b5d9e35d96ac077f2def957435535ddb,仅记录，不修改原始数据
audit-20260728T230058+0800,dq-rules-1.0,79579fff3c04192841d87515a8af667e4550ab6616088807a47e0eb0410433b7,019010d64fe47d89c81bfaedafd458f1d886025bb34292c0c32eafcfa4392657,DS-000098,未限定,DQ-STRUCT-001,结构解析异常汇总,0,0.000000,低,已执行,cd218da4eebaa6a476a880d5687c8a35e75fb1a66a8155f11260849faaeb18bb,仅记录，不修改原始数据
audit-20260728T230058+0800,dq-rules-1.0,79579fff3c04192841d87515a8af667e4550ab6616088807a47e0eb0410433b7,019010d64fe47d89c81bfaedafd458f1d886025bb34292c0c32eafcfa4392657,DS-000099,未限定,DQ-STRUCT-001,结构解析异常汇总,0,0.000000,低,已执行,296959329c7e805acc4513890709fd2ecddda20f48c153db817921b65ef0026e,仅记录，不修改原始数据
audit-20260728T230058+0800,dq-rules-1.0,79579fff3c04192841d87515a8af667e4550ab6616088807a47e0eb0410433b7,019010d64fe47d89c81bfaedafd458f1d886025bb34292c0c32eafcfa4392657,DS-000100,未限定,DQ-STRUCT-001,结构解析异常汇总,0,0.000000,低,已执行,3d3773ee77deb52e15a96f714ecb24e61414a6522edfeb9c73e051c59969f734,仅记录，不修改原始数据
audit-20260728T230058+0800,dq-rules-1.0,79579fff3c04192841d87515a8af667e4550ab6616088807a47e0eb0410433b7,019010d64fe47d89c81bfaedafd458f1d886025bb34292c0c32eafcfa4392657,DS-000101,未限定,DQ-STRUCT-001,结构解析异常汇总,0,0.000000,低,已执行,350a61568bdfee00a2aaa307bd31d4d8ef26d6b8b3c236ee4ae533294e174ccc,仅记录，不修改原始数据
audit-20260728T230058+0800,dq-rules-1.0,79579fff3c04192841d87515a8af667e4550ab6616088807a47e0eb0410433b7,019010d64fe47d89c81bfaedafd458f1d886025bb34292c0c32eafcfa4392657,DS-000102,未限定,DQ-STRUCT-001,结构解析异常汇总,0,0.000000,低,已执行,e29ce8a0d121f9f994d6a7608d6195eca98b84dd1d8d9a141497f74c320983ad,仅记录，不修改原始数据
audit-20260728T230058+0800,dq-rules-1.0,79579fff3c04192841d87515a8af667e4550ab6616088807a47e0eb0410433b7,019010d64fe47d89c81bfaedafd458f1d886025bb34292c0c32eafcfa4392657,DS-000103,未限定,DQ-STRUCT-001,结构解析异常汇总,0,0.000000,低,已执行,2c2d8d93a68679c08c012168c85e79a50acbed047087dd255f81a35cdb270a07,仅记录，不修改原始数据
audit-20260728T230058+0800,dq-rules-1.0,79579fff3c04192841d87515a8af667e4550ab6616088807a47e0eb0410433b7,019010d64fe47d89c81bfaedafd458f1d886025bb34292c0c32eafcfa4392657,DS-000104,未限定,DQ-STRUCT-001,结构解析异常汇总,0,0.000000,低,已执行,9ae21bc03005135fc91f2ea28a19c4fd69e24b7b56bbb77f09d440203f43f740,仅记录，不修改原始数据
audit-20260728T230058+0800,dq-rules-1.0,79579fff3c04192841d87515a8af667e4550ab6616088807a47e0eb0410433b7,019010d64fe47d89c81bfaedafd458f1d886025bb34292c0c32eafcfa4392657,DS-000105,未限定,DQ-STRUCT-001,结构解析异常汇总,0,0.000000,低,已执行,34881b0c8ff249e75eaf102ad377765321997dbf19afd6ea0b28942538da3cd7,仅记录，不修改原始数据
audit-20260728T230058+0800,dq-rules-1.0,79579fff3c04192841d87515a8af667e4550ab6616088807a47e0eb0410433b7,019010d64fe47d89c81bfaedafd458f1d886025bb34292c0c32eafcfa4392657,DS-000106,未限定,DQ-STRUCT-001,结构解析异常汇总,0,0.000000,低,已执行,899d3cc9b5ca5c0c46647a70972fffc04b20da971ff6fb57e09647caa2a83a52,仅记录，不修改原始数据
audit-20260728T230058+0800,dq-rules-1.0,79579fff3c04192841d87515a8af667e4550ab6616088807a47e0eb0410433b7,019010d64fe47d89c81bfaedafd458f1d886025bb34292c0c32eafcfa4392657,DS-000107,未限定,DQ-STRUCT-001,结构解析异常汇总,0,0.000000,低,已执行,2c79d82634e5bb3dc3ec22d84cd96e6eeb2b25030d2d5840a5a787788aa66fbc,仅记录，不修改原始数据
audit-20260728T230058+0800,dq-rules-1.0,79579fff3c04192841d87515a8af667e4550ab6616088807a47e0eb0410433b7,019010d64fe47d89c81bfaedafd458f1d886025bb34292c0c32eafcfa4392657,DS-000108,未限定,DQ-STRUCT-001,结构解析异常汇总,0,0.000000,低,已执行,4fe9e0afe80eb7ced64cbe026d2b8f7f5a08312a8839cb38c6f487d1cb728265,仅记录，不修改原始数据
audit-20260728T230058+0800,dq-rules-1.0,79579fff3c04192841d87515a8af667e4550ab6616088807a47e0eb0410433b7,019010d64fe47d89c81bfaedafd458f1d886025bb34292c0c32eafcfa4392657,DS-000109,未限定,DQ-STRUCT-001,结构解析异常汇总,0,0.000000,低,已执行,2e8e801bf5ceca6db302a5be5f9a3064809129103632bfffc1eb1877f32b5860,仅记录，不修改原始数据
audit-20260728T230058+0800,dq-rules-1.0,79579fff3c04192841d87515a8af667e4550ab6616088807a47e0eb0410433b7,019010d64fe47d89c81bfaedafd458f1d886025bb34292c0c32eafcfa4392657,DS-000110,未限定,DQ-STRUCT-001,结构解析异常汇总,0,0.000000,低,已执行,7b290b11004ed6a7aee0a696b004ba63f7e32572e49e809ce190861b90eecd62,仅记录，不修改原始数据
audit-20260728T230058+0800,dq-rules-1.0,79579fff3c04192841d87515a8af667e4550ab6616088807a47e0eb0410433b7,019010d64fe47d89c81bfaedafd458f1d886025bb34292c0c32eafcfa4392657,DS-000111,未限定,DQ-STRUCT-001,结构解析异常汇总,0,0.000000,低,已执行,16caf1e1ee868d6300e0f4207c4f8a981543208658ce7b1e881bf79f8f357bf5,仅记录，不修改原始数据
audit-20260728T230058+0800,dq-rules-1.0,79579fff3c04192841d87515a8af667e4550ab6616088807a47e0eb0410433b7,019010d64fe47d89c81bfaedafd458f1d886025bb34292c0c32eafcfa4392657,DS-000112,未限定,DQ-STRUCT-001,结构解析异常汇总,0,0.000000,低,已执行,098b801ed30b4993a98ed9d89ba4b54a68998faae37bf911e0f29e181aca0d4d,仅记录，不修改原始数据
audit-20260728T230058+0800,dq-rules-1.0,79579fff3c04192841d87515a8af667e4550ab6616088807a47e0eb0410433b7,019010d64fe47d89c81bfaedafd458f1d886025bb34292c0c32eafcfa4392657,DS-000113,未限定,DQ-STRUCT-001,结构解析异常汇总,0,0.000000,低,已执行,6eb56bac50a855f818370db55b1f2c20385ea8efb48189435326b0e1cbc875e4,仅记录，不修改原始数据
audit-20260728T230058+0800,dq-rules-1.0,79579fff3c04192841d87515a8af667e4550ab6616088807a47e0eb0410433b7,019010d64fe47d89c81bfaedafd458f1d886025bb34292c0c32eafcfa4392657,DS-000114,未限定,DQ-STRUCT-001,结构解析异常汇总,0,0.000000,低,已执行,b3205195ad35b68667b5ad844f06487a716a67554e1720c66cb61871e968d150,仅记录，不修改原始数据
audit-20260728T230058+0800,dq-rules-1.0,79579fff3c04192841d87515a8af667e4550ab6616088807a47e0eb0410433b7,019010d64fe47d89c81bfaedafd458f1d886025bb34292c0c32eafcfa4392657,DS-000115,未限定,DQ-STRUCT-001,结构解析异常汇总,0,0.000000,低,已执行,164fced02ee21fa70a3002383285a27c968e5e0c1f863e8e0a238ff832f75b6a,仅记录，不修改原始数据
audit-20260728T230058+0800,dq-rules-1.0,79579fff3c04192841d87515a8af667e4550ab6616088807a47e0eb0410433b7,019010d64fe47d89c81bfaedafd458f1d886025bb34292c0c32eafcfa4392657,DS-000116,未限定,DQ-STRUCT-001,结构解析异常汇总,0,0.000000,低,已执行,8906f679485a26c9fc748dbca9206fcdc9baec579d2875fc12eb6cdd4f9faf4d,仅记录，不修改原始数据
audit-20260728T230058+0800,dq-rules-1.0,79579fff3c04192841d87515a8af667e4550ab6616088807a47e0eb0410433b7,019010d64fe47d89c81bfaedafd458f1d886025bb34292c0c32eafcfa4392657,DS-000117,未限定,DQ-STRUCT-001,结构解析异常汇总,0,0.000000,低,已执行,7a761eaf4aa26af304157245941a0154ce219f78e7489e2f5b4fb013307a45fc,仅记录，不修改原始数据
audit-20260728T230058+0800,dq-rules-1.0,79579fff3c04192841d87515a8af667e4550ab6616088807a47e0eb0410433b7,019010d64fe47d89c81bfaedafd458f1d886025bb34292c0c32eafcfa4392657,DS-000118,未限定,DQ-STRUCT-001,结构解析异常汇总,0,0.000000,低,已执行,87efaf50be655440c50ee13e62f5da75cd89c164b33615cf127a3cbec8144cea,仅记录，不修改原始数据
audit-20260728T230058+0800,dq-rules-1.0,79579fff3c04192841d87515a8af667e4550ab6616088807a47e0eb0410433b7,019010d64fe47d89c81bfaedafd458f1d886025bb34292c0c32eafcfa4392657,DS-000119,未限定,DQ-STRUCT-001,结构解析异常汇总,0,0.000000,低,已执行,efa6bc90d35405c61e81f0896c106754c00f3a2b1d9f97da6cbe539ab093ea26,仅记录，不修改原始数据
audit-20260728T230058+0800,dq-rules-1.0,79579fff3c04192841d87515a8af667e4550ab6616088807a47e0eb0410433b7,019010d64fe47d89c81bfaedafd458f1d886025bb34292c0c32eafcfa4392657,DS-000120,未限定,DQ-STRUCT-001,结构解析异常汇总,0,0.000000,低,已执行,12fc997d72296d55b68aaa9c8b2e3235917f7a088df5b0688a9368f79cb4b213,仅记录，不修改原始数据
audit-20260728T230058+0800,dq-rules-1.0,79579fff3c04192841d87515a8af667e4550ab6616088807a47e0eb0410433b7,019010d64fe47d89c81bfaedafd458f1d886025bb34292c0c32eafcfa4392657,DS-000121,未限定,DQ-STRUCT-001,结构解析异常汇总,0,0.000000,低,已执行,a4b3e8aee4a009393910ce6792c75c17029bf254de70845264248394dec9e385,仅记录，不修改原始数据
audit-20260728T230058+0800,dq-rules-1.0,79579fff3c04192841d87515a8af667e4550ab6616088807a47e0eb0410433b7,019010d64fe47d89c81bfaedafd458f1d886025bb34292c0c32eafcfa4392657,DS-000122,未限定,DQ-STRUCT-001,结构解析异常汇总,0,0.000000,低,已执行,b0b8027cd790ff38f4f635816ee04954483d975d52e60d608fe033beef2f2639,仅记录，不修改原始数据
audit-20260728T230058+0800,dq-rules-1.0,79579fff3c04192841d87515a8af667e4550ab6616088807a47e0eb0410433b7,019010d64fe47d89c81bfaedafd458f1d886025bb34292c0c32eafcfa4392657,DS-000123,未限定,DQ-STRUCT-001,结构解析异常汇总,0,0.000000,低,已执行,916eb7113215994b71dcdd3e0f4b27c2dbc35eacdacc3cd8ff0970b241331609,仅记录，不修改原始数据
audit-20260728T230058+0800,dq-rules-1.0,79579fff3c04192841d87515a8af667e4550ab6616088807a47e0eb0410433b7,019010d64fe47d89c81bfaedafd458f1d886025bb34292c0c32eafcfa4392657,DS-000124,未限定,DQ-STRUCT-001,结构解析异常汇总,0,0.000000,低,已执行,5ae22cb3c6b97b411795708a0d0f5310fc9190261e4fb03764a9eea76156e566,仅记录，不修改原始数据
audit-20260728T230058+0800,dq-rules-1.0,79579fff3c04192841d87515a8af667e4550ab6616088807a47e0eb0410433b7,019010d64fe47d89c81bfaedafd458f1d886025bb34292c0c32eafcfa4392657,DS-000125,未限定,DQ-STRUCT-001,结构解析异常汇总,0,0.000000,低,已执行,2fcb294cfaca767d56058dcf5ba8489e2936092ea9b244e7c796f7073b5bc64b,仅记录，不修改原始数据
audit-20260728T230058+0800,dq-rules-1.0,79579fff3c04192841d87515a8af667e4550ab6616088807a47e0eb0410433b7,019010d64fe47d89c81bfaedafd458f1d886025bb34292c0c32eafcfa4392657,DS-000126,未限定,DQ-STRUCT-001,结构解析异常汇总,0,0.000000,低,已执行,c0cd9961542abb2aa43f5fc016387cc6da7d8f5cb8ead7afd5b85f3403c0fe83,仅记录，不修改原始数据
audit-20260728T230058+0800,dq-rules-1.0,79579fff3c04192841d87515a8af667e4550ab6616088807a47e0eb0410433b7,019010d64fe47d89c81bfaedafd458f1d886025bb34292c0c32eafcfa4392657,DS-000127,未限定,DQ-STRUCT-001,结构解析异常汇总,0,0.000000,低,已执行,798e2f54eb43a5dccc18dbc0884a56f4f3e14498581b2aa641b64b83e79c3e1a,仅记录，不修改原始数据
audit-20260728T230058+0800,dq-rules-1.0,79579fff3c04192841d87515a8af667e4550ab6616088807a47e0eb0410433b7,019010d64fe47d89c81bfaedafd458f1d886025bb34292c0c32eafcfa4392657,DS-000128,未限定,DQ-STRUCT-001,结构解析异常汇总,0,0.000000,低,已执行,09888b870ee8feef5e7ba03e3f6faf7f21cc889307080618e647542ba9ea2aac,仅记录，不修改原始数据
audit-20260728T230058+0800,dq-rules-1.0,79579fff3c04192841d87515a8af667e4550ab6616088807a47e0eb0410433b7,019010d64fe47d89c81bfaedafd458f1d886025bb34292c0c32eafcfa4392657,DS-000129,未限定,DQ-STRUCT-001,结构解析异常汇总,0,0.000000,低,已执行,6b2ea83b7d2c97da780d01568570406329652099aeae0aefa16086f0be65b219,仅记录，不修改原始数据
audit-20260728T230058+0800,dq-rules-1.0,79579fff3c04192841d87515a8af667e4550ab6616088807a47e0eb0410433b7,019010d64fe47d89c81bfaedafd458f1d886025bb34292c0c32eafcfa4392657,DS-000130,未限定,DQ-STRUCT-001,结构解析异常汇总,0,0.000000,低,已执行,c591cc199d05313ed2183449d82770fb57f158348cfbc2b94063464e9cd29717,仅记录，不修改原始数据
audit-20260728T230058+0800,dq-rules-1.0,79579fff3c04192841d87515a8af667e4550ab6616088807a47e0eb0410433b7,019010d64fe47d89c81bfaedafd458f1d886025bb34292c0c32eafcfa4392657,DS-000131,未限定,DQ-STRUCT-001,结构解析异常汇总,0,0.000000,低,已执行,79893b1efa223a0eb8a72736a99f7e1adefa9384fe9d63ccc2c8b150b98d9d15,仅记录，不修改原始数据
audit-20260728T230058+0800,dq-rules-1.0,79579fff3c04192841d87515a8af667e4550ab6616088807a47e0eb0410433b7,019010d64fe47d89c81bfaedafd458f1d886025bb34292c0c32eafcfa4392657,DS-000132,未限定,DQ-STRUCT-001,结构解析异常汇总,0,0.000000,低,已执行,0d6de280d1576d8ebfe4899b2602e0aeafdeed12e16eb8737c92396d331e519c,仅记录，不修改原始数据
audit-20260728T230058+0800,dq-rules-1.0,79579fff3c04192841d87515a8af667e4550ab6616088807a47e0eb0410433b7,019010d64fe47d89c81bfaedafd458f1d886025bb34292c0c32eafcfa4392657,DS-000133,未限定,DQ-STRUCT-001,结构解析异常汇总,0,0.000000,低,已执行,bd988e00ad7112895088b6c5ad76331895441e662658470284b499974a9906a9,仅记录，不修改原始数据
audit-20260728T230058+0800,dq-rules-1.0,79579fff3c04192841d87515a8af667e4550ab6616088807a47e0eb0410433b7,019010d64fe47d89c81bfaedafd458f1d886025bb34292c0c32eafcfa4392657,DS-000134,未限定,DQ-STRUCT-001,结构解析异常汇总,0,0.000000,低,已执行,ec7df25ec703cde6c053d7b137d203b73ecea4e2a2c11ecb05d0a286d65fe9ee,仅记录，不修改原始数据
audit-20260728T230058+0800,dq-rules-1.0,79579fff3c04192841d87515a8af667e4550ab6616088807a47e0eb0410433b7,019010d64fe47d89c81bfaedafd458f1d886025bb34292c0c32eafcfa4392657,DS-000135,未限定,DQ-STRUCT-001,结构解析异常汇总,0,0.000000,低,已执行,4291e1c07f14664d45b9bca89d9e450fb19514bb1d428eea8806dec76e9c0dff,仅记录，不修改原始数据
audit-20260728T230058+0800,dq-rules-1.0,79579fff3c04192841d87515a8af667e4550ab6616088807a47e0eb0410433b7,019010d64fe47d89c81bfaedafd458f1d886025bb34292c0c32eafcfa4392657,DS-000136,未限定,DQ-STRUCT-001,结构解析异常汇总,0,0.000000,低,已执行,7813ad287a9de145be4a180ae80851d5d71652a4b60a2ad79687c2096701c32f,仅记录，不修改原始数据
audit-20260728T230058+0800,dq-rules-1.0,79579fff3c04192841d87515a8af667e4550ab6616088807a47e0eb0410433b7,019010d64fe47d89c81bfaedafd458f1d886025bb34292c0c32eafcfa4392657,DS-000137,未限定,DQ-STRUCT-001,结构解析异常汇总,0,0.000000,低,已执行,d719a807185a2a65113d6a38e50f32ac5778e0f411bc341b842ebacb6a307d61,仅记录，不修改原始数据
audit-20260728T230058+0800,dq-rules-1.0,79579fff3c04192841d87515a8af667e4550ab6616088807a47e0eb0410433b7,019010d64fe47d89c81bfaedafd458f1d886025bb34292c0c32eafcfa4392657,DS-000138,未限定,DQ-STRUCT-001,结构解析异常汇总,0,0.000000,低,已执行,d5e259afe8c2d9fd67d9aaa62d32c423b0bda1951050570a665b52811beab128,仅记录，不修改原始数据
audit-20260728T230058+0800,dq-rules-1.0,79579fff3c04192841d87515a8af667e4550ab6616088807a47e0eb0410433b7,019010d64fe47d89c81bfaedafd458f1d886025bb34292c0c32eafcfa4392657,DS-000139,未限定,DQ-STRUCT-001,结构解析异常汇总,0,0.000000,低,已执行,1a2a2e72aed88c809e7a5aa63479a040fa052ffc9f640c78167b9fa91c4cbe28,仅记录，不修改原始数据
audit-20260728T230058+0800,dq-rules-1.0,79579fff3c04192841d87515a8af667e4550ab6616088807a47e0eb0410433b7,019010d64fe47d89c81bfaedafd458f1d886025bb34292c0c32eafcfa4392657,DS-000140,未限定,DQ-STRUCT-001,结构解析异常汇总,0,0.000000,低,已执行,0436d528467a39984e1617da57bad6157c9778cec88ca83c87ae95acc51b1cc3,仅记录，不修改原始数据
audit-20260728T230058+0800,dq-rules-1.0,79579fff3c04192841d87515a8af667e4550ab6616088807a47e0eb0410433b7,019010d64fe47d89c81bfaedafd458f1d886025bb34292c0c32eafcfa4392657,DS-000141,未限定,DQ-STRUCT-001,结构解析异常汇总,0,0.000000,低,已执行,3060a4a1d20be7bd3d852820b039a1191114c8ddb58a9c3f74d9dc144536bbb2,仅记录，不修改原始数据
audit-20260728T230058+0800,dq-rules-1.0,79579fff3c04192841d87515a8af667e4550ab6616088807a47e0eb0410433b7,019010d64fe47d89c81bfaedafd458f1d886025bb34292c0c32eafcfa4392657,DS-000142,未限定,DQ-STRUCT-001,结构解析异常汇总,0,0.000000,低,已执行,e58d6cde78f0cd1600774765de4bb2f2e1b37e5f0b08b537aec486ba728249f0,仅记录，不修改原始数据
audit-20260728T230058+0800,dq-rules-1.0,79579fff3c04192841d87515a8af667e4550ab6616088807a47e0eb0410433b7,019010d64fe47d89c81bfaedafd458f1d886025bb34292c0c32eafcfa4392657,DS-000143,未限定,DQ-STRUCT-001,结构解析异常汇总,0,0.000000,低,已执行,5aa1e9a282093b4fd96eafd1ec25b5ef143bdc16a4e90010d4af9846a0de93ce,仅记录，不修改原始数据
audit-20260728T230058+0800,dq-rules-1.0,79579fff3c04192841d87515a8af667e4550ab6616088807a47e0eb0410433b7,019010d64fe47d89c81bfaedafd458f1d886025bb34292c0c32eafcfa4392657,DS-000144,未限定,DQ-STRUCT-001,结构解析异常汇总,0,0.000000,低,已执行,34ea26055747c8821b968c1b12977c0ffae8e8527282c76fc2980b122c4c8c11,仅记录，不修改原始数据
audit-20260728T230058+0800,dq-rules-1.0,79579fff3c04192841d87515a8af667e4550ab6616088807a47e0eb0410433b7,019010d64fe47d89c81bfaedafd458f1d886025bb34292c0c32eafcfa4392657,DS-000145,未限定,DQ-STRUCT-001,结构解析异常汇总,0,0.000000,低,已执行,b8fb0cbfd8ad4375363821e3ab92be5de9dba6022ed33f475a6872285f1ff2a1,仅记录，不修改原始数据
audit-20260728T230058+0800,dq-rules-1.0,79579fff3c04192841d87515a8af667e4550ab6616088807a47e0eb0410433b7,019010d64fe47d89c81bfaedafd458f1d886025bb34292c0c32eafcfa4392657,DS-000146,未限定,DQ-STRUCT-001,结构解析异常汇总,0,0.000000,低,已执行,691291ff45ce10a3ccd131fe1a41f32c858e3af72a861d286e851c0d89031816,仅记录，不修改原始数据
audit-20260728T230058+0800,dq-rules-1.0,79579fff3c04192841d87515a8af667e4550ab6616088807a47e0eb0410433b7,019010d64fe47d89c81bfaedafd458f1d886025bb34292c0c32eafcfa4392657,DS-000147,未限定,DQ-STRUCT-001,结构解析异常汇总,0,0.000000,低,已执行,f606fc1d1aaae13550692aac22e7f228cd4c2b95415724bb24dff4fe163154a1,仅记录，不修改原始数据
audit-20260728T230058+0800,dq-rules-1.0,79579fff3c04192841d87515a8af667e4550ab6616088807a47e0eb0410433b7,019010d64fe47d89c81bfaedafd458f1d886025bb34292c0c32eafcfa4392657,DS-000148,未限定,DQ-STRUCT-001,结构解析异常汇总,0,0.000000,低,已执行,dc240ea48cb938fb93ae4a8ffaea1eca8f0f3dfa9a181df7ef0435644d9c4bb8,仅记录，不修改原始数据
audit-20260728T230058+0800,dq-rules-1.0,79579fff3c04192841d87515a8af667e4550ab6616088807a47e0eb0410433b7,019010d64fe47d89c81bfaedafd458f1d886025bb34292c0c32eafcfa4392657,DS-000149,未限定,DQ-STRUCT-001,结构解析异常汇总,0,0.000000,低,已执行,90cdbcf2754a337505e8e99d3db6c3dd113d29fae72887af9e50e7514fbf3689,仅记录，不修改原始数据
audit-20260728T230058+0800,dq-rules-1.0,79579fff3c04192841d87515a8af667e4550ab6616088807a47e0eb0410433b7,019010d64fe47d89c81bfaedafd458f1d886025bb34292c0c32eafcfa4392657,DS-000150,未限定,DQ-STRUCT-001,结构解析异常汇总,0,0.000000,低,已执行,07934faf048d0abeb64d6ed527b66011a0432e731a20a4156d127a904bbf9e94,仅记录，不修改原始数据
audit-20260728T230058+0800,dq-rules-1.0,79579fff3c04192841d87515a8af667e4550ab6616088807a47e0eb0410433b7,019010d64fe47d89c81bfaedafd458f1d886025bb34292c0c32eafcfa4392657,DS-000151,未限定,DQ-STRUCT-001,结构解析异常汇总,0,0.000000,低,已执行,b43c4e06db55320f0d6d628c409007663c52b200f732975f214f5dff13469203,仅记录，不修改原始数据
audit-20260728T230058+0800,dq-rules-1.0,79579fff3c04192841d87515a8af667e4550ab6616088807a47e0eb0410433b7,019010d64fe47d89c81bfaedafd458f1d886025bb34292c0c32eafcfa4392657,DS-000152,未限定,DQ-STRUCT-001,结构解析异常汇总,0,0.000000,低,已执行,b6f7c45ac28f0b5d52333403b91c64f672d3cb9b759b61f565321b5639d33b2f,仅记录，不修改原始数据
audit-20260728T230058+0800,dq-rules-1.0,79579fff3c04192841d87515a8af667e4550ab6616088807a47e0eb0410433b7,019010d64fe47d89c81bfaedafd458f1d886025bb34292c0c32eafcfa4392657,DS-000153,未限定,DQ-STRUCT-001,结构解析异常汇总,0,0.000000,低,已执行,a069f224b3fdf58515775875ec2079a8b733903b7d6d244163d8c7035c723d11,仅记录，不修改原始数据
audit-20260728T230058+0800,dq-rules-1.0,79579fff3c04192841d87515a8af667e4550ab6616088807a47e0eb0410433b7,019010d64fe47d89c81bfaedafd458f1d886025bb34292c0c32eafcfa4392657,DS-000154,未限定,DQ-STRUCT-001,结构解析异常汇总,0,0.000000,低,已执行,b884fe27be49e641f5e3ab413009aea4c4dc08f4f73f6866822576f24892807b,仅记录，不修改原始数据
audit-20260728T230058+0800,dq-rules-1.0,79579fff3c04192841d87515a8af667e4550ab6616088807a47e0eb0410433b7,019010d64fe47d89c81bfaedafd458f1d886025bb34292c0c32eafcfa4392657,DS-000155,未限定,DQ-STRUCT-001,结构解析异常汇总,0,0.000000,低,已执行,6e4f89c8833937e9162d5befac262ed4cb0582b542be38dba174b82ea29c072e,仅记录，不修改原始数据
audit-20260728T230058+0800,dq-rules-1.0,79579fff3c04192841d87515a8af667e4550ab6616088807a47e0eb0410433b7,019010d64fe47d89c81bfaedafd458f1d886025bb34292c0c32eafcfa4392657,DS-000156,未限定,DQ-STRUCT-001,结构解析异常汇总,0,0.000000,低,已执行,2740ced6a27f56445c88c506a2c2a619585e0ce407dd27b44af13e6e3e4dc3fc,仅记录，不修改原始数据
audit-20260728T230058+0800,dq-rules-1.0,79579fff3c04192841d87515a8af667e4550ab6616088807a47e0eb0410433b7,019010d64fe47d89c81bfaedafd458f1d886025bb34292c0c32eafcfa4392657,DS-000157,未限定,DQ-STRUCT-001,结构解析异常汇总,0,0.000000,低,已执行,bfba69b6302f58fe3ed84a996905b8b8418a44e7c431cb6abcb83d2d90788e9c,仅记录，不修改原始数据
audit-20260728T230058+0800,dq-rules-1.0,79579fff3c04192841d87515a8af667e4550ab6616088807a47e0eb0410433b7,019010d64fe47d89c81bfaedafd458f1d886025bb34292c0c32eafcfa4392657,DS-000158,未限定,DQ-STRUCT-001,结构解析异常汇总,0,0.000000,低,已执行,87a28d10987df21629cc83c34d7d3dfe5ce3f9292e5b9f213add591a49402a8e,仅记录，不修改原始数据
audit-20260728T230058+0800,dq-rules-1.0,79579fff3c04192841d87515a8af667e4550ab6616088807a47e0eb0410433b7,019010d64fe47d89c81bfaedafd458f1d886025bb34292c0c32eafcfa4392657,DS-000159,未限定,DQ-STRUCT-001,结构解析异常汇总,0,0.000000,低,已执行,4119421dd27791ebbb0afd0fa71de8f149aba20a9c2434f657362ed3d00a77f9,仅记录，不修改原始数据
audit-20260728T230058+0800,dq-rules-1.0,79579fff3c04192841d87515a8af667e4550ab6616088807a47e0eb0410433b7,019010d64fe47d89c81bfaedafd458f1d886025bb34292c0c32eafcfa4392657,DS-000160,未限定,DQ-STRUCT-001,结构解析异常汇总,0,0.000000,低,已执行,639d46d6fe7ffb360b0da353770f13b63ef139c809a3783c83446378f0b4ed70,仅记录，不修改原始数据
audit-20260728T230058+0800,dq-rules-1.0,79579fff3c04192841d87515a8af667e4550ab6616088807a47e0eb0410433b7,019010d64fe47d89c81bfaedafd458f1d886025bb34292c0c32eafcfa4392657,DS-000161,未限定,DQ-STRUCT-001,结构解析异常汇总,0,0.000000,低,已执行,6296996548d83131f8b37ffda8e2773f0cb62d805fea621f2b5a1266607bd4be,仅记录，不修改原始数据
audit-20260728T230058+0800,dq-rules-1.0,79579fff3c04192841d87515a8af667e4550ab6616088807a47e0eb0410433b7,019010d64fe47d89c81bfaedafd458f1d886025bb34292c0c32eafcfa4392657,DS-000162,未限定,DQ-STRUCT-001,结构解析异常汇总,0,0.000000,低,已执行,ecfc9e8fa860d869abe039bbb4d48784cbe0b2160e51a6775755ef1e9367ed43,仅记录，不修改原始数据
audit-20260728T230058+0800,dq-rules-1.0,79579fff3c04192841d87515a8af667e4550ab6616088807a47e0eb0410433b7,019010d64fe47d89c81bfaedafd458f1d886025bb34292c0c32eafcfa4392657,DS-000163,未限定,DQ-STRUCT-001,结构解析异常汇总,0,0.000000,低,已执行,ae38a8a65ad6a1443065e898ac0eaaa3157d7c62fdee5370ba4c9d03618559d1,仅记录，不修改原始数据
audit-20260728T230058+0800,dq-rules-1.0,79579fff3c04192841d87515a8af667e4550ab6616088807a47e0eb0410433b7,019010d64fe47d89c81bfaedafd458f1d886025bb34292c0c32eafcfa4392657,DS-000164,未限定,DQ-STRUCT-001,结构解析异常汇总,0,0.000000,低,已执行,68e404535ee0b3100b3b1c427321aaec6094f7cf00a56f5c84908fb4283ac5b2,仅记录，不修改原始数据
audit-20260728T230058+0800,dq-rules-1.0,79579fff3c04192841d87515a8af667e4550ab6616088807a47e0eb0410433b7,019010d64fe47d89c81bfaedafd458f1d886025bb34292c0c32eafcfa4392657,DS-000165,未限定,DQ-STRUCT-001,结构解析异常汇总,0,0.000000,低,已执行,e0e5329bcce7291a0ae81a44773e8f32b1e5193f8a0994cfbea23083c94cb54b,仅记录，不修改原始数据
audit-20260728T230058+0800,dq-rules-1.0,79579fff3c04192841d87515a8af667e4550ab6616088807a47e0eb0410433b7,019010d64fe47d89c81bfaedafd458f1d886025bb34292c0c32eafcfa4392657,DS-000166,未限定,DQ-STRUCT-001,结构解析异常汇总,0,0.000000,低,已执行,16ffcd5f3bfd1436ddc6c2aa267c9e864dc01501876e3d5f8c8ab864c3a51a87,仅记录，不修改原始数据
audit-20260728T230058+0800,dq-rules-1.0,79579fff3c04192841d87515a8af667e4550ab6616088807a47e0eb0410433b7,019010d64fe47d89c81bfaedafd458f1d886025bb34292c0c32eafcfa4392657,DS-000167,未限定,DQ-STRUCT-001,结构解析异常汇总,0,0.000000,低,已执行,baba344ebe0fcde8884e76daaf63188ad61690e08592c74afbab35c08d252fd8,仅记录，不修改原始数据
audit-20260728T230058+0800,dq-rules-1.0,79579fff3c04192841d87515a8af667e4550ab6616088807a47e0eb0410433b7,019010d64fe47d89c81bfaedafd458f1d886025bb34292c0c32eafcfa4392657,DS-000168,未限定,DQ-STRUCT-001,结构解析异常汇总,0,0.000000,低,已执行,8fee9c673a0856751a6c3103363c1c630449c256c3cf99001eeeebba0daee13f,仅记录，不修改原始数据
audit-20260728T230058+0800,dq-rules-1.0,79579fff3c04192841d87515a8af667e4550ab6616088807a47e0eb0410433b7,019010d64fe47d89c81bfaedafd458f1d886025bb34292c0c32eafcfa4392657,DS-000169,未限定,DQ-STRUCT-001,结构解析异常汇总,0,0.000000,低,已执行,ca2d45d56f84d30242af185dac4fcc0f8d5951decbb8a6a72603a3de799fb0e0,仅记录，不修改原始数据
audit-20260728T230058+0800,dq-rules-1.0,79579fff3c04192841d87515a8af667e4550ab6616088807a47e0eb0410433b7,019010d64fe47d89c81bfaedafd458f1d886025bb34292c0c32eafcfa4392657,DS-000170,未限定,DQ-STRUCT-001,结构解析异常汇总,0,0.000000,低,已执行,afd09c80bc357d01193f69bd16e26fdbf37eabde7b9acd65344537abc64be4ac,仅记录，不修改原始数据
audit-20260728T230058+0800,dq-rules-1.0,79579fff3c04192841d87515a8af667e4550ab6616088807a47e0eb0410433b7,019010d64fe47d89c81bfaedafd458f1d886025bb34292c0c32eafcfa4392657,DS-000171,未限定,DQ-STRUCT-001,结构解析异常汇总,0,0.000000,低,已执行,bd48833c8e9b2a47492da07fa800b818fcdae875152992eedb57686f2662d05f,仅记录，不修改原始数据
audit-20260728T230058+0800,dq-rules-1.0,79579fff3c04192841d87515a8af667e4550ab6616088807a47e0eb0410433b7,019010d64fe47d89c81bfaedafd458f1d886025bb34292c0c32eafcfa4392657,DS-000172,未限定,DQ-STRUCT-001,结构解析异常汇总,0,0.000000,低,已执行,510045bcd8568eaab2ae00d0af3b60de62b7e64f7b3ff1139e1289c9969a211b,仅记录，不修改原始数据
audit-20260728T230058+0800,dq-rules-1.0,79579fff3c04192841d87515a8af667e4550ab6616088807a47e0eb0410433b7,019010d64fe47d89c81bfaedafd458f1d886025bb34292c0c32eafcfa4392657,DS-000173,未限定,DQ-STRUCT-001,结构解析异常汇总,0,0.000000,低,已执行,72b94a9e1ae6f0136ab9e41e16cc582021f98968ad4702a32d5d717af08fc0fd,仅记录，不修改原始数据
audit-20260728T230058+0800,dq-rules-1.0,79579fff3c04192841d87515a8af667e4550ab6616088807a47e0eb0410433b7,019010d64fe47d89c81bfaedafd458f1d886025bb34292c0c32eafcfa4392657,DS-000174,未限定,DQ-STRUCT-001,结构解析异常汇总,0,0.000000,低,已执行,fd8f99dfc23d845c6139f05a0ef1617698c580481edfd0502c8fe8eecae72246,仅记录，不修改原始数据
audit-20260728T230058+0800,dq-rules-1.0,79579fff3c04192841d87515a8af667e4550ab6616088807a47e0eb0410433b7,019010d64fe47d89c81bfaedafd458f1d886025bb34292c0c32eafcfa4392657,DS-000175,未限定,DQ-STRUCT-001,结构解析异常汇总,0,0.000000,低,已执行,f64ac800acc88fb4e2292a407e349a1ff1f87845b7b63501e76231ed39e478e6,仅记录，不修改原始数据
audit-20260728T230058+0800,dq-rules-1.0,79579fff3c04192841d87515a8af667e4550ab6616088807a47e0eb0410433b7,019010d64fe47d89c81bfaedafd458f1d886025bb34292c0c32eafcfa4392657,DS-000176,未限定,DQ-STRUCT-001,结构解析异常汇总,0,0.000000,低,已执行,5fa74545d7ffd2a04f782a5d248ded25384ce7a8fd398dd53d7749842b0bbe27,仅记录，不修改原始数据
audit-20260728T230058+0800,dq-rules-1.0,79579fff3c04192841d87515a8af667e4550ab6616088807a47e0eb0410433b7,019010d64fe47d89c81bfaedafd458f1d886025bb34292c0c32eafcfa4392657,DS-000177,未限定,DQ-STRUCT-001,结构解析异常汇总,0,0.000000,低,已执行,2615ed3e7311244ca5b1b62a61cd910222313df59cfe533294c165bc742215b6,仅记录，不修改原始数据
audit-20260728T230058+0800,dq-rules-1.0,79579fff3c04192841d87515a8af667e4550ab6616088807a47e0eb0410433b7,019010d64fe47d89c81bfaedafd458f1d886025bb34292c0c32eafcfa4392657,DS-000178,未限定,DQ-STRUCT-001,结构解析异常汇总,0,0.000000,低,已执行,a1228a33624f7fd454f6533d6bef7c30f3d536036ddba541b08bd9771b1c91ac,仅记录，不修改原始数据
audit-20260728T230058+0800,dq-rules-1.0,79579fff3c04192841d87515a8af667e4550ab6616088807a47e0eb0410433b7,019010d64fe47d89c81bfaedafd458f1d886025bb34292c0c32eafcfa4392657,DS-000179,未限定,DQ-STRUCT-001,结构解析异常汇总,0,0.000000,低,已执行,2d03b3509fa11ae746716ccfc745430ea765fa3fc3e042c7957e6d19bb07ab0f,仅记录，不修改原始数据
audit-20260728T230058+0800,dq-rules-1.0,79579fff3c04192841d87515a8af667e4550ab6616088807a47e0eb0410433b7,019010d64fe47d89c81bfaedafd458f1d886025bb34292c0c32eafcfa4392657,DS-000180,未限定,DQ-STRUCT-001,结构解析异常汇总,0,0.000000,低,已执行,e7636b6e8b75226eef3ba47baac6b5815df18d87390f5647ca11a3293cf453b5,仅记录，不修改原始数据
audit-20260728T230058+0800,dq-rules-1.0,79579fff3c04192841d87515a8af667e4550ab6616088807a47e0eb0410433b7,019010d64fe47d89c81bfaedafd458f1d886025bb34292c0c32eafcfa4392657,DS-000181,未限定,DQ-STRUCT-001,结构解析异常汇总,0,0.000000,低,已执行,0abfdbd754cdfba333c2b7b8c2e73da2e43d2972a1909e2874b6fd5894165ca9,仅记录，不修改原始数据
audit-20260728T230058+0800,dq-rules-1.0,79579fff3c04192841d87515a8af667e4550ab6616088807a47e0eb0410433b7,019010d64fe47d89c81bfaedafd458f1d886025bb34292c0c32eafcfa4392657,DS-000182,未限定,DQ-STRUCT-001,结构解析异常汇总,0,0.000000,低,已执行,9e473593353573215dc009cc2222436b5cea5293f63395d914d00810f8b20438,仅记录，不修改原始数据
audit-20260728T230058+0800,dq-rules-1.0,79579fff3c04192841d87515a8af667e4550ab6616088807a47e0eb0410433b7,019010d64fe47d89c81bfaedafd458f1d886025bb34292c0c32eafcfa4392657,DS-000183,未限定,DQ-STRUCT-001,结构解析异常汇总,0,0.000000,低,已执行,b555e75acadc30940ca158bda1dfc5a171efc2e95ebe095d3754f8d35914196b,仅记录，不修改原始数据
audit-20260728T230058+0800,dq-rules-1.0,79579fff3c04192841d87515a8af667e4550ab6616088807a47e0eb0410433b7,019010d64fe47d89c81bfaedafd458f1d886025bb34292c0c32eafcfa4392657,DS-000184,未限定,DQ-STRUCT-001,结构解析异常汇总,0,0.000000,低,已执行,6c5bb54236ddb33ce8717fc5588fae1c05e4d96db7047cdcf95a2d374e21d40f,仅记录，不修改原始数据
audit-20260728T230058+0800,dq-rules-1.0,79579fff3c04192841d87515a8af667e4550ab6616088807a47e0eb0410433b7,019010d64fe47d89c81bfaedafd458f1d886025bb34292c0c32eafcfa4392657,DS-000185,BTC,DQ-STRUCT-001,结构解析异常汇总,0,0.000000,低,已执行,3d257dfda1c988732709a204b2c40e371d487fbf89fd455eeba10ba49abba971,仅记录，不修改原始数据
audit-20260728T230058+0800,dq-rules-1.0,79579fff3c04192841d87515a8af667e4550ab6616088807a47e0eb0410433b7,019010d64fe47d89c81bfaedafd458f1d886025bb34292c0c32eafcfa4392657,DS-000186,未限定,DQ-STRUCT-001,结构解析异常汇总,0,0.000000,低,已执行,393b905745feea9cafeba14c92a3d2dd36c808b3482d9a8cc76ff26e0bbd908b,仅记录，不修改原始数据
audit-20260728T230058+0800,dq-rules-1.0,79579fff3c04192841d87515a8af667e4550ab6616088807a47e0eb0410433b7,019010d64fe47d89c81bfaedafd458f1d886025bb34292c0c32eafcfa4392657,DS-000187,未限定,DQ-STRUCT-001,结构解析异常汇总,0,0.000000,低,已执行,2df9b66dcfac3e398bb2c72a9338a00b144a2618a707e6fc989c592de9d38760,仅记录，不修改原始数据
audit-20260728T230058+0800,dq-rules-1.0,79579fff3c04192841d87515a8af667e4550ab6616088807a47e0eb0410433b7,019010d64fe47d89c81bfaedafd458f1d886025bb34292c0c32eafcfa4392657,DS-000188,未限定,DQ-STRUCT-001,结构解析异常汇总,0,0.000000,低,已执行,5e4b5b68504ad84433774b60fb4c6adbff3dbe83870e77ea47ba9448de1f447d,仅记录，不修改原始数据
audit-20260728T230058+0800,dq-rules-1.0,79579fff3c04192841d87515a8af667e4550ab6616088807a47e0eb0410433b7,019010d64fe47d89c81bfaedafd458f1d886025bb34292c0c32eafcfa4392657,DS-000189,未限定,DQ-STRUCT-001,结构解析异常汇总,0,0.000000,低,已执行,8d832e9ae078195e7a64269da0975024779b23665e1bb22d25b4f9e5f1365e1c,仅记录，不修改原始数据
audit-20260728T230058+0800,dq-rules-1.0,79579fff3c04192841d87515a8af667e4550ab6616088807a47e0eb0410433b7,019010d64fe47d89c81bfaedafd458f1d886025bb34292c0c32eafcfa4392657,DS-000190,未限定,DQ-STRUCT-001,结构解析异常汇总,0,0.000000,低,已执行,e5d4070ad8eb33d55550c2f66f0951a0eb2bd3f731f943e7091a5ee35019d9fe,仅记录，不修改原始数据
audit-20260728T230058+0800,dq-rules-1.0,79579fff3c04192841d87515a8af667e4550ab6616088807a47e0eb0410433b7,019010d64fe47d89c81bfaedafd458f1d886025bb34292c0c32eafcfa4392657,DS-000191,未限定,DQ-STRUCT-001,结构解析异常汇总,0,0.000000,低,已执行,763458e6716bb3edba06c82d47b1188b478b0f831d489589d4536ab1489ad2eb,仅记录，不修改原始数据
audit-20260728T230058+0800,dq-rules-1.0,79579fff3c04192841d87515a8af667e4550ab6616088807a47e0eb0410433b7,019010d64fe47d89c81bfaedafd458f1d886025bb34292c0c32eafcfa4392657,DS-000192,未限定,DQ-STRUCT-001,结构解析异常汇总,0,0.000000,低,已执行,166838240005ce66da2bc54abdf4d7d78d5b49c4e387c1072fccc7fda60bea0e,仅记录，不修改原始数据
audit-20260728T230058+0800,dq-rules-1.0,79579fff3c04192841d87515a8af667e4550ab6616088807a47e0eb0410433b7,019010d64fe47d89c81bfaedafd458f1d886025bb34292c0c32eafcfa4392657,DS-000193,未限定,DQ-STRUCT-001,结构解析异常汇总,0,0.000000,低,已执行,155968d16be58c559540eed1d5fdaf2c3f8ca558d9d5dbf40a8f5df1081300e8,仅记录，不修改原始数据
audit-20260728T230058+0800,dq-rules-1.0,79579fff3c04192841d87515a8af667e4550ab6616088807a47e0eb0410433b7,019010d64fe47d89c81bfaedafd458f1d886025bb34292c0c32eafcfa4392657,DS-000194,未限定,DQ-STRUCT-001,结构解析异常汇总,0,0.000000,低,已执行,8c13448ef8c7652e3c3796d0ddab92e15dd0761dbbfe4099a32df8c18297171e,仅记录，不修改原始数据
audit-20260728T230058+0800,dq-rules-1.0,79579fff3c04192841d87515a8af667e4550ab6616088807a47e0eb0410433b7,019010d64fe47d89c81bfaedafd458f1d886025bb34292c0c32eafcfa4392657,DS-000195,BTC、ETH,DQ-STRUCT-001,结构解析异常汇总,0,0.000000,低,已执行,5b5d06320b3477ac7fd08ff147051a808a27870f5125eaf93c29ec36dff2a927,仅记录，不修改原始数据
audit-20260728T230058+0800,dq-rules-1.0,79579fff3c04192841d87515a8af667e4550ab6616088807a47e0eb0410433b7,019010d64fe47d89c81bfaedafd458f1d886025bb34292c0c32eafcfa4392657,DS-000196,BTC,DQ-STRUCT-001,结构解析异常汇总,0,0.000000,低,已执行,eb5c65e1f3113b0672417ff9d1411bb41f896558d4dc1d7a1921bd7eb9d57984,仅记录，不修改原始数据
audit-20260728T230058+0800,dq-rules-1.0,79579fff3c04192841d87515a8af667e4550ab6616088807a47e0eb0410433b7,019010d64fe47d89c81bfaedafd458f1d886025bb34292c0c32eafcfa4392657,DS-000197,未限定,DQ-STRUCT-001,结构解析异常汇总,0,0.000000,低,已执行,1889580e929a7d6de1f0a73ef3b5cc8b7e97e9b2f01b2e0f3e4df3d74b0d6cc1,仅记录，不修改原始数据
audit-20260728T230058+0800,dq-rules-1.0,79579fff3c04192841d87515a8af667e4550ab6616088807a47e0eb0410433b7,019010d64fe47d89c81bfaedafd458f1d886025bb34292c0c32eafcfa4392657,DS-000198,未限定,DQ-STRUCT-001,结构解析异常汇总,0,0.000000,低,已执行,65b85e318214c7e6c9f2bb88fce059ec64065f78a9df8ea5097f619f53295cd2,仅记录，不修改原始数据
audit-20260728T230058+0800,dq-rules-1.0,79579fff3c04192841d87515a8af667e4550ab6616088807a47e0eb0410433b7,019010d64fe47d89c81bfaedafd458f1d886025bb34292c0c32eafcfa4392657,DS-000199,未限定,DQ-STRUCT-001,结构解析异常汇总,0,0.000000,低,已执行,7ff5521d023fac0c415f87a9fb42d918837069521a643c53bfed872e05629266,仅记录，不修改原始数据
audit-20260728T230058+0800,dq-rules-1.0,79579fff3c04192841d87515a8af667e4550ab6616088807a47e0eb0410433b7,019010d64fe47d89c81bfaedafd458f1d886025bb34292c0c32eafcfa4392657,DS-000200,未限定,DQ-STRUCT-001,结构解析异常汇总,0,0.000000,低,已执行,f2c09266846763637e43c1f55654b9e615f097018928c24c7f80dee12ff9b9a6,仅记录，不修改原始数据
audit-20260728T230058+0800,dq-rules-1.0,79579fff3c04192841d87515a8af667e4550ab6616088807a47e0eb0410433b7,019010d64fe47d89c81bfaedafd458f1d886025bb34292c0c32eafcfa4392657,DS-000201,未限定,DQ-STRUCT-001,结构解析异常汇总,0,0.000000,低,已执行,e512fc471944450ee394c6e1b15e9e185354611dc501a6d49c2245823e20363c,仅记录，不修改原始数据
audit-20260728T230058+0800,dq-rules-1.0,79579fff3c04192841d87515a8af667e4550ab6616088807a47e0eb0410433b7,019010d64fe47d89c81bfaedafd458f1d886025bb34292c0c32eafcfa4392657,DS-000202,BTC,DQ-STRUCT-001,结构解析异常汇总,0,0.000000,低,已执行,57d28804fe518651a823de77b219ac6384f73161c113ecbaf054cc1d2f74e8f9,仅记录，不修改原始数据
audit-20260728T230058+0800,dq-rules-1.0,79579fff3c04192841d87515a8af667e4550ab6616088807a47e0eb0410433b7,019010d64fe47d89c81bfaedafd458f1d886025bb34292c0c32eafcfa4392657,DS-000203,BTC,DQ-STRUCT-001,结构解析异常汇总,0,0.000000,低,已执行,64beeca96e7b938dd95ac4375d82a501b44c0f54c8bda22628d761bfa0d5557f,仅记录，不修改原始数据
audit-20260728T230058+0800,dq-rules-1.0,79579fff3c04192841d87515a8af667e4550ab6616088807a47e0eb0410433b7,019010d64fe47d89c81bfaedafd458f1d886025bb34292c0c32eafcfa4392657,DS-000204,BTC,DQ-STRUCT-001,结构解析异常汇总,0,0.000000,低,已执行,764c71c58d5616e0e562b131626bbb70a954616dde6cc34baac52ab855d7cbf3,仅记录，不修改原始数据
audit-20260728T230058+0800,dq-rules-1.0,79579fff3c04192841d87515a8af667e4550ab6616088807a47e0eb0410433b7,019010d64fe47d89c81bfaedafd458f1d886025bb34292c0c32eafcfa4392657,DS-000205,BTC,DQ-STRUCT-001,结构解析异常汇总,0,0.000000,低,已执行,45cfc1030f53024f0e2cd79155c76669e054116ea15fed02e60548a10b5b317f,仅记录，不修改原始数据
audit-20260728T230058+0800,dq-rules-1.0,79579fff3c04192841d87515a8af667e4550ab6616088807a47e0eb0410433b7,019010d64fe47d89c81bfaedafd458f1d886025bb34292c0c32eafcfa4392657,DS-000206,BTC,DQ-STRUCT-001,结构解析异常汇总,0,0.000000,低,已执行,b29e30421f959c14b92c594d7901650185555347ba1468ea844c642fc733a5bf,仅记录，不修改原始数据
audit-20260728T230058+0800,dq-rules-1.0,79579fff3c04192841d87515a8af667e4550ab6616088807a47e0eb0410433b7,019010d64fe47d89c81bfaedafd458f1d886025bb34292c0c32eafcfa4392657,DS-000207,BTC,DQ-STRUCT-001,结构解析异常汇总,0,0.000000,低,已执行,76daadfce43aa4ee14d4c9b535833d06bc146cbfcd7af5c707021902a6a55797,仅记录，不修改原始数据
audit-20260728T230058+0800,dq-rules-1.0,79579fff3c04192841d87515a8af667e4550ab6616088807a47e0eb0410433b7,019010d64fe47d89c81bfaedafd458f1d886025bb34292c0c32eafcfa4392657,DS-000208,BTC,DQ-STRUCT-001,结构解析异常汇总,0,0.000000,低,已执行,66859cd6b81eb7e32bf09871dc7b5302ecd5a2f4567929bed2a0fafdcd663ad3,仅记录，不修改原始数据
audit-20260728T230058+0800,dq-rules-1.0,79579fff3c04192841d87515a8af667e4550ab6616088807a47e0eb0410433b7,019010d64fe47d89c81bfaedafd458f1d886025bb34292c0c32eafcfa4392657,DS-000209,BTC,DQ-STRUCT-001,结构解析异常汇总,0,0.000000,低,已执行,2f051ccd89ec8859d881eee8bc673f155761cea11d5f117c716635c04208932e,仅记录，不修改原始数据
audit-20260728T230058+0800,dq-rules-1.0,79579fff3c04192841d87515a8af667e4550ab6616088807a47e0eb0410433b7,019010d64fe47d89c81bfaedafd458f1d886025bb34292c0c32eafcfa4392657,DS-000210,BTC,DQ-STRUCT-001,结构解析异常汇总,0,0.000000,低,已执行,de37fa9bf7a9e2f2f3a499144f902e43f6c2f4063b169c6e7daaf08d898783af,仅记录，不修改原始数据
audit-20260728T230058+0800,dq-rules-1.0,79579fff3c04192841d87515a8af667e4550ab6616088807a47e0eb0410433b7,019010d64fe47d89c81bfaedafd458f1d886025bb34292c0c32eafcfa4392657,DS-000211,未限定,DQ-STRUCT-001,结构解析异常汇总,0,0.000000,低,已执行,d93209b44a6e0acc958f7dc3b70634e17dc8019cbbae020922bddd23dfff542b,仅记录，不修改原始数据
audit-20260728T230058+0800,dq-rules-1.0,79579fff3c04192841d87515a8af667e4550ab6616088807a47e0eb0410433b7,019010d64fe47d89c81bfaedafd458f1d886025bb34292c0c32eafcfa4392657,DS-000212,未限定,DQ-STRUCT-001,结构解析异常汇总,0,0.000000,低,已执行,79abeb3aff86c8bd8320a8b26eba6833c7bcd07c88b6ca29419a70182c0bb9b7,仅记录，不修改原始数据
audit-20260728T230058+0800,dq-rules-1.0,79579fff3c04192841d87515a8af667e4550ab6616088807a47e0eb0410433b7,019010d64fe47d89c81bfaedafd458f1d886025bb34292c0c32eafcfa4392657,DS-000213,BTC,DQ-STRUCT-001,结构解析异常汇总,0,0.000000,低,已执行,a9d9d4125df691df1f9125dd9a46ea2a69366f3ccc8efe708e641036a0ffe930,仅记录，不修改原始数据
audit-20260728T230058+0800,dq-rules-1.0,79579fff3c04192841d87515a8af667e4550ab6616088807a47e0eb0410433b7,019010d64fe47d89c81bfaedafd458f1d886025bb34292c0c32eafcfa4392657,DS-000214,BTC,DQ-STRUCT-001,结构解析异常汇总,0,0.000000,低,已执行,a902609b2a05cafd71938932a293df06f3524a2645738b958ac9cddffa480906,仅记录，不修改原始数据
audit-20260728T230058+0800,dq-rules-1.0,79579fff3c04192841d87515a8af667e4550ab6616088807a47e0eb0410433b7,019010d64fe47d89c81bfaedafd458f1d886025bb34292c0c32eafcfa4392657,DS-000215,BTC,DQ-STRUCT-001,结构解析异常汇总,0,0.000000,低,已执行,c4528f219fc6367d09dee0de8f4e0b6d7e8c3eda9cd04824476f81ec090ad2c6,仅记录，不修改原始数据
audit-20260728T230058+0800,dq-rules-1.0,79579fff3c04192841d87515a8af667e4550ab6616088807a47e0eb0410433b7,019010d64fe47d89c81bfaedafd458f1d886025bb34292c0c32eafcfa4392657,DS-000216,BTC,DQ-STRUCT-001,结构解析异常汇总,0,0.000000,低,已执行,552a810787f157676dcd79519e61cb12a40d98ed0b1a62d7814deaef2222bd20,仅记录，不修改原始数据
audit-20260728T230058+0800,dq-rules-1.0,79579fff3c04192841d87515a8af667e4550ab6616088807a47e0eb0410433b7,019010d64fe47d89c81bfaedafd458f1d886025bb34292c0c32eafcfa4392657,DS-000217,BTC、ETH,DQ-STRUCT-001,结构解析异常汇总,0,0.000000,低,已执行,56262317725c37f20e2b174e7919e54c551866426638b77de76b4e4d7e57f7db,仅记录，不修改原始数据
audit-20260728T230058+0800,dq-rules-1.0,79579fff3c04192841d87515a8af667e4550ab6616088807a47e0eb0410433b7,019010d64fe47d89c81bfaedafd458f1d886025bb34292c0c32eafcfa4392657,DS-000218,BTC,DQ-STRUCT-001,结构解析异常汇总,0,0.000000,低,已执行,5977c2b2fc157926a1f13328c4278a6359ca70d80dca5ec95e6f9af354b0aaa5,仅记录，不修改原始数据
audit-20260728T230058+0800,dq-rules-1.0,79579fff3c04192841d87515a8af667e4550ab6616088807a47e0eb0410433b7,019010d64fe47d89c81bfaedafd458f1d886025bb34292c0c32eafcfa4392657,DS-000219,未限定,DQ-STRUCT-001,结构解析异常汇总,0,0.000000,低,已执行,27dae81ea1be2febcebc01fc10591bc7f97cf7d7dc3bacd464403e2d12c04410,仅记录，不修改原始数据
audit-20260728T230058+0800,dq-rules-1.0,79579fff3c04192841d87515a8af667e4550ab6616088807a47e0eb0410433b7,019010d64fe47d89c81bfaedafd458f1d886025bb34292c0c32eafcfa4392657,DS-000220,未限定,DQ-STRUCT-001,结构解析异常汇总,0,0.000000,低,已执行,ed314f1ae531d12f7c1a131892382d7c815af5b66b8f4f45e15b64fde044b862,仅记录，不修改原始数据
audit-20260728T230058+0800,dq-rules-1.0,79579fff3c04192841d87515a8af667e4550ab6616088807a47e0eb0410433b7,019010d64fe47d89c81bfaedafd458f1d886025bb34292c0c32eafcfa4392657,DS-000221,未限定,DQ-STRUCT-001,结构解析异常汇总,0,0.000000,低,已执行,89a70a4b553d22fd19e37d5ab91c52f3ce48f1de1cca0fed3ed76ce1d33dad3b,仅记录，不修改原始数据
audit-20260728T230058+0800,dq-rules-1.0,79579fff3c04192841d87515a8af667e4550ab6616088807a47e0eb0410433b7,019010d64fe47d89c81bfaedafd458f1d886025bb34292c0c32eafcfa4392657,DS-000222,未限定,DQ-STRUCT-001,结构解析异常汇总,0,无法判定,低,已执行,f01dffe8ac6530dad7afc186d6fd1c2891f25d737056580aa34f6cb4e1510360,仅记录，不修改原始数据
audit-20260728T230058+0800,dq-rules-1.0,79579fff3c04192841d87515a8af667e4550ab6616088807a47e0eb0410433b7,019010d64fe47d89c81bfaedafd458f1d886025bb34292c0c32eafcfa4392657,DS-000223,未限定,DQ-STRUCT-001,结构解析异常汇总,0,无法判定,低,已执行,5aeaa861c0ff734de36aa366b8a21e6458b46773c1885530330b8de6c023ed5d,仅记录，不修改原始数据
audit-20260728T230058+0800,dq-rules-1.0,79579fff3c04192841d87515a8af667e4550ab6616088807a47e0eb0410433b7,019010d64fe47d89c81bfaedafd458f1d886025bb34292c0c32eafcfa4392657,DS-000225,未限定,DQ-STRUCT-001,结构解析异常汇总,0,0.000000,低,已执行,e05e863301957a59ec1b1ae10f3e6b2424c2130dcf7e00ccc15194e743100e98,仅记录，不修改原始数据
audit-20260728T230058+0800,dq-rules-1.0,79579fff3c04192841d87515a8af667e4550ab6616088807a47e0eb0410433b7,019010d64fe47d89c81bfaedafd458f1d886025bb34292c0c32eafcfa4392657,DS-000226,未限定,DQ-STRUCT-001,结构解析异常汇总,0,0.000000,低,已执行,6709b837563f754318315851f2d9caf9d90ade59524c41576474c1211337cd19,仅记录，不修改原始数据
audit-20260728T230058+0800,dq-rules-1.0,79579fff3c04192841d87515a8af667e4550ab6616088807a47e0eb0410433b7,019010d64fe47d89c81bfaedafd458f1d886025bb34292c0c32eafcfa4392657,DS-000227,未限定,DQ-STRUCT-001,结构解析异常汇总,0,0.000000,低,已执行,04ed9d3446da7bdcc9fad7d13b569050df10faf7a2ec05ab2a5acbc50ac0e0d7,仅记录，不修改原始数据
audit-20260728T230058+0800,dq-rules-1.0,79579fff3c04192841d87515a8af667e4550ab6616088807a47e0eb0410433b7,019010d64fe47d89c81bfaedafd458f1d886025bb34292c0c32eafcfa4392657,DS-000228,未限定,DQ-STRUCT-001,结构解析异常汇总,0,0.000000,低,已执行,e0448af92ba731bca7a74af1fb6458490f0cae4cb2f440573bd9f1b13bb54b95,仅记录，不修改原始数据
audit-20260728T230058+0800,dq-rules-1.0,79579fff3c04192841d87515a8af667e4550ab6616088807a47e0eb0410433b7,019010d64fe47d89c81bfaedafd458f1d886025bb34292c0c32eafcfa4392657,DS-000229,未限定,DQ-STRUCT-001,结构解析异常汇总,0,0.000000,低,已执行,db0dc8f4c30ef1cac8f3d65923a333b4539dcc0f1a46fd1062ceb309e04cbd19,仅记录，不修改原始数据
audit-20260728T230058+0800,dq-rules-1.0,79579fff3c04192841d87515a8af667e4550ab6616088807a47e0eb0410433b7,019010d64fe47d89c81bfaedafd458f1d886025bb34292c0c32eafcfa4392657,DS-000230,未限定,DQ-STRUCT-001,结构解析异常汇总,0,0.000000,低,已执行,56f4cfbae65c37d17a683b0ea2f89a8c782c317300c78f0daeaa2f068cad4a42,仅记录，不修改原始数据
audit-20260728T230058+0800,dq-rules-1.0,79579fff3c04192841d87515a8af667e4550ab6616088807a47e0eb0410433b7,019010d64fe47d89c81bfaedafd458f1d886025bb34292c0c32eafcfa4392657,DS-000231,未限定,DQ-STRUCT-001,结构解析异常汇总,0,0.000000,低,已执行,50e4e3583fdce42bb21471ba9cf3ddbca96d4c62493272f5a32f4f5eea4e3980,仅记录，不修改原始数据
audit-20260728T230058+0800,dq-rules-1.0,79579fff3c04192841d87515a8af667e4550ab6616088807a47e0eb0410433b7,019010d64fe47d89c81bfaedafd458f1d886025bb34292c0c32eafcfa4392657,DS-000232,未限定,DQ-STRUCT-001,结构解析异常汇总,0,0.000000,低,已执行,ce7b2f635f40e1598d5688855429b9c41052ba1c77118af5266fde86969132be,仅记录，不修改原始数据
audit-20260728T230058+0800,dq-rules-1.0,79579fff3c04192841d87515a8af667e4550ab6616088807a47e0eb0410433b7,019010d64fe47d89c81bfaedafd458f1d886025bb34292c0c32eafcfa4392657,DS-000233,未限定,DQ-STRUCT-001,结构解析异常汇总,0,0.000000,低,已执行,b1cff04cd631cccdc89b730aeea44654e93b7f797a4cf24d45b7e7f2c8c86a17,仅记录，不修改原始数据
audit-20260728T230058+0800,dq-rules-1.0,79579fff3c04192841d87515a8af667e4550ab6616088807a47e0eb0410433b7,019010d64fe47d89c81bfaedafd458f1d886025bb34292c0c32eafcfa4392657,DS-000234,未限定,DQ-STRUCT-001,结构解析异常汇总,0,0.000000,低,已执行,83cd3d6386a395d6c7827a3b4a3bc0c46427719b3ce5e07be08b687bdc501804,仅记录，不修改原始数据
audit-20260728T230058+0800,dq-rules-1.0,79579fff3c04192841d87515a8af667e4550ab6616088807a47e0eb0410433b7,019010d64fe47d89c81bfaedafd458f1d886025bb34292c0c32eafcfa4392657,DS-000235,未限定,DQ-STRUCT-001,结构解析异常汇总,0,0.000000,低,已执行,81c1b7a635d173e874a6a5f4681ef1cc227a5083a06e3d0effd3c52166bb0fe3,仅记录，不修改原始数据
audit-20260728T230058+0800,dq-rules-1.0,79579fff3c04192841d87515a8af667e4550ab6616088807a47e0eb0410433b7,019010d64fe47d89c81bfaedafd458f1d886025bb34292c0c32eafcfa4392657,DS-000236,未限定,DQ-STRUCT-001,结构解析异常汇总,0,0.000000,低,已执行,d7ea5375704ceb4a305592f8bf741ea046a7caed4817b7327f6719e0818a8821,仅记录，不修改原始数据
audit-20260728T230058+0800,dq-rules-1.0,79579fff3c04192841d87515a8af667e4550ab6616088807a47e0eb0410433b7,019010d64fe47d89c81bfaedafd458f1d886025bb34292c0c32eafcfa4392657,DS-000237,未限定,DQ-STRUCT-001,结构解析异常汇总,0,0.000000,低,已执行,6612c008595904d73ba32ad32d4bfd67869c58490ae86acf9ecda7282facbce0,仅记录，不修改原始数据
audit-20260728T230058+0800,dq-rules-1.0,79579fff3c04192841d87515a8af667e4550ab6616088807a47e0eb0410433b7,019010d64fe47d89c81bfaedafd458f1d886025bb34292c0c32eafcfa4392657,DS-000238,未限定,DQ-STRUCT-001,结构解析异常汇总,0,0.000000,低,已执行,e88fac735d9382e7f579210d64d8ad991d7806f88392fc55d24cb0aac53a3265,仅记录，不修改原始数据
audit-20260728T230058+0800,dq-rules-1.0,79579fff3c04192841d87515a8af667e4550ab6616088807a47e0eb0410433b7,019010d64fe47d89c81bfaedafd458f1d886025bb34292c0c32eafcfa4392657,DS-000239,未限定,DQ-STRUCT-001,结构解析异常汇总,0,0.000000,低,已执行,c6070bc3a8460fd2746e145d19e01f07e35405abbf57ba2ad8fca05ca93ac86c,仅记录，不修改原始数据
audit-20260728T230058+0800,dq-rules-1.0,79579fff3c04192841d87515a8af667e4550ab6616088807a47e0eb0410433b7,019010d64fe47d89c81bfaedafd458f1d886025bb34292c0c32eafcfa4392657,DS-000240,未限定,DQ-STRUCT-001,结构解析异常汇总,0,0.000000,低,已执行,47886d506061a061b604b977765ad6476933c649bc24cf2bfc0b81fd11deca47,仅记录，不修改原始数据
audit-20260728T230058+0800,dq-rules-1.0,79579fff3c04192841d87515a8af667e4550ab6616088807a47e0eb0410433b7,019010d64fe47d89c81bfaedafd458f1d886025bb34292c0c32eafcfa4392657,DS-000241,未限定,DQ-STRUCT-001,结构解析异常汇总,0,0.000000,低,已执行,d5b56ca712de409e198520a047aeb0991396062071ca96340a628c7c7710d635,仅记录，不修改原始数据
audit-20260728T230058+0800,dq-rules-1.0,79579fff3c04192841d87515a8af667e4550ab6616088807a47e0eb0410433b7,019010d64fe47d89c81bfaedafd458f1d886025bb34292c0c32eafcfa4392657,DS-000242,未限定,DQ-STRUCT-001,结构解析异常汇总,0,0.000000,低,已执行,02532526dbcd690d7e64027df738932350c620c04f64eca3e47a9ac0b15768d1,仅记录，不修改原始数据
audit-20260728T230058+0800,dq-rules-1.0,79579fff3c04192841d87515a8af667e4550ab6616088807a47e0eb0410433b7,019010d64fe47d89c81bfaedafd458f1d886025bb34292c0c32eafcfa4392657,DS-000243,未限定,DQ-STRUCT-001,结构解析异常汇总,0,0.000000,低,已执行,5408318de5bcd07d408fc95365eab2e7574c8a8a355eb6b76d80b2dc7228b2bc,仅记录，不修改原始数据
audit-20260728T230058+0800,dq-rules-1.0,79579fff3c04192841d87515a8af667e4550ab6616088807a47e0eb0410433b7,019010d64fe47d89c81bfaedafd458f1d886025bb34292c0c32eafcfa4392657,DS-000244,未限定,DQ-STRUCT-001,结构解析异常汇总,0,0.000000,低,已执行,7b42fc04524dec60403a4e7251e652ba9ee7c0dd9fa870216b2af0256c0e6e48,仅记录，不修改原始数据
audit-20260728T230058+0800,dq-rules-1.0,79579fff3c04192841d87515a8af667e4550ab6616088807a47e0eb0410433b7,019010d64fe47d89c81bfaedafd458f1d886025bb34292c0c32eafcfa4392657,DS-000245,未限定,DQ-STRUCT-001,结构解析异常汇总,0,0.000000,低,已执行,54d10e5eb7d653f7b7e2e4bb43a56b47f8b506492a95d0e2c91e7811001fad0a,仅记录，不修改原始数据
audit-20260728T230058+0800,dq-rules-1.0,79579fff3c04192841d87515a8af667e4550ab6616088807a47e0eb0410433b7,019010d64fe47d89c81bfaedafd458f1d886025bb34292c0c32eafcfa4392657,DS-000246,未限定,DQ-STRUCT-001,结构解析异常汇总,0,0.000000,低,已执行,e317effe267606763813e622a71f6cc9c3f22bc8d64a70b89e573ad0f659dd43,仅记录，不修改原始数据
audit-20260728T230058+0800,dq-rules-1.0,79579fff3c04192841d87515a8af667e4550ab6616088807a47e0eb0410433b7,019010d64fe47d89c81bfaedafd458f1d886025bb34292c0c32eafcfa4392657,DS-000247,未限定,DQ-STRUCT-001,结构解析异常汇总,0,0.000000,低,已执行,08326b8781402bc53ffe4d0253d692e93bdf51fea25ac164c11d10384fb85fbc,仅记录，不修改原始数据
audit-20260728T230058+0800,dq-rules-1.0,79579fff3c04192841d87515a8af667e4550ab6616088807a47e0eb0410433b7,019010d64fe47d89c81bfaedafd458f1d886025bb34292c0c32eafcfa4392657,DS-000248,未限定,DQ-STRUCT-001,结构解析异常汇总,0,0.000000,低,已执行,a50915d16346787f7e279992c5f1fa50b08af40dd817d6b139385f963d5b9d0d,仅记录，不修改原始数据
audit-20260728T230058+0800,dq-rules-1.0,79579fff3c04192841d87515a8af667e4550ab6616088807a47e0eb0410433b7,019010d64fe47d89c81bfaedafd458f1d886025bb34292c0c32eafcfa4392657,DS-000249,未限定,DQ-STRUCT-001,结构解析异常汇总,0,0.000000,低,已执行,a9c2aad703fecd99b0d27de2799e70fd781e416ed8e5602ece6e723d8a23b021,仅记录，不修改原始数据
audit-20260728T230058+0800,dq-rules-1.0,79579fff3c04192841d87515a8af667e4550ab6616088807a47e0eb0410433b7,019010d64fe47d89c81bfaedafd458f1d886025bb34292c0c32eafcfa4392657,DS-000250,未限定,DQ-STRUCT-001,结构解析异常汇总,0,0.000000,低,已执行,2ef9a300719e3d05dba97bf1fa65070a3c0a583e3fd87b000bdddf67f8217ace,仅记录，不修改原始数据
audit-20260728T230058+0800,dq-rules-1.0,79579fff3c04192841d87515a8af667e4550ab6616088807a47e0eb0410433b7,019010d64fe47d89c81bfaedafd458f1d886025bb34292c0c32eafcfa4392657,DS-000251,未限定,DQ-STRUCT-001,结构解析异常汇总,0,0.000000,低,已执行,590d1c7d5541494ace716ab74b93898589eded3d4c0819a30083ddb5aeadc4b7,仅记录，不修改原始数据
audit-20260728T230058+0800,dq-rules-1.0,79579fff3c04192841d87515a8af667e4550ab6616088807a47e0eb0410433b7,019010d64fe47d89c81bfaedafd458f1d886025bb34292c0c32eafcfa4392657,DS-000252,未限定,DQ-STRUCT-001,结构解析异常汇总,0,0.000000,低,已执行,28c31368b548dc8e7455fd0d6caf5e978409dd50fc29f12c4bdd1733cd76c6dc,仅记录，不修改原始数据
audit-20260728T230058+0800,dq-rules-1.0,79579fff3c04192841d87515a8af667e4550ab6616088807a47e0eb0410433b7,019010d64fe47d89c81bfaedafd458f1d886025bb34292c0c32eafcfa4392657,DS-000253,未限定,DQ-STRUCT-001,结构解析异常汇总,0,0.000000,低,已执行,673de38d5b5fb30e4922e301f1c0cc98a324db7cc7abdf172d12fdbc11efe6c6,仅记录，不修改原始数据
audit-20260728T230058+0800,dq-rules-1.0,79579fff3c04192841d87515a8af667e4550ab6616088807a47e0eb0410433b7,019010d64fe47d89c81bfaedafd458f1d886025bb34292c0c32eafcfa4392657,DS-000254,未限定,DQ-STRUCT-001,结构解析异常汇总,0,0.000000,低,已执行,0d9aa286973a7fb6a43347f22632c5ce17fb76f25792dcc3b7d2e140806b80a1,仅记录，不修改原始数据
audit-20260728T230058+0800,dq-rules-1.0,79579fff3c04192841d87515a8af667e4550ab6616088807a47e0eb0410433b7,019010d64fe47d89c81bfaedafd458f1d886025bb34292c0c32eafcfa4392657,DS-000255,未限定,DQ-STRUCT-001,结构解析异常汇总,0,0.000000,低,已执行,fcd8422608fc216fe34a2a3ab5e8cdc96363b91237fbcdedc6e27a0cf1c2da9a,仅记录，不修改原始数据
audit-20260728T230058+0800,dq-rules-1.0,79579fff3c04192841d87515a8af667e4550ab6616088807a47e0eb0410433b7,019010d64fe47d89c81bfaedafd458f1d886025bb34292c0c32eafcfa4392657,DS-000256,未限定,DQ-STRUCT-001,结构解析异常汇总,0,0.000000,低,已执行,5cef90476a6fd3292fbd079ae8131a40ba808d1ebede344ebef371dd3d73b222,仅记录，不修改原始数据
audit-20260728T230058+0800,dq-rules-1.0,79579fff3c04192841d87515a8af667e4550ab6616088807a47e0eb0410433b7,019010d64fe47d89c81bfaedafd458f1d886025bb34292c0c32eafcfa4392657,DS-000257,未限定,DQ-STRUCT-001,结构解析异常汇总,0,0.000000,低,已执行,53088c42958f25d26bc67294756af1241aeb3915d8ae8d9280cdd51517d8594f,仅记录，不修改原始数据
audit-20260728T230058+0800,dq-rules-1.0,79579fff3c04192841d87515a8af667e4550ab6616088807a47e0eb0410433b7,019010d64fe47d89c81bfaedafd458f1d886025bb34292c0c32eafcfa4392657,DS-000258,未限定,DQ-STRUCT-001,结构解析异常汇总,0,0.000000,低,已执行,e5bb1b99db41b60a756c0e6fff608e76ea0a8fcc9e5749d61ce30dd2bc102c78,仅记录，不修改原始数据
audit-20260728T230058+0800,dq-rules-1.0,79579fff3c04192841d87515a8af667e4550ab6616088807a47e0eb0410433b7,019010d64fe47d89c81bfaedafd458f1d886025bb34292c0c32eafcfa4392657,DS-000259,未限定,DQ-STRUCT-001,结构解析异常汇总,0,0.000000,低,已执行,675ea5c97c593d37653a59d79588255df012e2abba410eea1c4b2cf8e22dfd64,仅记录，不修改原始数据
audit-20260728T230058+0800,dq-rules-1.0,79579fff3c04192841d87515a8af667e4550ab6616088807a47e0eb0410433b7,019010d64fe47d89c81bfaedafd458f1d886025bb34292c0c32eafcfa4392657,DS-000260,未限定,DQ-STRUCT-001,结构解析异常汇总,0,0.000000,低,已执行,74eddb1f706b9ea056d23f6d2db11bd0b5a064c9cdfce9b8430d6eef41405aed,仅记录，不修改原始数据
audit-20260728T230058+0800,dq-rules-1.0,79579fff3c04192841d87515a8af667e4550ab6616088807a47e0eb0410433b7,019010d64fe47d89c81bfaedafd458f1d886025bb34292c0c32eafcfa4392657,DS-000261,未限定,DQ-STRUCT-001,结构解析异常汇总,0,0.000000,低,已执行,fad0e3620507f0e868d6df559e6586471ed7a37944004b69f068f600520efc61,仅记录，不修改原始数据
audit-20260728T230058+0800,dq-rules-1.0,79579fff3c04192841d87515a8af667e4550ab6616088807a47e0eb0410433b7,019010d64fe47d89c81bfaedafd458f1d886025bb34292c0c32eafcfa4392657,DS-000262,未限定,DQ-STRUCT-001,结构解析异常汇总,0,0.000000,低,已执行,a2fa7edb6dfab2fb7850e927813a46a5a42be610744f8a3bf12494fae864db0f,仅记录，不修改原始数据
audit-20260728T230058+0800,dq-rules-1.0,79579fff3c04192841d87515a8af667e4550ab6616088807a47e0eb0410433b7,019010d64fe47d89c81bfaedafd458f1d886025bb34292c0c32eafcfa4392657,DS-000263,未限定,DQ-STRUCT-001,结构解析异常汇总,0,0.000000,低,已执行,f29f295c9747d51f9e7a0115840d53aec8dd9fdee288eff0494364caa96ea0f2,仅记录，不修改原始数据
audit-20260728T230058+0800,dq-rules-1.0,79579fff3c04192841d87515a8af667e4550ab6616088807a47e0eb0410433b7,019010d64fe47d89c81bfaedafd458f1d886025bb34292c0c32eafcfa4392657,DS-000264,未限定,DQ-STRUCT-001,结构解析异常汇总,0,0.000000,低,已执行,06dbb77078c2af91636fe26a6e6df1ed2ecb4db818146a2cb192d26e5d59a04b,仅记录，不修改原始数据
audit-20260728T230058+0800,dq-rules-1.0,79579fff3c04192841d87515a8af667e4550ab6616088807a47e0eb0410433b7,019010d64fe47d89c81bfaedafd458f1d886025bb34292c0c32eafcfa4392657,DS-000265,未限定,DQ-STRUCT-001,结构解析异常汇总,0,0.000000,低,已执行,864bc8f0a0f93d237e5927c61c72b1d3e452b5c8a5166587f4f9fa95aa519d8a,仅记录，不修改原始数据
audit-20260728T230058+0800,dq-rules-1.0,79579fff3c04192841d87515a8af667e4550ab6616088807a47e0eb0410433b7,019010d64fe47d89c81bfaedafd458f1d886025bb34292c0c32eafcfa4392657,DS-000266,未限定,DQ-STRUCT-001,结构解析异常汇总,0,0.000000,低,已执行,2984c79106d9671288ead999e029104ce40c2de7ba118a080013d7049ce15a20,仅记录，不修改原始数据
audit-20260728T230058+0800,dq-rules-1.0,79579fff3c04192841d87515a8af667e4550ab6616088807a47e0eb0410433b7,019010d64fe47d89c81bfaedafd458f1d886025bb34292c0c32eafcfa4392657,DS-000267,未限定,DQ-STRUCT-001,结构解析异常汇总,0,0.000000,低,已执行,ee97404452e3e34f8105a74594e23810a33aff0205b68ace72835dcaadbc107e,仅记录，不修改原始数据
audit-20260728T230058+0800,dq-rules-1.0,79579fff3c04192841d87515a8af667e4550ab6616088807a47e0eb0410433b7,019010d64fe47d89c81bfaedafd458f1d886025bb34292c0c32eafcfa4392657,DS-000268,未限定,DQ-STRUCT-001,结构解析异常汇总,0,0.000000,低,已执行,920c83c75fcb5d3923e9bd83857dedea372eadd9ae56a312613f5cfa3f6f2610,仅记录，不修改原始数据
audit-20260728T230058+0800,dq-rules-1.0,79579fff3c04192841d87515a8af667e4550ab6616088807a47e0eb0410433b7,019010d64fe47d89c81bfaedafd458f1d886025bb34292c0c32eafcfa4392657,DS-000269,未限定,DQ-STRUCT-001,结构解析异常汇总,0,0.000000,低,已执行,bd66f221911aa41549a2312a10f0e41c24a89749dc745bcd88753dcf00feab81,仅记录，不修改原始数据
audit-20260728T230058+0800,dq-rules-1.0,79579fff3c04192841d87515a8af667e4550ab6616088807a47e0eb0410433b7,019010d64fe47d89c81bfaedafd458f1d886025bb34292c0c32eafcfa4392657,DS-000270,未限定,DQ-STRUCT-001,结构解析异常汇总,0,0.000000,低,已执行,ae77f1f6d9b84ef2b6720b83f18d516904d54a04c5fc1378cd00107c931f2bc0,仅记录，不修改原始数据
audit-20260728T230058+0800,dq-rules-1.0,79579fff3c04192841d87515a8af667e4550ab6616088807a47e0eb0410433b7,019010d64fe47d89c81bfaedafd458f1d886025bb34292c0c32eafcfa4392657,DS-000271,未限定,DQ-STRUCT-001,结构解析异常汇总,0,0.000000,低,已执行,f9dcaba3ebd41334d8f37b4b74ba981286106fa7cb45d6080917c9729f9d54f7,仅记录，不修改原始数据
audit-20260728T230058+0800,dq-rules-1.0,79579fff3c04192841d87515a8af667e4550ab6616088807a47e0eb0410433b7,019010d64fe47d89c81bfaedafd458f1d886025bb34292c0c32eafcfa4392657,DS-000272,未限定,DQ-STRUCT-001,结构解析异常汇总,0,0.000000,低,已执行,b03e6a464d50dcd1062d475a6d0fc3fbba067aeda2c6a47e8589b6e1b606c972,仅记录，不修改原始数据
audit-20260728T230058+0800,dq-rules-1.0,79579fff3c04192841d87515a8af667e4550ab6616088807a47e0eb0410433b7,019010d64fe47d89c81bfaedafd458f1d886025bb34292c0c32eafcfa4392657,DS-000273,未限定,DQ-STRUCT-001,结构解析异常汇总,0,0.000000,低,已执行,979cc55c8fd14a877090ed4bff76ae84d674e71dd07da30d09cb6d9cfcb9cf3a,仅记录，不修改原始数据
audit-20260728T230058+0800,dq-rules-1.0,79579fff3c04192841d87515a8af667e4550ab6616088807a47e0eb0410433b7,019010d64fe47d89c81bfaedafd458f1d886025bb34292c0c32eafcfa4392657,DS-000274,未限定,DQ-STRUCT-001,结构解析异常汇总,0,0.000000,低,已执行,5118e31fb41c476af6d191ab750728f093b0804b06a23c1efba15e9aab6728e3,仅记录，不修改原始数据
audit-20260728T230058+0800,dq-rules-1.0,79579fff3c04192841d87515a8af667e4550ab6616088807a47e0eb0410433b7,019010d64fe47d89c81bfaedafd458f1d886025bb34292c0c32eafcfa4392657,DS-000275,未限定,DQ-STRUCT-001,结构解析异常汇总,0,0.000000,低,已执行,1f0363d29675d3578a288d8bf480c9a0a1de358a20b7f7a193435a595561fc66,仅记录，不修改原始数据
audit-20260728T230058+0800,dq-rules-1.0,79579fff3c04192841d87515a8af667e4550ab6616088807a47e0eb0410433b7,019010d64fe47d89c81bfaedafd458f1d886025bb34292c0c32eafcfa4392657,DS-000276,未限定,DQ-STRUCT-001,结构解析异常汇总,0,0.000000,低,已执行,4b3532c49932c23ad8baff778cdacf72de50ad074790c84f957fe07439310f81,仅记录，不修改原始数据
audit-20260728T230058+0800,dq-rules-1.0,79579fff3c04192841d87515a8af667e4550ab6616088807a47e0eb0410433b7,019010d64fe47d89c81bfaedafd458f1d886025bb34292c0c32eafcfa4392657,DS-000277,未限定,DQ-STRUCT-001,结构解析异常汇总,0,0.000000,低,已执行,a55017f5d38298909dd73f38e4cd95f7f9da7a18194f6c20772c32c9943e08b2,仅记录，不修改原始数据
audit-20260728T230058+0800,dq-rules-1.0,79579fff3c04192841d87515a8af667e4550ab6616088807a47e0eb0410433b7,019010d64fe47d89c81bfaedafd458f1d886025bb34292c0c32eafcfa4392657,DS-000278,未限定,DQ-STRUCT-001,结构解析异常汇总,0,0.000000,低,已执行,57499dbef56a1a5cf888bf4424f6c188ac07e39563df4cf5169b879443e13ee4,仅记录，不修改原始数据
audit-20260728T230058+0800,dq-rules-1.0,79579fff3c04192841d87515a8af667e4550ab6616088807a47e0eb0410433b7,019010d64fe47d89c81bfaedafd458f1d886025bb34292c0c32eafcfa4392657,DS-000279,未限定,DQ-STRUCT-001,结构解析异常汇总,0,0.000000,低,已执行,d8a36691ad130ddc92d52d600bedfe76871d5ff7069e921eefb590e4794e8118,仅记录，不修改原始数据
audit-20260728T230058+0800,dq-rules-1.0,79579fff3c04192841d87515a8af667e4550ab6616088807a47e0eb0410433b7,019010d64fe47d89c81bfaedafd458f1d886025bb34292c0c32eafcfa4392657,DS-000280,未限定,DQ-STRUCT-001,结构解析异常汇总,0,0.000000,低,已执行,166c541d148e056ee3c08866705acbf21db94d047ffd2ea6e8b817c872276c5f,仅记录，不修改原始数据
audit-20260728T230058+0800,dq-rules-1.0,79579fff3c04192841d87515a8af667e4550ab6616088807a47e0eb0410433b7,019010d64fe47d89c81bfaedafd458f1d886025bb34292c0c32eafcfa4392657,DS-000281,未限定,DQ-STRUCT-001,结构解析异常汇总,0,0.000000,低,已执行,463d386bc9e4520da69b017b453904eef5f239609cb5d18cdbcfb0425f024b29,仅记录，不修改原始数据
audit-20260728T230058+0800,dq-rules-1.0,79579fff3c04192841d87515a8af667e4550ab6616088807a47e0eb0410433b7,019010d64fe47d89c81bfaedafd458f1d886025bb34292c0c32eafcfa4392657,DS-000282,未限定,DQ-STRUCT-001,结构解析异常汇总,0,0.000000,低,已执行,097e9f6cb2d08dfa2d381e161c0a1eec7918e11556a432c7d0ab5900699ce4c1,仅记录，不修改原始数据
audit-20260728T230058+0800,dq-rules-1.0,79579fff3c04192841d87515a8af667e4550ab6616088807a47e0eb0410433b7,019010d64fe47d89c81bfaedafd458f1d886025bb34292c0c32eafcfa4392657,DS-000283,未限定,DQ-STRUCT-001,结构解析异常汇总,0,0.000000,低,已执行,5f121631ea94527cded05b8da06ee73f9dac797a1d61d78378793eef88b88a4e,仅记录，不修改原始数据
audit-20260728T230058+0800,dq-rules-1.0,79579fff3c04192841d87515a8af667e4550ab6616088807a47e0eb0410433b7,019010d64fe47d89c81bfaedafd458f1d886025bb34292c0c32eafcfa4392657,DS-000284,未限定,DQ-STRUCT-001,结构解析异常汇总,0,0.000000,低,已执行,86858e5612116a01c71109ba9d4fbd3814f0c442fbaa6c40b4d5b4ba17cbc1ab,仅记录，不修改原始数据
audit-20260728T230058+0800,dq-rules-1.0,79579fff3c04192841d87515a8af667e4550ab6616088807a47e0eb0410433b7,019010d64fe47d89c81bfaedafd458f1d886025bb34292c0c32eafcfa4392657,DS-000285,未限定,DQ-STRUCT-001,结构解析异常汇总,0,0.000000,低,已执行,6fe840820ecabe4cb8550d0e80399ee17bd8de00c7201c2d1e6f9689359834ba,仅记录，不修改原始数据
audit-20260728T230058+0800,dq-rules-1.0,79579fff3c04192841d87515a8af667e4550ab6616088807a47e0eb0410433b7,019010d64fe47d89c81bfaedafd458f1d886025bb34292c0c32eafcfa4392657,DS-000286,未限定,DQ-STRUCT-001,结构解析异常汇总,0,0.000000,低,已执行,baf456c42dd8472993f305b73ac9a3c3bd10303053122e73ed6ab6f0ea64c2e2,仅记录，不修改原始数据
audit-20260728T230058+0800,dq-rules-1.0,79579fff3c04192841d87515a8af667e4550ab6616088807a47e0eb0410433b7,019010d64fe47d89c81bfaedafd458f1d886025bb34292c0c32eafcfa4392657,DS-000287,未限定,DQ-STRUCT-001,结构解析异常汇总,0,0.000000,低,已执行,ca9d9687bdcb45b687debe2d2ab94118ad879f3c2927ea9f31e842e3b2dec53b,仅记录，不修改原始数据
audit-20260728T230058+0800,dq-rules-1.0,79579fff3c04192841d87515a8af667e4550ab6616088807a47e0eb0410433b7,019010d64fe47d89c81bfaedafd458f1d886025bb34292c0c32eafcfa4392657,DS-000288,未限定,DQ-STRUCT-001,结构解析异常汇总,0,0.000000,低,已执行,e022069e928f3bba65bc67a05d81415645417ee83172504567b8b26822a9d160,仅记录，不修改原始数据
audit-20260728T230058+0800,dq-rules-1.0,79579fff3c04192841d87515a8af667e4550ab6616088807a47e0eb0410433b7,019010d64fe47d89c81bfaedafd458f1d886025bb34292c0c32eafcfa4392657,DS-000289,未限定,DQ-STRUCT-001,结构解析异常汇总,0,0.000000,低,已执行,b20f81d0a6bba3519ece6c5cdadd98e6f2cd5b96a942cb803131375d2c995fac,仅记录，不修改原始数据
audit-20260728T230058+0800,dq-rules-1.0,79579fff3c04192841d87515a8af667e4550ab6616088807a47e0eb0410433b7,019010d64fe47d89c81bfaedafd458f1d886025bb34292c0c32eafcfa4392657,DS-000290,未限定,DQ-STRUCT-001,结构解析异常汇总,0,0.000000,低,已执行,1bbc5e5e077bf8cd4e267b97eb6536115313e9d0fb541596ecc453a82d357693,仅记录，不修改原始数据
audit-20260728T230058+0800,dq-rules-1.0,79579fff3c04192841d87515a8af667e4550ab6616088807a47e0eb0410433b7,019010d64fe47d89c81bfaedafd458f1d886025bb34292c0c32eafcfa4392657,DS-000291,未限定,DQ-STRUCT-001,结构解析异常汇总,0,0.000000,低,已执行,42b493fdf8a1a5067a4f904108b83cfadbcb9f49ff096264a2e6acc27f656ed1,仅记录，不修改原始数据
audit-20260728T230058+0800,dq-rules-1.0,79579fff3c04192841d87515a8af667e4550ab6616088807a47e0eb0410433b7,019010d64fe47d89c81bfaedafd458f1d886025bb34292c0c32eafcfa4392657,DS-000292,未限定,DQ-STRUCT-001,结构解析异常汇总,0,0.000000,低,已执行,513f05a3c9f6bd1df1e9f2ddf8d22f9923ac4f4264f25af9185dc7de4e34f4e7,仅记录，不修改原始数据
audit-20260728T230058+0800,dq-rules-1.0,79579fff3c04192841d87515a8af667e4550ab6616088807a47e0eb0410433b7,019010d64fe47d89c81bfaedafd458f1d886025bb34292c0c32eafcfa4392657,DS-000293,未限定,DQ-STRUCT-001,结构解析异常汇总,0,0.000000,低,已执行,4e7706d9f6aea5020e3c582211430e04e8a4fd1159cec00783c7f1d758313df4,仅记录，不修改原始数据
audit-20260728T230058+0800,dq-rules-1.0,79579fff3c04192841d87515a8af667e4550ab6616088807a47e0eb0410433b7,019010d64fe47d89c81bfaedafd458f1d886025bb34292c0c32eafcfa4392657,DS-000294,未限定,DQ-STRUCT-001,结构解析异常汇总,0,0.000000,低,已执行,897beb86f5e7738a5340d0b90aaaff972bed477fe1d0da482a2e09cc991dfac7,仅记录，不修改原始数据
audit-20260728T230058+0800,dq-rules-1.0,79579fff3c04192841d87515a8af667e4550ab6616088807a47e0eb0410433b7,019010d64fe47d89c81bfaedafd458f1d886025bb34292c0c32eafcfa4392657,DS-000295,未限定,DQ-STRUCT-001,结构解析异常汇总,0,0.000000,低,已执行,ef644ad1d02902da7279576ed57b748e32ea35c543e6366f4fd68b093685f3ba,仅记录，不修改原始数据
audit-20260728T230058+0800,dq-rules-1.0,79579fff3c04192841d87515a8af667e4550ab6616088807a47e0eb0410433b7,019010d64fe47d89c81bfaedafd458f1d886025bb34292c0c32eafcfa4392657,DS-000296,未限定,DQ-STRUCT-001,结构解析异常汇总,0,0.000000,低,已执行,94e277e9089e627adb4d12aa2c33355a4da91ff48ce4655bafb468614ac32d16,仅记录，不修改原始数据
audit-20260728T230058+0800,dq-rules-1.0,79579fff3c04192841d87515a8af667e4550ab6616088807a47e0eb0410433b7,019010d64fe47d89c81bfaedafd458f1d886025bb34292c0c32eafcfa4392657,DS-000297,未限定,DQ-STRUCT-001,结构解析异常汇总,0,0.000000,低,已执行,2fe39cea474e9d12959b9042298c0d7708f2a19ce47a46d189094987159862a5,仅记录，不修改原始数据
audit-20260728T230058+0800,dq-rules-1.0,79579fff3c04192841d87515a8af667e4550ab6616088807a47e0eb0410433b7,019010d64fe47d89c81bfaedafd458f1d886025bb34292c0c32eafcfa4392657,DS-000298,未限定,DQ-STRUCT-001,结构解析异常汇总,0,0.000000,低,已执行,f4a97765bb3bb1f764439e1257206dfb546f637b72ca0ec8c57bdd839b66520a,仅记录，不修改原始数据
audit-20260728T230058+0800,dq-rules-1.0,79579fff3c04192841d87515a8af667e4550ab6616088807a47e0eb0410433b7,019010d64fe47d89c81bfaedafd458f1d886025bb34292c0c32eafcfa4392657,DS-000299,未限定,DQ-STRUCT-001,结构解析异常汇总,0,0.000000,低,已执行,be50f797623f71036e806ae85e3d296d7067b117407f564250a06669bafbe7e9,仅记录，不修改原始数据
audit-20260728T230058+0800,dq-rules-1.0,79579fff3c04192841d87515a8af667e4550ab6616088807a47e0eb0410433b7,019010d64fe47d89c81bfaedafd458f1d886025bb34292c0c32eafcfa4392657,DS-000300,未限定,DQ-STRUCT-001,结构解析异常汇总,0,0.000000,低,已执行,6780905c337d048e4b7798862f92eba0278cf60a6d5d9fad280966d6aaf7bc8f,仅记录，不修改原始数据
audit-20260728T230058+0800,dq-rules-1.0,79579fff3c04192841d87515a8af667e4550ab6616088807a47e0eb0410433b7,019010d64fe47d89c81bfaedafd458f1d886025bb34292c0c32eafcfa4392657,DS-000301,未限定,DQ-STRUCT-001,结构解析异常汇总,0,0.000000,低,已执行,68f5f4f8cafdf003ad53361f5d97752fd335b28b9578459de1410a3379af6ec6,仅记录，不修改原始数据
audit-20260728T230058+0800,dq-rules-1.0,79579fff3c04192841d87515a8af667e4550ab6616088807a47e0eb0410433b7,019010d64fe47d89c81bfaedafd458f1d886025bb34292c0c32eafcfa4392657,DS-000302,未限定,DQ-STRUCT-001,结构解析异常汇总,0,0.000000,低,已执行,485c7a18f1361f395480d550d9f48fda3e7a531c53a7a72ebc4588684bd896e5,仅记录，不修改原始数据
audit-20260728T230058+0800,dq-rules-1.0,79579fff3c04192841d87515a8af667e4550ab6616088807a47e0eb0410433b7,019010d64fe47d89c81bfaedafd458f1d886025bb34292c0c32eafcfa4392657,DS-000303,未限定,DQ-STRUCT-001,结构解析异常汇总,0,0.000000,低,已执行,46765675ddcda751a6c478a5db900f60acbe24d8ef436834a151c0a1336f3b72,仅记录，不修改原始数据
audit-20260728T230058+0800,dq-rules-1.0,79579fff3c04192841d87515a8af667e4550ab6616088807a47e0eb0410433b7,019010d64fe47d89c81bfaedafd458f1d886025bb34292c0c32eafcfa4392657,DS-000304,未限定,DQ-STRUCT-001,结构解析异常汇总,0,0.000000,低,已执行,b25e5bb5472f295fb7e79d5f4514a6a48b23bc5770a23e33291ec40ade2b2315,仅记录，不修改原始数据
audit-20260728T230058+0800,dq-rules-1.0,79579fff3c04192841d87515a8af667e4550ab6616088807a47e0eb0410433b7,019010d64fe47d89c81bfaedafd458f1d886025bb34292c0c32eafcfa4392657,DS-000305,未限定,DQ-STRUCT-001,结构解析异常汇总,0,0.000000,低,已执行,3ae9a63f7c97a80face78c08fde66c94adb8b789d1e3adacc66dc4af1ff9f148,仅记录，不修改原始数据
audit-20260728T230058+0800,dq-rules-1.0,79579fff3c04192841d87515a8af667e4550ab6616088807a47e0eb0410433b7,019010d64fe47d89c81bfaedafd458f1d886025bb34292c0c32eafcfa4392657,DS-000306,未限定,DQ-STRUCT-001,结构解析异常汇总,0,0.000000,低,已执行,a3f2e911722f04344a2aba79cfebb8e58c25eb57f6ef8c60d69e4f1dbb1068a2,仅记录，不修改原始数据
audit-20260728T230058+0800,dq-rules-1.0,79579fff3c04192841d87515a8af667e4550ab6616088807a47e0eb0410433b7,019010d64fe47d89c81bfaedafd458f1d886025bb34292c0c32eafcfa4392657,DS-000307,未限定,DQ-STRUCT-001,结构解析异常汇总,0,0.000000,低,已执行,d6a8442cabb92d7b52ab3d670ea261dd0da6a5ef7b51f1975b6850c580519e9f,仅记录，不修改原始数据
audit-20260728T230058+0800,dq-rules-1.0,79579fff3c04192841d87515a8af667e4550ab6616088807a47e0eb0410433b7,019010d64fe47d89c81bfaedafd458f1d886025bb34292c0c32eafcfa4392657,DS-000308,未限定,DQ-STRUCT-001,结构解析异常汇总,0,0.000000,低,已执行,5f62124510bc5c2a99ef4634b15d3056a7683746771dd9dd4058d226fdd56f2b,仅记录，不修改原始数据
audit-20260728T230058+0800,dq-rules-1.0,79579fff3c04192841d87515a8af667e4550ab6616088807a47e0eb0410433b7,019010d64fe47d89c81bfaedafd458f1d886025bb34292c0c32eafcfa4392657,DS-000309,未限定,DQ-STRUCT-001,结构解析异常汇总,0,0.000000,低,已执行,53337e862426f34becd091ef898dc0a5e781cf307c793c1503ab7cf2c65f8f50,仅记录，不修改原始数据
audit-20260728T230058+0800,dq-rules-1.0,79579fff3c04192841d87515a8af667e4550ab6616088807a47e0eb0410433b7,019010d64fe47d89c81bfaedafd458f1d886025bb34292c0c32eafcfa4392657,DS-000310,未限定,DQ-STRUCT-001,结构解析异常汇总,0,0.000000,低,已执行,ffa2b3f273a02c59bbce8796bf5eed6e351bc72bd3b807f778adb0ce7108739c,仅记录，不修改原始数据
audit-20260728T230058+0800,dq-rules-1.0,79579fff3c04192841d87515a8af667e4550ab6616088807a47e0eb0410433b7,019010d64fe47d89c81bfaedafd458f1d886025bb34292c0c32eafcfa4392657,DS-000311,未限定,DQ-STRUCT-001,结构解析异常汇总,0,0.000000,低,已执行,9038cb1abe02e51415f01a0a4ced8be412fea2ca167bc9313fa166c323193c2d,仅记录，不修改原始数据
audit-20260728T230058+0800,dq-rules-1.0,79579fff3c04192841d87515a8af667e4550ab6616088807a47e0eb0410433b7,019010d64fe47d89c81bfaedafd458f1d886025bb34292c0c32eafcfa4392657,DS-000312,未限定,DQ-STRUCT-001,结构解析异常汇总,0,0.000000,低,已执行,9a1d68be989b6d8f866eb644acae56d6dab808afabf73c688e9296e38a1b8db0,仅记录，不修改原始数据
audit-20260728T230058+0800,dq-rules-1.0,79579fff3c04192841d87515a8af667e4550ab6616088807a47e0eb0410433b7,019010d64fe47d89c81bfaedafd458f1d886025bb34292c0c32eafcfa4392657,DS-000313,未限定,DQ-STRUCT-001,结构解析异常汇总,0,0.000000,低,已执行,b108f81e746283c340ac45e8d43067142f7143e69766d9fe641f5bf8d1d0ac2e,仅记录，不修改原始数据
audit-20260728T230058+0800,dq-rules-1.0,79579fff3c04192841d87515a8af667e4550ab6616088807a47e0eb0410433b7,019010d64fe47d89c81bfaedafd458f1d886025bb34292c0c32eafcfa4392657,DS-000314,未限定,DQ-STRUCT-001,结构解析异常汇总,0,0.000000,低,已执行,4a0b3bd040a5ec9755e85eefbb4bff204a600bac5a116f4353defb133f29426c,仅记录，不修改原始数据
audit-20260728T230058+0800,dq-rules-1.0,79579fff3c04192841d87515a8af667e4550ab6616088807a47e0eb0410433b7,019010d64fe47d89c81bfaedafd458f1d886025bb34292c0c32eafcfa4392657,DS-000315,未限定,DQ-STRUCT-001,结构解析异常汇总,0,0.000000,低,已执行,c61582375b213dba9f3fd4af3b1bc7f7c33b9e91c1d7420db57dcb0f6962fd4f,仅记录，不修改原始数据
audit-20260728T230058+0800,dq-rules-1.0,79579fff3c04192841d87515a8af667e4550ab6616088807a47e0eb0410433b7,019010d64fe47d89c81bfaedafd458f1d886025bb34292c0c32eafcfa4392657,DS-000316,未限定,DQ-STRUCT-001,结构解析异常汇总,0,0.000000,低,已执行,a79c761678f7cf6f44c0cc8ec3efaeca25153805c06008ae35d7e26b3c7f062b,仅记录，不修改原始数据
